# SPDX-FileCopyrightText: 2026 Anton Lem <antonlem78@gmail.com>
# SPDX-License-Identifier: Apache-2.0
# JMH version: 1.37
# VM version: JDK 21.0.8, OpenJDK 64-Bit Server VM, 21.0.8+9-LTS
# VM invoker: C:\Program Files\Microsoft\jdk-21.0.8.9-hotspot\bin\java.exe
# VM options: -Xms1g -Xmx1g -XX:+UseG1GC -Dfile.encoding=UTF-8 -Duser.language=en -Duser.country=US -Duser.timezone=UTC -Dprinter.lab.corpus=W:\JHarmonizer\core\printer-lab\target\measurement-0f6aa72d\baseline-run\corpus
# Blackhole mode: compiler (auto-detected, use -Djmh.blackhole.autoDetect=false to disable)
# Warmup: 5 iterations, 1 s each
# Measurement: 5 iterations, 2 s each
# Timeout: 10 min per iteration
# Threads: 2 threads, will synchronize iterations
# Benchmark mode: Throughput, ops/time
# Benchmark: io.github.lemon_ant.jharmonizer.printerlab.PrinterBenchmark.serialize
# Parameters: (workload = fixtures)

# Run progress: 0.00% complete, ETA 00:03:00
# Fork: 1 of 3
Picked up JAVA_TOOL_OPTIONS: -Dfile.encoding=UTF-8
# Warmup Iteration   1: 252.172 ops/s
# Warmup Iteration   2: 210.283 ops/s
# Warmup Iteration   3: 253.050 ops/s
# Warmup Iteration   4: 341.077 ops/s
# Warmup Iteration   5: 442.038 ops/s
Iteration   1: 629.619 ops/s
                 gc.alloc.rate:                                 311.664 MB/sec
                 gc.alloc.rate.norm:                            520197.926 B/op
                 gc.count:                                      1.000 counts
                 gc.time:                                       10.000 ms
                 mempool.CodeHeap 'non-nmethods'.used:          1620.125 KiB
                 mempool.CodeHeap 'non-profiled nmethods'.used: 4059.125 KiB
                 mempool.CodeHeap 'profiled nmethods'.used:     11794.500 KiB
                 mempool.Compressed Class Space.used:           3830.086 KiB
                 mempool.G1 Eden Space.used:                    620544.000 KiB
                 mempool.G1 Old Gen.used:                       8313.266 KiB
                 mempool.G1 Survivor Space.used:                8362.125 KiB
                 mempool.Metaspace.used:                        33190.695 KiB
                 mempool.total.codeheap.used:                   17473.750 KiB
                 mempool.total.used:                            691713.922 KiB

Iteration   2: 1097.287 ops/s
                 gc.alloc.rate:                                 542.706 MB/sec
                 gc.alloc.rate.norm:                            519622.194 B/op
                 gc.count:                                      2.000 counts
                 gc.time:                                       18.000 ms
                 mempool.CodeHeap 'non-nmethods'.used:          1632.000 KiB
                 mempool.CodeHeap 'non-profiled nmethods'.used: 4363.000 KiB
                 mempool.CodeHeap 'profiled nmethods'.used:     11824.750 KiB
                 mempool.Compressed Class Space.used:           3831.148 KiB
                 mempool.G1 Eden Space.used:                    620544.000 KiB
                 mempool.G1 Old Gen.used:                       8313.266 KiB
                 mempool.G1 Survivor Space.used:                8362.125 KiB
                 mempool.Metaspace.used:                        33199.914 KiB
                 mempool.total.codeheap.used:                   17819.750 KiB
                 mempool.total.used:                            692070.203 KiB

Iteration   3: 1688.364 ops/s
                 gc.alloc.rate:                                 835.980 MB/sec
                 gc.alloc.rate.norm:                            519513.449 B/op
                 gc.count:                                      3.000 counts
                 gc.time:                                       24.000 ms
                 mempool.CodeHeap 'non-nmethods'.used:          1652.750 KiB
                 mempool.CodeHeap 'non-profiled nmethods'.used: 4620.125 KiB
                 mempool.CodeHeap 'profiled nmethods'.used:     11838.500 KiB
                 mempool.Compressed Class Space.used:           3831.148 KiB
                 mempool.G1 Eden Space.used:                    620544.000 KiB
                 mempool.G1 Old Gen.used:                       8313.266 KiB
                 mempool.G1 Survivor Space.used:                8192.000 KiB
                 mempool.Metaspace.used:                        33206.758 KiB
                 mempool.total.codeheap.used:                   18111.375 KiB
                 mempool.total.used:                            692198.547 KiB

Iteration   4: 1391.198 ops/s
                 gc.alloc.rate:                                 688.136 MB/sec
                 gc.alloc.rate.norm:                            519411.387 B/op
                 gc.count:                                      2.000 counts
                 gc.time:                                       26.000 ms
                 mempool.CodeHeap 'non-nmethods'.used:          1635.750 KiB
                 mempool.CodeHeap 'non-profiled nmethods'.used: 4791.500 KiB
                 mempool.CodeHeap 'profiled nmethods'.used:     11852.000 KiB
                 mempool.Compressed Class Space.used:           3831.148 KiB
                 mempool.G1 Eden Space.used:                    620544.000 KiB
                 mempool.G1 Old Gen.used:                       8313.266 KiB
                 mempool.G1 Survivor Space.used:                8192.000 KiB
                 mempool.Metaspace.used:                        33214.750 KiB
                 mempool.total.codeheap.used:                   18279.250 KiB
                 mempool.total.used:                            692374.414 KiB

Iteration   5: 1203.764 ops/s
                 gc.alloc.rate:                                 589.298 MB/sec
                 gc.alloc.rate.norm:                            524972.993 B/op
                 gc.count:                                      2.000 counts
                 gc.time:                                       16.000 ms
                 mempool.CodeHeap 'non-nmethods'.used:          1632.625 KiB
                 mempool.CodeHeap 'non-profiled nmethods'.used: 5042.500 KiB
                 mempool.CodeHeap 'profiled nmethods'.used:     11970.750 KiB
                 mempool.Compressed Class Space.used:           3831.656 KiB
                 mempool.G1 Eden Space.used:                    620544.000 KiB
                 mempool.G1 Old Gen.used:                       8313.266 KiB
                 mempool.G1 Survivor Space.used:                8192.000 KiB
                 mempool.Metaspace.used:                        33232.625 KiB
                 mempool.total.codeheap.used:                   18645.875 KiB
                 mempool.total.used:                            692759.422 KiB


# Run progress: 8.33% complete, ETA 00:04:25
# Fork: 2 of 3
Picked up JAVA_TOOL_OPTIONS: -Dfile.encoding=UTF-8
# Warmup Iteration   1: 224.914 ops/s
# Warmup Iteration   2: 355.617 ops/s
# Warmup Iteration   3: 398.005 ops/s
# Warmup Iteration   4: 504.133 ops/s
# Warmup Iteration   5: 771.438 ops/s
Iteration   1: 1078.549 ops/s
                 gc.alloc.rate:                                 534.897 MB/sec
                 gc.alloc.rate.norm:                            520612.963 B/op
                 gc.count:                                      2.000 counts
                 gc.time:                                       17.000 ms
                 mempool.CodeHeap 'non-nmethods'.used:          1628.375 KiB
                 mempool.CodeHeap 'non-profiled nmethods'.used: 4010.000 KiB
                 mempool.CodeHeap 'profiled nmethods'.used:     11886.625 KiB
                 mempool.Compressed Class Space.used:           3823.430 KiB
                 mempool.G1 Eden Space.used:                    620544.000 KiB
                 mempool.G1 Old Gen.used:                       8785.859 KiB
                 mempool.G1 Survivor Space.used:                8192.000 KiB
                 mempool.Metaspace.used:                        33153.523 KiB
                 mempool.total.codeheap.used:                   17525.000 KiB
                 mempool.total.used:                            692023.813 KiB

Iteration   2: 1260.038 ops/s
                 gc.alloc.rate:                                 624.754 MB/sec
                 gc.alloc.rate.norm:                            520069.143 B/op
                 gc.count:                                      2.000 counts
                 gc.time:                                       19.000 ms
                 mempool.CodeHeap 'non-nmethods'.used:          1654.875 KiB
                 mempool.CodeHeap 'non-profiled nmethods'.used: 4432.875 KiB
                 mempool.CodeHeap 'profiled nmethods'.used:     11924.500 KiB
                 mempool.Compressed Class Space.used:           3824.492 KiB
                 mempool.G1 Eden Space.used:                    620544.000 KiB
                 mempool.G1 Old Gen.used:                       8785.859 KiB
                 mempool.G1 Survivor Space.used:                8037.883 KiB
                 mempool.Metaspace.used:                        33169.523 KiB
                 mempool.total.codeheap.used:                   18012.250 KiB
                 mempool.total.used:                            692374.008 KiB

Iteration   3: 1695.826 ops/s
                 gc.alloc.rate:                                 840.480 MB/sec
                 gc.alloc.rate.norm:                            519970.189 B/op
                 gc.count:                                      3.000 counts
                 gc.time:                                       23.000 ms
                 mempool.CodeHeap 'non-nmethods'.used:          1632.125 KiB
                 mempool.CodeHeap 'non-profiled nmethods'.used: 4597.000 KiB
                 mempool.CodeHeap 'profiled nmethods'.used:     11932.125 KiB
                 mempool.Compressed Class Space.used:           3824.492 KiB
                 mempool.G1 Eden Space.used:                    620544.000 KiB
                 mempool.G1 Old Gen.used:                       8785.859 KiB
                 mempool.G1 Survivor Space.used:                8037.883 KiB
                 mempool.Metaspace.used:                        33171.719 KiB
                 mempool.total.codeheap.used:                   18161.250 KiB
                 mempool.total.used:                            692525.203 KiB

Iteration   4: 1153.041 ops/s
                 gc.alloc.rate:                                 570.952 MB/sec
                 gc.alloc.rate.norm:                            519844.945 B/op
                 gc.count:                                      2.000 counts
                 gc.time:                                       14.000 ms
                 mempool.CodeHeap 'non-nmethods'.used:          1626.000 KiB
                 mempool.CodeHeap 'non-profiled nmethods'.used: 4823.875 KiB
                 mempool.CodeHeap 'profiled nmethods'.used:     11956.125 KiB
                 mempool.Compressed Class Space.used:           3824.492 KiB
                 mempool.G1 Eden Space.used:                    620544.000 KiB
                 mempool.G1 Old Gen.used:                       8785.859 KiB
                 mempool.G1 Survivor Space.used:                7898.961 KiB
                 mempool.Metaspace.used:                        33184.891 KiB
                 mempool.total.codeheap.used:                   18406.000 KiB
                 mempool.total.used:                            692644.203 KiB

Iteration   5: 1955.353 ops/s
                 gc.alloc.rate:                                 956.454 MB/sec
                 gc.alloc.rate.norm:                            523282.914 B/op
                 gc.count:                                      3.000 counts
                 gc.time:                                       26.000 ms
                 mempool.CodeHeap 'non-nmethods'.used:          1599.875 KiB
                 mempool.CodeHeap 'non-profiled nmethods'.used: 4837.125 KiB
                 mempool.CodeHeap 'profiled nmethods'.used:     12044.500 KiB
                 mempool.Compressed Class Space.used:           3825.000 KiB
                 mempool.G1 Eden Space.used:                    620544.000 KiB
                 mempool.G1 Old Gen.used:                       10940.789 KiB
                 mempool.G1 Survivor Space.used:                8192.000 KiB
                 mempool.Metaspace.used:                        33207.281 KiB
                 mempool.total.codeheap.used:                   18481.500 KiB
                 mempool.total.used:                            695190.570 KiB


# Run progress: 16.67% complete, ETA 00:04:01
# Fork: 3 of 3
Picked up JAVA_TOOL_OPTIONS: -Dfile.encoding=UTF-8
# Warmup Iteration   1: 211.970 ops/s
# Warmup Iteration   2: 331.932 ops/s
# Warmup Iteration   3: 236.653 ops/s
# Warmup Iteration   4: 221.215 ops/s
# Warmup Iteration   5: 394.621 ops/s
Iteration   1: 792.128 ops/s
                 gc.alloc.rate:                                 393.099 MB/sec
                 gc.alloc.rate.norm:                            520783.808 B/op
                 gc.count:                                      1.000 counts
                 gc.time:                                       12.000 ms
                 mempool.CodeHeap 'non-nmethods'.used:          1632.750 KiB
                 mempool.CodeHeap 'non-profiled nmethods'.used: 4025.500 KiB
                 mempool.CodeHeap 'profiled nmethods'.used:     12011.250 KiB
                 mempool.Compressed Class Space.used:           3830.969 KiB
                 mempool.G1 Eden Space.used:                    620544.000 KiB
                 mempool.G1 Old Gen.used:                       8650.500 KiB
                 mempool.G1 Survivor Space.used:                8192.000 KiB
                 mempool.Metaspace.used:                        33239.625 KiB
                 mempool.total.codeheap.used:                   17669.500 KiB
                 mempool.total.used:                            692126.594 KiB

Iteration   2: 1218.152 ops/s
                 gc.alloc.rate:                                 603.615 MB/sec
                 gc.alloc.rate.norm:                            519945.267 B/op
                 gc.count:                                      2.000 counts
                 gc.time:                                       17.000 ms
                 mempool.CodeHeap 'non-nmethods'.used:          1621.625 KiB
                 mempool.CodeHeap 'non-profiled nmethods'.used: 4223.250 KiB
                 mempool.CodeHeap 'profiled nmethods'.used:     12046.625 KiB
                 mempool.Compressed Class Space.used:           3832.031 KiB
                 mempool.G1 Eden Space.used:                    620544.000 KiB
                 mempool.G1 Old Gen.used:                       8650.500 KiB
                 mempool.G1 Survivor Space.used:                8192.000 KiB
                 mempool.Metaspace.used:                        33255.203 KiB
                 mempool.total.codeheap.used:                   17891.500 KiB
                 mempool.total.used:                            692365.234 KiB

Iteration   3: 1317.202 ops/s
                 gc.alloc.rate:                                 652.086 MB/sec
                 gc.alloc.rate.norm:                            519861.477 B/op
                 gc.count:                                      2.000 counts
                 gc.time:                                       19.000 ms
                 mempool.CodeHeap 'non-nmethods'.used:          1625.875 KiB
                 mempool.CodeHeap 'non-profiled nmethods'.used: 4434.375 KiB
                 mempool.CodeHeap 'profiled nmethods'.used:     12054.000 KiB
                 mempool.Compressed Class Space.used:           3832.031 KiB
                 mempool.G1 Eden Space.used:                    620544.000 KiB
                 mempool.G1 Old Gen.used:                       8650.500 KiB
                 mempool.G1 Survivor Space.used:                8192.000 KiB
                 mempool.Metaspace.used:                        33257.398 KiB
                 mempool.total.codeheap.used:                   18114.250 KiB
                 mempool.total.used:                            692590.180 KiB

Iteration   4: 1239.403 ops/s
                 gc.alloc.rate:                                 613.067 MB/sec
                 gc.alloc.rate.norm:                            519685.818 B/op
                 gc.count:                                      2.000 counts
                 gc.time:                                       18.000 ms
                 mempool.CodeHeap 'non-nmethods'.used:          1626.250 KiB
                 mempool.CodeHeap 'non-profiled nmethods'.used: 4610.875 KiB
                 mempool.CodeHeap 'profiled nmethods'.used:     12076.375 KiB
                 mempool.Compressed Class Space.used:           3832.031 KiB
                 mempool.G1 Eden Space.used:                    620544.000 KiB
                 mempool.G1 Old Gen.used:                       8650.500 KiB
                 mempool.G1 Survivor Space.used:                8192.000 KiB
                 mempool.Metaspace.used:                        33267.258 KiB
                 mempool.total.codeheap.used:                   18313.500 KiB
                 mempool.total.used:                            692799.289 KiB

Iteration   5: 1571.285 ops/s
                 gc.alloc.rate:                                 760.867 MB/sec
                 gc.alloc.rate.norm:                            523986.481 B/op
                 gc.count:                                      3.000 counts
                 gc.time:                                       24.000 ms
                 mempool.CodeHeap 'non-nmethods'.used:          1616.375 KiB
                 mempool.CodeHeap 'non-profiled nmethods'.used: 4710.625 KiB
                 mempool.CodeHeap 'profiled nmethods'.used:     12203.000 KiB
                 mempool.Compressed Class Space.used:           3832.539 KiB
                 mempool.G1 Eden Space.used:                    620544.000 KiB
                 mempool.G1 Old Gen.used:                       8650.500 KiB
                 mempool.G1 Survivor Space.used:                8192.000 KiB
                 mempool.Metaspace.used:                        33288.813 KiB
                 mempool.total.codeheap.used:                   18530.000 KiB
                 mempool.total.used:                            693037.852 KiB



Result "io.github.lemon_ant.jharmonizer.printerlab.PrinterBenchmark.serialize":
  1286.081 ±(99.9%) 367.745 ops/s [Average]
  (min, avg, max) = (629.619, 1286.081, 1955.353), stdev = 343.989
  CI (99.9%): [918.336, 1653.826] (assumes normal distribution)

Secondary result "io.github.lemon_ant.jharmonizer.printerlab.PrinterBenchmark.serialize:gc.alloc.rate":
  634.537 ±(99.9%) 179.404 MB/sec [Average]
  (min, avg, max) = (311.664, 634.537, 956.454), stdev = 167.815
  CI (99.9%): [455.133, 813.941] (assumes normal distribution)

Secondary result "io.github.lemon_ant.jharmonizer.printerlab.PrinterBenchmark.serialize:gc.alloc.rate.norm":
  520784.064 ±(99.9%) 1897.065 B/op [Average]
  (min, avg, max) = (519411.387, 520784.064, 524972.993), stdev = 1774.515
  CI (99.9%): [518886.999, 522681.128] (assumes normal distribution)

Secondary result "io.github.lemon_ant.jharmonizer.printerlab.PrinterBenchmark.serialize:gc.count":
  32.000 ±(99.9%) 0.001 counts [Sum]
  (min, avg, max) = (1.000, 2.133, 3.000), stdev = 0.640
  CI (99.9%): [32.000, 32.000] (assumes normal distribution)

Secondary result "io.github.lemon_ant.jharmonizer.printerlab.PrinterBenchmark.serialize:gc.time":
  283.000 ±(99.9%) 0.001 ms [Sum]
  (min, avg, max) = (10.000, 18.867, 26.000), stdev = 4.912
  CI (99.9%): [283.000, 283.000] (assumes normal distribution)

Secondary result "io.github.lemon_ant.jharmonizer.printerlab.PrinterBenchmark.serialize:mempool.CodeHeap 'non-nmethods'.used":
  1654.875 ±(99.9%) 0.001 KiB [Maximum]
  (min, avg, max) = (1599.875, 1629.158, 1654.875), stdev = 13.342
  CI (99.9%): [1654.875, 1654.875] (assumes normal distribution)

Secondary result "io.github.lemon_ant.jharmonizer.printerlab.PrinterBenchmark.serialize:mempool.CodeHeap 'non-profiled nmethods'.used":
  5042.500 ±(99.9%) 0.001 KiB [Maximum]
  (min, avg, max) = (4010.000, 4505.450, 5042.500), stdev = 320.899
  CI (99.9%): [5042.500, 5042.500] (assumes normal distribution)

Secondary result "io.github.lemon_ant.jharmonizer.printerlab.PrinterBenchmark.serialize:mempool.CodeHeap 'profiled nmethods'.used":
  12203.000 ±(99.9%) 0.001 KiB [Maximum]
  (min, avg, max) = (11794.500, 11961.042, 12203.000), stdev = 112.866
  CI (99.9%): [12203.000, 12203.000] (assumes normal distribution)

Secondary result "io.github.lemon_ant.jharmonizer.printerlab.PrinterBenchmark.serialize:mempool.Compressed Class Space.used":
  3832.539 ±(99.9%) 0.001 KiB [Maximum]
  (min, avg, max) = (3823.430, 3829.113, 3832.539), stdev = 3.524
  CI (99.9%): [3832.539, 3832.539] (assumes normal distribution)

Secondary result "io.github.lemon_ant.jharmonizer.printerlab.PrinterBenchmark.serialize:mempool.G1 Eden Space.used":
  620544.000 ±(99.9%) 0.001 KiB [Maximum]
  (min, avg, max) = (620544.000, 620544.000, 620544.000), stdev = 0.001
  CI (99.9%): [620544.000, 620544.000] (assumes normal distribution)

Secondary result "io.github.lemon_ant.jharmonizer.printerlab.PrinterBenchmark.serialize:mempool.G1 Old Gen.used":
  10940.789 ±(99.9%) 0.001 KiB [Maximum]
  (min, avg, max) = (8313.266, 8726.870, 10940.789), stdev = 643.643
  CI (99.9%): [10940.789, 10940.789] (assumes normal distribution)

Secondary result "io.github.lemon_ant.jharmonizer.printerlab.PrinterBenchmark.serialize:mempool.G1 Survivor Space.used":
  8362.125 ±(99.9%) 0.001 KiB [Maximum]
  (min, avg, max) = (7898.961, 8174.598, 8362.125), stdev = 115.486
  CI (99.9%): [8362.125, 8362.125] (assumes normal distribution)

Secondary result "io.github.lemon_ant.jharmonizer.printerlab.PrinterBenchmark.serialize:mempool.Metaspace.used":
  33288.813 ±(99.9%) 0.001 KiB [Maximum]
  (min, avg, max) = (33153.523, 33215.998, 33288.813), stdev = 39.703
  CI (99.9%): [33288.813, 33288.813] (assumes normal distribution)

Secondary result "io.github.lemon_ant.jharmonizer.printerlab.PrinterBenchmark.serialize:mempool.total.codeheap.used":
  18645.875 ±(99.9%) 0.001 KiB [Maximum]
  (min, avg, max) = (17473.750, 18095.650, 18645.875), stdev = 362.671
  CI (99.9%): [18645.875, 18645.875] (assumes normal distribution)

Secondary result "io.github.lemon_ant.jharmonizer.printerlab.PrinterBenchmark.serialize:mempool.total.used":
  695190.570 ±(99.9%) 0.001 KiB [Maximum]
  (min, avg, max) = (691713.922, 692586.230, 695190.570), stdev = 797.893
  CI (99.9%): [695190.570, 695190.570] (assumes normal distribution)


# JMH version: 1.37
# VM version: JDK 21.0.8, OpenJDK 64-Bit Server VM, 21.0.8+9-LTS
# VM invoker: C:\Program Files\Microsoft\jdk-21.0.8.9-hotspot\bin\java.exe
# VM options: -Xms1g -Xmx1g -XX:+UseG1GC -Dfile.encoding=UTF-8 -Duser.language=en -Duser.country=US -Duser.timezone=UTC -Dprinter.lab.corpus=W:\JHarmonizer\core\printer-lab\target\measurement-0f6aa72d\baseline-run\corpus
# Blackhole mode: compiler (auto-detected, use -Djmh.blackhole.autoDetect=false to disable)
# Warmup: 5 iterations, 1 s each
# Measurement: 5 iterations, 2 s each
# Timeout: 10 min per iteration
# Threads: 2 threads, will synchronize iterations
# Benchmark mode: Throughput, ops/time
# Benchmark: io.github.lemon_ant.jharmonizer.printerlab.PrinterBenchmark.serialize
# Parameters: (workload = flat128)

# Run progress: 25.00% complete, ETA 00:03:37
# Fork: 1 of 3
Picked up JAVA_TOOL_OPTIONS: -Dfile.encoding=UTF-8
# Warmup Iteration   1: 1379.997 ops/s
# Warmup Iteration   2: 3307.341 ops/s
# Warmup Iteration   3: 4878.242 ops/s
# Warmup Iteration   4: 5400.571 ops/s
# Warmup Iteration   5: 6940.256 ops/s
Iteration   1: 7186.464 ops/s
                 gc.alloc.rate:                                 931.110 MB/sec
                 gc.alloc.rate.norm:                            135954.237 B/op
                 gc.count:                                      3.000 counts
                 gc.time:                                       18.000 ms
                 mempool.CodeHeap 'non-nmethods'.used:          1560.375 KiB
                 mempool.CodeHeap 'non-profiled nmethods'.used: 2357.125 KiB
                 mempool.CodeHeap 'profiled nmethods'.used:     7911.500 KiB
                 mempool.Compressed Class Space.used:           3347.602 KiB
                 mempool.G1 Eden Space.used:                    622592.000 KiB
                 mempool.G1 Old Gen.used:                       8433.477 KiB
                 mempool.G1 Survivor Space.used:                6310.578 KiB
                 mempool.Metaspace.used:                        30056.461 KiB
                 mempool.total.codeheap.used:                   11829.000 KiB
                 mempool.total.used:                            682569.117 KiB

Iteration   2: 7193.305 ops/s
                 gc.alloc.rate:                                 931.967 MB/sec
                 gc.alloc.rate.norm:                            135954.241 B/op
                 gc.count:                                      3.000 counts
                 gc.time:                                       21.000 ms
                 mempool.CodeHeap 'non-nmethods'.used:          1545.250 KiB
                 mempool.CodeHeap 'non-profiled nmethods'.used: 2361.250 KiB
                 mempool.CodeHeap 'profiled nmethods'.used:     7946.875 KiB
                 mempool.Compressed Class Space.used:           3348.664 KiB
                 mempool.G1 Eden Space.used:                    622592.000 KiB
                 mempool.G1 Old Gen.used:                       8433.477 KiB
                 mempool.G1 Survivor Space.used:                6721.680 KiB
                 mempool.Metaspace.used:                        30072.039 KiB
                 mempool.total.codeheap.used:                   11853.375 KiB
                 mempool.total.used:                            683021.234 KiB

Iteration   3: 5716.289 ops/s
                 gc.alloc.rate:                                 740.367 MB/sec
                 gc.alloc.rate.norm:                            135955.994 B/op
                 gc.count:                                      3.000 counts
                 gc.time:                                       19.000 ms
                 mempool.CodeHeap 'non-nmethods'.used:          1545.250 KiB
                 mempool.CodeHeap 'non-profiled nmethods'.used: 2362.000 KiB
                 mempool.CodeHeap 'profiled nmethods'.used:     7978.375 KiB
                 mempool.Compressed Class Space.used:           3348.664 KiB
                 mempool.G1 Eden Space.used:                    622592.000 KiB
                 mempool.G1 Old Gen.used:                       10616.164 KiB
                 mempool.G1 Survivor Space.used:                6556.594 KiB
                 mempool.Metaspace.used:                        30080.320 KiB
                 mempool.total.codeheap.used:                   11885.625 KiB
                 mempool.total.used:                            685079.367 KiB

Iteration   4: 8199.919 ops/s
                 gc.alloc.rate:                                 1062.494 MB/sec
                 gc.alloc.rate.norm:                            135985.968 B/op
                 gc.count:                                      3.000 counts
                 gc.time:                                       10.000 ms
                 mempool.CodeHeap 'non-nmethods'.used:          1559.000 KiB
                 mempool.CodeHeap 'non-profiled nmethods'.used: 2365.375 KiB
                 mempool.CodeHeap 'profiled nmethods'.used:     8006.000 KiB
                 mempool.Compressed Class Space.used:           3348.664 KiB
                 mempool.G1 Eden Space.used:                    627712.000 KiB
                 mempool.G1 Old Gen.used:                       14881.406 KiB
                 mempool.G1 Survivor Space.used:                4042.047 KiB
                 mempool.Metaspace.used:                        30088.195 KiB
                 mempool.total.codeheap.used:                   11930.375 KiB
                 mempool.total.used:                            692002.688 KiB

Iteration   5: 9491.571 ops/s
                 gc.alloc.rate:                                 1227.398 MB/sec
                 gc.alloc.rate.norm:                            136160.405 B/op
                 gc.count:                                      4.000 counts
                 gc.time:                                       7.000 ms
                 mempool.CodeHeap 'non-nmethods'.used:          1560.375 KiB
                 mempool.CodeHeap 'non-profiled nmethods'.used: 2370.375 KiB
                 mempool.CodeHeap 'profiled nmethods'.used:     8043.125 KiB
                 mempool.Compressed Class Space.used:           3349.172 KiB
                 mempool.G1 Eden Space.used:                    627712.000 KiB
                 mempool.G1 Old Gen.used:                       14933.047 KiB
                 mempool.G1 Survivor Space.used:                91.969 KiB
                 mempool.Metaspace.used:                        30095.031 KiB
                 mempool.total.codeheap.used:                   11973.875 KiB
                 mempool.total.used:                            688155.094 KiB


# Run progress: 33.33% complete, ETA 00:03:11
# Fork: 2 of 3
Picked up JAVA_TOOL_OPTIONS: -Dfile.encoding=UTF-8
# Warmup Iteration   1: 1233.035 ops/s
# Warmup Iteration   2: 3804.021 ops/s
# Warmup Iteration   3: 4567.322 ops/s
# Warmup Iteration   4: 5134.199 ops/s
# Warmup Iteration   5: 7044.000 ops/s
Iteration   1: 8423.852 ops/s
                 gc.alloc.rate:                                 1075.077 MB/sec
                 gc.alloc.rate.norm:                            133905.909 B/op
                 gc.count:                                      4.000 counts
                 gc.time:                                       24.000 ms
                 mempool.CodeHeap 'non-nmethods'.used:          1561.125 KiB
                 mempool.CodeHeap 'non-profiled nmethods'.used: 2448.500 KiB
                 mempool.CodeHeap 'profiled nmethods'.used:     7925.000 KiB
                 mempool.Compressed Class Space.used:           3362.383 KiB
                 mempool.G1 Eden Space.used:                    621568.000 KiB
                 mempool.G1 Old Gen.used:                       8577.602 KiB
                 mempool.G1 Survivor Space.used:                6896.563 KiB
                 mempool.Metaspace.used:                        30053.672 KiB
                 mempool.total.codeheap.used:                   11934.625 KiB
                 mempool.total.used:                            682392.844 KiB

Iteration   2: 9583.586 ops/s
                 gc.alloc.rate:                                 1223.144 MB/sec
                 gc.alloc.rate.norm:                            133905.682 B/op
                 gc.count:                                      4.000 counts
                 gc.time:                                       23.000 ms
                 mempool.CodeHeap 'non-nmethods'.used:          1560.375 KiB
                 mempool.CodeHeap 'non-profiled nmethods'.used: 2452.625 KiB
                 mempool.CodeHeap 'profiled nmethods'.used:     7955.250 KiB
                 mempool.Compressed Class Space.used:           3363.445 KiB
                 mempool.G1 Eden Space.used:                    622592.000 KiB
                 mempool.G1 Old Gen.used:                       8577.602 KiB
                 mempool.G1 Survivor Space.used:                6696.531 KiB
                 mempool.Metaspace.used:                        30065.500 KiB
                 mempool.total.codeheap.used:                   11968.250 KiB
                 mempool.total.used:                            683263.328 KiB

Iteration   3: 9726.863 ops/s
                 gc.alloc.rate:                                 1241.429 MB/sec
                 gc.alloc.rate.norm:                            133905.658 B/op
                 gc.count:                                      4.000 counts
                 gc.time:                                       17.000 ms
                 mempool.CodeHeap 'non-nmethods'.used:          1560.250 KiB
                 mempool.CodeHeap 'non-profiled nmethods'.used: 2454.375 KiB
                 mempool.CodeHeap 'profiled nmethods'.used:     7980.625 KiB
                 mempool.Compressed Class Space.used:           3363.445 KiB
                 mempool.G1 Eden Space.used:                    627712.000 KiB
                 mempool.G1 Old Gen.used:                       14997.148 KiB
                 mempool.G1 Survivor Space.used:                6283.672 KiB
                 mempool.Metaspace.used:                        30071.656 KiB
                 mempool.total.codeheap.used:                   11995.250 KiB
                 mempool.total.used:                            694423.172 KiB

Iteration   4: 9492.765 ops/s
                 gc.alloc.rate:                                 1211.481 MB/sec
                 gc.alloc.rate.norm:                            133905.702 B/op
                 gc.count:                                      4.000 counts
                 gc.time:                                       8.000 ms
                 mempool.CodeHeap 'non-nmethods'.used:          1561.375 KiB
                 mempool.CodeHeap 'non-profiled nmethods'.used: 2458.125 KiB
                 mempool.CodeHeap 'profiled nmethods'.used:     7996.500 KiB
                 mempool.Compressed Class Space.used:           3363.445 KiB
                 mempool.G1 Eden Space.used:                    627712.000 KiB
                 mempool.G1 Old Gen.used:                       15041.727 KiB
                 mempool.G1 Survivor Space.used:                91.828 KiB
                 mempool.Metaspace.used:                        30074.766 KiB
                 mempool.total.codeheap.used:                   12016.000 KiB
                 mempool.total.used:                            688299.766 KiB

Iteration   5: 9724.938 ops/s
                 gc.alloc.rate:                                 1234.929 MB/sec
                 gc.alloc.rate.norm:                            134061.874 B/op
                 gc.count:                                      4.000 counts
                 gc.time:                                       8.000 ms
                 mempool.CodeHeap 'non-nmethods'.used:          1562.750 KiB
                 mempool.CodeHeap 'non-profiled nmethods'.used: 2472.250 KiB
                 mempool.CodeHeap 'profiled nmethods'.used:     8031.125 KiB
                 mempool.Compressed Class Space.used:           3363.953 KiB
                 mempool.G1 Eden Space.used:                    627712.000 KiB
                 mempool.G1 Old Gen.used:                       15057.852 KiB
                 mempool.G1 Survivor Space.used:                44.344 KiB
                 mempool.Metaspace.used:                        30088.109 KiB
                 mempool.total.codeheap.used:                   12066.125 KiB
                 mempool.total.used:                            688332.383 KiB


# Run progress: 41.67% complete, ETA 00:02:45
# Fork: 3 of 3
Picked up JAVA_TOOL_OPTIONS: -Dfile.encoding=UTF-8
# Warmup Iteration   1: 1314.945 ops/s
# Warmup Iteration   2: 3383.781 ops/s
# Warmup Iteration   3: 5848.995 ops/s
# Warmup Iteration   4: 8013.288 ops/s
# Warmup Iteration   5: 8882.785 ops/s
Iteration   1: 8637.913 ops/s
                 gc.alloc.rate:                                 1102.117 MB/sec
                 gc.alloc.rate.norm:                            133905.864 B/op
                 gc.count:                                      4.000 counts
                 gc.time:                                       29.000 ms
                 mempool.CodeHeap 'non-nmethods'.used:          1559.875 KiB
                 mempool.CodeHeap 'non-profiled nmethods'.used: 2335.000 KiB
                 mempool.CodeHeap 'profiled nmethods'.used:     7764.000 KiB
                 mempool.Compressed Class Space.used:           3372.836 KiB
                 mempool.G1 Eden Space.used:                    622592.000 KiB
                 mempool.G1 Old Gen.used:                       8161.781 KiB
                 mempool.G1 Survivor Space.used:                6704.844 KiB
                 mempool.Metaspace.used:                        30077.688 KiB
                 mempool.total.codeheap.used:                   11658.875 KiB
                 mempool.total.used:                            682568.023 KiB

Iteration   2: 8906.124 ops/s
                 gc.alloc.rate:                                 1136.482 MB/sec
                 gc.alloc.rate.norm:                            133907.371 B/op
                 gc.count:                                      4.000 counts
                 gc.time:                                       25.000 ms
                 mempool.CodeHeap 'non-nmethods'.used:          1546.000 KiB
                 mempool.CodeHeap 'non-profiled nmethods'.used: 2338.000 KiB
                 mempool.CodeHeap 'profiled nmethods'.used:     7809.625 KiB
                 mempool.Compressed Class Space.used:           3373.898 KiB
                 mempool.G1 Eden Space.used:                    622592.000 KiB
                 mempool.G1 Old Gen.used:                       10369.398 KiB
                 mempool.G1 Survivor Space.used:                6730.023 KiB
                 mempool.Metaspace.used:                        30093.781 KiB
                 mempool.total.codeheap.used:                   11693.625 KiB
                 mempool.total.used:                            684852.727 KiB

Iteration   3: 8013.171 ops/s
                 gc.alloc.rate:                                 1022.980 MB/sec
                 gc.alloc.rate.norm:                            133938.009 B/op
                 gc.count:                                      3.000 counts
                 gc.time:                                       11.000 ms
                 mempool.CodeHeap 'non-nmethods'.used:          1559.750 KiB
                 mempool.CodeHeap 'non-profiled nmethods'.used: 2338.875 KiB
                 mempool.CodeHeap 'profiled nmethods'.used:     7828.250 KiB
                 mempool.Compressed Class Space.used:           3373.898 KiB
                 mempool.G1 Eden Space.used:                    627712.000 KiB
                 mempool.G1 Old Gen.used:                       14546.820 KiB
                 mempool.G1 Survivor Space.used:                4096.000 KiB
                 mempool.Metaspace.used:                        30100.727 KiB
                 mempool.total.codeheap.used:                   11726.875 KiB
                 mempool.total.used:                            691556.320 KiB

Iteration   4: 6397.197 ops/s
                 gc.alloc.rate:                                 816.490 MB/sec
                 gc.alloc.rate.norm:                            133938.510 B/op
                 gc.count:                                      3.000 counts
                 gc.time:                                       7.000 ms
                 mempool.CodeHeap 'non-nmethods'.used:          1559.500 KiB
                 mempool.CodeHeap 'non-profiled nmethods'.used: 2342.125 KiB
                 mempool.CodeHeap 'profiled nmethods'.used:     7848.875 KiB
                 mempool.Compressed Class Space.used:           3373.898 KiB
                 mempool.G1 Eden Space.used:                    627712.000 KiB
                 mempool.G1 Old Gen.used:                       14579.461 KiB
                 mempool.G1 Survivor Space.used:                91.758 KiB
                 mempool.Metaspace.used:                        30108.852 KiB
                 mempool.total.codeheap.used:                   11750.500 KiB
                 mempool.total.used:                            687616.469 KiB

Iteration   5: 8475.023 ops/s
                 gc.alloc.rate:                                 1077.680 MB/sec
                 gc.alloc.rate.norm:                            134124.592 B/op
                 gc.count:                                      3.000 counts
                 gc.time:                                       6.000 ms
                 mempool.CodeHeap 'non-nmethods'.used:          1562.250 KiB
                 mempool.CodeHeap 'non-profiled nmethods'.used: 2354.750 KiB
                 mempool.CodeHeap 'profiled nmethods'.used:     7876.500 KiB
                 mempool.Compressed Class Space.used:           3374.406 KiB
                 mempool.G1 Eden Space.used:                    627712.000 KiB
                 mempool.G1 Old Gen.used:                       14587.523 KiB
                 mempool.G1 Survivor Space.used:                50.281 KiB
                 mempool.Metaspace.used:                        30116.922 KiB
                 mempool.total.codeheap.used:                   11793.500 KiB
                 mempool.total.used:                            687634.633 KiB



Result "io.github.lemon_ant.jharmonizer.printerlab.PrinterBenchmark.serialize":
  8344.599 ±(99.9%) 1337.317 ops/s [Average]
  (min, avg, max) = (5716.289, 8344.599, 9726.863), stdev = 1250.927
  CI (99.9%): [7007.282, 9681.916] (assumes normal distribution)

Secondary result "io.github.lemon_ant.jharmonizer.printerlab.PrinterBenchmark.serialize:gc.alloc.rate":
  1069.010 ±(99.9%) 167.552 MB/sec [Average]
  (min, avg, max) = (740.367, 1069.010, 1241.429), stdev = 156.728
  CI (99.9%): [901.458, 1236.561] (assumes normal distribution)

Secondary result "io.github.lemon_ant.jharmonizer.printerlab.PrinterBenchmark.serialize:gc.alloc.rate.norm":
  134634.001 ±(99.9%) 1073.862 B/op [Average]
  (min, avg, max) = (133905.658, 134634.001, 136160.405), stdev = 1004.491
  CI (99.9%): [133560.139, 135707.863] (assumes normal distribution)

Secondary result "io.github.lemon_ant.jharmonizer.printerlab.PrinterBenchmark.serialize:gc.count":
  53.000 ±(99.9%) 0.001 counts [Sum]
  (min, avg, max) = (3.000, 3.533, 4.000), stdev = 0.516
  CI (99.9%): [53.000, 53.000] (assumes normal distribution)

Secondary result "io.github.lemon_ant.jharmonizer.printerlab.PrinterBenchmark.serialize:gc.time":
  233.000 ±(99.9%) 0.001 ms [Sum]
  (min, avg, max) = (6.000, 15.533, 29.000), stdev = 7.791
  CI (99.9%): [233.000, 233.000] (assumes normal distribution)

Secondary result "io.github.lemon_ant.jharmonizer.printerlab.PrinterBenchmark.serialize:mempool.CodeHeap 'non-nmethods'.used":
  1562.750 ±(99.9%) 0.001 KiB [Maximum]
  (min, avg, max) = (1545.250, 1557.567, 1562.750), stdev = 6.324
  CI (99.9%): [1562.750, 1562.750] (assumes normal distribution)

Secondary result "io.github.lemon_ant.jharmonizer.printerlab.PrinterBenchmark.serialize:mempool.CodeHeap 'non-profiled nmethods'.used":
  2472.250 ±(99.9%) 0.001 KiB [Maximum]
  (min, avg, max) = (2335.000, 2387.383, 2472.250), stdev = 52.339
  CI (99.9%): [2472.250, 2472.250] (assumes normal distribution)

Secondary result "io.github.lemon_ant.jharmonizer.printerlab.PrinterBenchmark.serialize:mempool.CodeHeap 'profiled nmethods'.used":
  8043.125 ±(99.9%) 0.001 KiB [Maximum]
  (min, avg, max) = (7764.000, 7926.775, 8043.125), stdev = 84.979
  CI (99.9%): [8043.125, 8043.125] (assumes normal distribution)

Secondary result "io.github.lemon_ant.jharmonizer.printerlab.PrinterBenchmark.serialize:mempool.Compressed Class Space.used":
  3374.406 ±(99.9%) 0.001 KiB [Maximum]
  (min, avg, max) = (3347.602, 3361.892, 3374.406), stdev = 10.729
  CI (99.9%): [3374.406, 3374.406] (assumes normal distribution)

Secondary result "io.github.lemon_ant.jharmonizer.printerlab.PrinterBenchmark.serialize:mempool.G1 Eden Space.used":
  627712.000 ±(99.9%) 0.001 KiB [Maximum]
  (min, avg, max) = (621568.000, 625254.400, 627712.000), stdev = 2731.276
  CI (99.9%): [627712.000, 627712.000] (assumes normal distribution)

Secondary result "io.github.lemon_ant.jharmonizer.printerlab.PrinterBenchmark.serialize:mempool.G1 Old Gen.used":
  15057.852 ±(99.9%) 0.001 KiB [Maximum]
  (min, avg, max) = (8161.781, 12119.632, 15057.852), stdev = 3073.886
  CI (99.9%): [15057.852, 15057.852] (assumes normal distribution)

Secondary result "io.github.lemon_ant.jharmonizer.printerlab.PrinterBenchmark.serialize:mempool.G1 Survivor Space.used":
  6896.563 ±(99.9%) 0.001 KiB [Maximum]
  (min, avg, max) = (44.344, 4093.914, 6896.563), stdev = 3069.147
  CI (99.9%): [6896.563, 6896.563] (assumes normal distribution)

Secondary result "io.github.lemon_ant.jharmonizer.printerlab.PrinterBenchmark.serialize:mempool.Metaspace.used":
  30116.922 ±(99.9%) 0.001 KiB [Maximum]
  (min, avg, max) = (30053.672, 30082.915, 30116.922), stdev = 18.264
  CI (99.9%): [30116.922, 30116.922] (assumes normal distribution)

Secondary result "io.github.lemon_ant.jharmonizer.printerlab.PrinterBenchmark.serialize:mempool.total.codeheap.used":
  12066.125 ±(99.9%) 0.001 KiB [Maximum]
  (min, avg, max) = (11658.875, 11871.725, 12066.125), stdev = 125.979
  CI (99.9%): [12066.125, 12066.125] (assumes normal distribution)

Secondary result "io.github.lemon_ant.jharmonizer.printerlab.PrinterBenchmark.serialize:mempool.total.used":
  694423.172 ±(99.9%) 0.001 KiB [Maximum]
  (min, avg, max) = (682392.844, 686784.478, 694423.172), stdev = 3820.707
  CI (99.9%): [694423.172, 694423.172] (assumes normal distribution)


# JMH version: 1.37
# VM version: JDK 21.0.8, OpenJDK 64-Bit Server VM, 21.0.8+9-LTS
# VM invoker: C:\Program Files\Microsoft\jdk-21.0.8.9-hotspot\bin\java.exe
# VM options: -Xms1g -Xmx1g -XX:+UseG1GC -Dfile.encoding=UTF-8 -Duser.language=en -Duser.country=US -Duser.timezone=UTC -Dprinter.lab.corpus=W:\JHarmonizer\core\printer-lab\target\measurement-0f6aa72d\baseline-run\corpus
# Blackhole mode: compiler (auto-detected, use -Djmh.blackhole.autoDetect=false to disable)
# Warmup: 5 iterations, 1 s each
# Measurement: 5 iterations, 2 s each
# Timeout: 10 min per iteration
# Threads: 2 threads, will synchronize iterations
# Benchmark mode: Throughput, ops/time
# Benchmark: io.github.lemon_ant.jharmonizer.printerlab.PrinterBenchmark.serialize
# Parameters: (workload = flat1024)

# Run progress: 50.00% complete, ETA 00:02:20
# Fork: 1 of 3
Picked up JAVA_TOOL_OPTIONS: -Dfile.encoding=UTF-8
# Warmup Iteration   1: 362.056 ops/s
# Warmup Iteration   2: 530.290 ops/s
# Warmup Iteration   3: 639.552 ops/s
# Warmup Iteration   4: 774.522 ops/s
# Warmup Iteration   5: 688.746 ops/s
Iteration   1: 620.960 ops/s
                 gc.alloc.rate:                                 612.662 MB/sec
                 gc.alloc.rate.norm:                            1035967.251 B/op
                 gc.count:                                      2.000 counts
                 gc.time:                                       11.000 ms
                 mempool.CodeHeap 'non-nmethods'.used:          1605.750 KiB
                 mempool.CodeHeap 'non-profiled nmethods'.used: 2754.625 KiB
                 mempool.CodeHeap 'profiled nmethods'.used:     9180.250 KiB
                 mempool.Compressed Class Space.used:           3331.102 KiB
                 mempool.G1 Eden Space.used:                    627712.000 KiB
                 mempool.G1 Old Gen.used:                       15522.328 KiB
                 mempool.G1 Survivor Space.used:                5625.688 KiB
                 mempool.Metaspace.used:                        30422.367 KiB
                 mempool.total.codeheap.used:                   13540.625 KiB
                 mempool.total.used:                            696154.109 KiB

Iteration   2: 660.540 ops/s
                 gc.alloc.rate:                                 652.163 MB/sec
                 gc.alloc.rate.norm:                            1035944.676 B/op
                 gc.count:                                      2.000 counts
                 gc.time:                                       5.000 ms
                 mempool.CodeHeap 'non-nmethods'.used:          1571.750 KiB
                 mempool.CodeHeap 'non-profiled nmethods'.used: 2788.375 KiB
                 mempool.CodeHeap 'profiled nmethods'.used:     9213.750 KiB
                 mempool.Compressed Class Space.used:           3332.164 KiB
                 mempool.G1 Eden Space.used:                    627712.000 KiB
                 mempool.G1 Old Gen.used:                       15565.609 KiB
                 mempool.G1 Survivor Space.used:                631.820 KiB
                 mempool.Metaspace.used:                        30437.836 KiB
                 mempool.total.codeheap.used:                   13573.875 KiB
                 mempool.total.used:                            691253.305 KiB

Iteration   3: 809.639 ops/s
                 gc.alloc.rate:                                 799.099 MB/sec
                 gc.alloc.rate.norm:                            1035890.603 B/op
                 gc.count:                                      3.000 counts
                 gc.time:                                       9.000 ms
                 mempool.CodeHeap 'non-nmethods'.used:          1603.750 KiB
                 mempool.CodeHeap 'non-profiled nmethods'.used: 2930.625 KiB
                 mempool.CodeHeap 'profiled nmethods'.used:     9229.500 KiB
                 mempool.Compressed Class Space.used:           3332.164 KiB
                 mempool.G1 Eden Space.used:                    627712.000 KiB
                 mempool.G1 Old Gen.used:                       15567.625 KiB
                 mempool.G1 Survivor Space.used:                663.305 KiB
                 mempool.Metaspace.used:                        30446.469 KiB
                 mempool.total.codeheap.used:                   13763.875 KiB
                 mempool.total.used:                            691485.438 KiB

Iteration   4: 850.637 ops/s
                 gc.alloc.rate:                                 839.528 MB/sec
                 gc.alloc.rate.norm:                            1035818.936 B/op
                 gc.count:                                      3.000 counts
                 gc.time:                                       7.000 ms
                 mempool.CodeHeap 'non-nmethods'.used:          1561.375 KiB
                 mempool.CodeHeap 'non-profiled nmethods'.used: 2940.750 KiB
                 mempool.CodeHeap 'profiled nmethods'.used:     9248.000 KiB
                 mempool.Compressed Class Space.used:           3332.164 KiB
                 mempool.G1 Eden Space.used:                    627712.000 KiB
                 mempool.G1 Old Gen.used:                       15567.625 KiB
                 mempool.G1 Survivor Space.used:                663.305 KiB
                 mempool.Metaspace.used:                        30455.719 KiB
                 mempool.total.codeheap.used:                   13750.125 KiB
                 mempool.total.used:                            691480.938 KiB

Iteration   5: 836.104 ops/s
                 gc.alloc.rate:                                 813.841 MB/sec
                 gc.alloc.rate.norm:                            1050785.100 B/op
                 gc.count:                                      3.000 counts
                 gc.time:                                       6.000 ms
                 mempool.CodeHeap 'non-nmethods'.used:          1579.375 KiB
                 mempool.CodeHeap 'non-profiled nmethods'.used: 2951.625 KiB
                 mempool.CodeHeap 'profiled nmethods'.used:     9277.375 KiB
                 mempool.Compressed Class Space.used:           3332.672 KiB
                 mempool.G1 Eden Space.used:                    627712.000 KiB
                 mempool.G1 Old Gen.used:                       15961.398 KiB
                 mempool.G1 Survivor Space.used:                579.063 KiB
                 mempool.Metaspace.used:                        30462.906 KiB
                 mempool.total.codeheap.used:                   13808.375 KiB
                 mempool.total.used:                            691856.414 KiB


# Run progress: 58.33% complete, ETA 00:01:59
# Fork: 2 of 3
Picked up JAVA_TOOL_OPTIONS: -Dfile.encoding=UTF-8
# Warmup Iteration   1: 422.077 ops/s
# Warmup Iteration   2: 672.950 ops/s
# Warmup Iteration   3: 975.608 ops/s
# Warmup Iteration   4: 979.613 ops/s
# Warmup Iteration   5: 995.349 ops/s
Iteration   1: 1029.872 ops/s
                 gc.alloc.rate:                                 1016.250 MB/sec
                 gc.alloc.rate.norm:                            1035785.919 B/op
                 gc.count:                                      4.000 counts
                 gc.time:                                       9.000 ms
                 mempool.CodeHeap 'non-nmethods'.used:          1606.875 KiB
                 mempool.CodeHeap 'non-profiled nmethods'.used: 2913.625 KiB
                 mempool.CodeHeap 'profiled nmethods'.used:     9441.625 KiB
                 mempool.Compressed Class Space.used:           3353.703 KiB
                 mempool.G1 Eden Space.used:                    627712.000 KiB
                 mempool.G1 Old Gen.used:                       16100.813 KiB
                 mempool.G1 Survivor Space.used:                1154.117 KiB
                 mempool.Metaspace.used:                        30491.367 KiB
                 mempool.total.codeheap.used:                   13962.125 KiB
                 mempool.total.used:                            692774.125 KiB

Iteration   2: 1087.179 ops/s
                 gc.alloc.rate:                                 1072.883 MB/sec
                 gc.alloc.rate.norm:                            1035687.909 B/op
                 gc.count:                                      3.000 counts
                 gc.time:                                       6.000 ms
                 mempool.CodeHeap 'non-nmethods'.used:          1569.875 KiB
                 mempool.CodeHeap 'non-profiled nmethods'.used: 2969.500 KiB
                 mempool.CodeHeap 'profiled nmethods'.used:     9476.250 KiB
                 mempool.Compressed Class Space.used:           3354.766 KiB
                 mempool.G1 Eden Space.used:                    627712.000 KiB
                 mempool.G1 Old Gen.used:                       16100.813 KiB
                 mempool.G1 Survivor Space.used:                601.836 KiB
                 mempool.Metaspace.used:                        30506.750 KiB
                 mempool.total.codeheap.used:                   14015.625 KiB
                 mempool.total.used:                            692291.789 KiB

Iteration   3: 1075.727 ops/s
                 gc.alloc.rate:                                 1061.917 MB/sec
                 gc.alloc.rate.norm:                            1035670.992 B/op
                 gc.count:                                      4.000 counts
                 gc.time:                                       9.000 ms
                 mempool.CodeHeap 'non-nmethods'.used:          1546.375 KiB
                 mempool.CodeHeap 'non-profiled nmethods'.used: 2969.500 KiB
                 mempool.CodeHeap 'profiled nmethods'.used:     9490.375 KiB
                 mempool.Compressed Class Space.used:           3354.766 KiB
                 mempool.G1 Eden Space.used:                    627712.000 KiB
                 mempool.G1 Old Gen.used:                       16531.203 KiB
                 mempool.G1 Survivor Space.used:                642.750 KiB
                 mempool.Metaspace.used:                        30514.852 KiB
                 mempool.total.codeheap.used:                   14006.250 KiB
                 mempool.total.used:                            692761.820 KiB

Iteration   4: 1097.880 ops/s
                 gc.alloc.rate:                                 1083.296 MB/sec
                 gc.alloc.rate.norm:                            1035670.667 B/op
                 gc.count:                                      3.000 counts
                 gc.time:                                       6.000 ms
                 mempool.CodeHeap 'non-nmethods'.used:          1546.375 KiB
                 mempool.CodeHeap 'non-profiled nmethods'.used: 2972.250 KiB
                 mempool.CodeHeap 'profiled nmethods'.used:     9508.750 KiB
                 mempool.Compressed Class Space.used:           3354.766 KiB
                 mempool.G1 Eden Space.used:                    627712.000 KiB
                 mempool.G1 Old Gen.used:                       16551.359 KiB
                 mempool.G1 Survivor Space.used:                244.391 KiB
                 mempool.Metaspace.used:                        30522.852 KiB
                 mempool.total.codeheap.used:                   14027.375 KiB
                 mempool.total.used:                            692412.742 KiB

Iteration   5: 1118.590 ops/s
                 gc.alloc.rate:                                 1091.323 MB/sec
                 gc.alloc.rate.norm:                            1046910.223 B/op
                 gc.count:                                      4.000 counts
                 gc.time:                                       7.000 ms
                 mempool.CodeHeap 'non-nmethods'.used:          1563.375 KiB
                 mempool.CodeHeap 'non-profiled nmethods'.used: 2983.125 KiB
                 mempool.CodeHeap 'profiled nmethods'.used:     9538.250 KiB
                 mempool.Compressed Class Space.used:           3355.273 KiB
                 mempool.G1 Eden Space.used:                    627712.000 KiB
                 mempool.G1 Old Gen.used:                       16575.031 KiB
                 mempool.G1 Survivor Space.used:                244.391 KiB
                 mempool.Metaspace.used:                        30530.039 KiB
                 mempool.total.codeheap.used:                   14084.750 KiB
                 mempool.total.used:                            692501.484 KiB


# Run progress: 66.67% complete, ETA 00:01:37
# Fork: 3 of 3
Picked up JAVA_TOOL_OPTIONS: -Dfile.encoding=UTF-8
# Warmup Iteration   1: 518.658 ops/s
# Warmup Iteration   2: 757.781 ops/s
# Warmup Iteration   3: 971.604 ops/s
# Warmup Iteration   4: 891.127 ops/s
# Warmup Iteration   5: 665.635 ops/s
Iteration   1: 783.504 ops/s
                 gc.alloc.rate:                                 772.785 MB/sec
                 gc.alloc.rate.norm:                            1035810.168 B/op
                 gc.count:                                      3.000 counts
                 gc.time:                                       7.000 ms
                 mempool.CodeHeap 'non-nmethods'.used:          1570.250 KiB
                 mempool.CodeHeap 'non-profiled nmethods'.used: 2827.625 KiB
                 mempool.CodeHeap 'profiled nmethods'.used:     9395.250 KiB
                 mempool.Compressed Class Space.used:           3367.984 KiB
                 mempool.G1 Eden Space.used:                    627712.000 KiB
                 mempool.G1 Old Gen.used:                       15967.414 KiB
                 mempool.G1 Survivor Space.used:                1024.000 KiB
                 mempool.Metaspace.used:                        30562.063 KiB
                 mempool.total.codeheap.used:                   13793.125 KiB
                 mempool.total.used:                            692426.586 KiB

Iteration   2: 894.924 ops/s
                 gc.alloc.rate:                                 882.999 MB/sec
                 gc.alloc.rate.norm:                            1035682.693 B/op
                 gc.count:                                      3.000 counts
                 gc.time:                                       9.000 ms
                 mempool.CodeHeap 'non-nmethods'.used:          1606.125 KiB
                 mempool.CodeHeap 'non-profiled nmethods'.used: 2931.250 KiB
                 mempool.CodeHeap 'profiled nmethods'.used:     9428.750 KiB
                 mempool.Compressed Class Space.used:           3369.047 KiB
                 mempool.G1 Eden Space.used:                    627712.000 KiB
                 mempool.G1 Old Gen.used:                       15969.430 KiB
                 mempool.G1 Survivor Space.used:                699.516 KiB
                 mempool.Metaspace.used:                        30587.266 KiB
                 mempool.total.codeheap.used:                   13966.125 KiB
                 mempool.total.used:                            692303.383 KiB

Iteration   3: 1097.903 ops/s
                 gc.alloc.rate:                                 1083.295 MB/sec
                 gc.alloc.rate.norm:                            1035606.693 B/op
                 gc.count:                                      3.000 counts
                 gc.time:                                       7.000 ms
                 mempool.CodeHeap 'non-nmethods'.used:          1561.375 KiB
                 mempool.CodeHeap 'non-profiled nmethods'.used: 2932.500 KiB
                 mempool.CodeHeap 'profiled nmethods'.used:     9452.250 KiB
                 mempool.Compressed Class Space.used:           3369.047 KiB
                 mempool.G1 Eden Space.used:                    627712.000 KiB
                 mempool.G1 Old Gen.used:                       15969.430 KiB
                 mempool.G1 Survivor Space.used:                699.516 KiB
                 mempool.Metaspace.used:                        30595.367 KiB
                 mempool.total.codeheap.used:                   13946.125 KiB
                 mempool.total.used:                            692291.484 KiB

Iteration   4: 1114.204 ops/s
                 gc.alloc.rate:                                 1099.784 MB/sec
                 gc.alloc.rate.norm:                            1035606.495 B/op
                 gc.count:                                      4.000 counts
                 gc.time:                                       7.000 ms
                 mempool.CodeHeap 'non-nmethods'.used:          1561.000 KiB
                 mempool.CodeHeap 'non-profiled nmethods'.used: 2936.125 KiB
                 mempool.CodeHeap 'profiled nmethods'.used:     9472.750 KiB
                 mempool.Compressed Class Space.used:           3369.047 KiB
                 mempool.G1 Eden Space.used:                    627712.000 KiB
                 mempool.G1 Old Gen.used:                       16383.195 KiB
                 mempool.G1 Survivor Space.used:                678.086 KiB
                 mempool.Metaspace.used:                        30603.445 KiB
                 mempool.total.codeheap.used:                   13969.875 KiB
                 mempool.total.used:                            692715.648 KiB

Iteration   5: 1088.833 ops/s
                 gc.alloc.rate:                                 1065.602 MB/sec
                 gc.alloc.rate.norm:                            1047154.536 B/op
                 gc.count:                                      3.000 counts
                 gc.time:                                       6.000 ms
                 mempool.CodeHeap 'non-nmethods'.used:          1564.375 KiB
                 mempool.CodeHeap 'non-profiled nmethods'.used: 2944.375 KiB
                 mempool.CodeHeap 'profiled nmethods'.used:     9510.500 KiB
                 mempool.Compressed Class Space.used:           3369.555 KiB
                 mempool.G1 Eden Space.used:                    627712.000 KiB
                 mempool.G1 Old Gen.used:                       16407.672 KiB
                 mempool.G1 Survivor Space.used:                183.844 KiB
                 mempool.Metaspace.used:                        30610.633 KiB
                 mempool.total.codeheap.used:                   14019.250 KiB
                 mempool.total.used:                            692302.953 KiB



Result "io.github.lemon_ant.jharmonizer.printerlab.PrinterBenchmark.serialize":
  944.433 ±(99.9%) 186.112 ops/s [Average]
  (min, avg, max) = (620.960, 944.433, 1118.590), stdev = 174.089
  CI (99.9%): [758.321, 1130.545] (assumes normal distribution)

Secondary result "io.github.lemon_ant.jharmonizer.printerlab.PrinterBenchmark.serialize:gc.alloc.rate":
  929.828 ±(99.9%) 182.755 MB/sec [Average]
  (min, avg, max) = (612.662, 929.828, 1099.784), stdev = 170.949
  CI (99.9%): [747.074, 1112.583] (assumes normal distribution)

Secondary result "io.github.lemon_ant.jharmonizer.printerlab.PrinterBenchmark.serialize:gc.alloc.rate.norm":
  1038266.191 ±(99.9%) 5612.580 B/op [Average]
  (min, avg, max) = (1035606.495, 1038266.191, 1050785.100), stdev = 5250.011
  CI (99.9%): [1032653.611, 1043878.771] (assumes normal distribution)

Secondary result "io.github.lemon_ant.jharmonizer.printerlab.PrinterBenchmark.serialize:gc.count":
  47.000 ±(99.9%) 0.001 counts [Sum]
  (min, avg, max) = (2.000, 3.133, 4.000), stdev = 0.640
  CI (99.9%): [47.000, 47.000] (assumes normal distribution)

Secondary result "io.github.lemon_ant.jharmonizer.printerlab.PrinterBenchmark.serialize:gc.time":
  111.000 ±(99.9%) 0.001 ms [Sum]
  (min, avg, max) = (5.000, 7.400, 11.000), stdev = 1.639
  CI (99.9%): [111.000, 111.000] (assumes normal distribution)

Secondary result "io.github.lemon_ant.jharmonizer.printerlab.PrinterBenchmark.serialize:mempool.CodeHeap 'non-nmethods'.used":
  1606.875 ±(99.9%) 0.001 KiB [Maximum]
  (min, avg, max) = (1546.375, 1574.533, 1606.875), stdev = 21.190
  CI (99.9%): [1606.875, 1606.875] (assumes normal distribution)

Secondary result "io.github.lemon_ant.jharmonizer.printerlab.PrinterBenchmark.serialize:mempool.CodeHeap 'non-profiled nmethods'.used":
  2983.125 ±(99.9%) 0.001 KiB [Maximum]
  (min, avg, max) = (2754.625, 2916.392, 2983.125), stdev = 69.358
  CI (99.9%): [2983.125, 2983.125] (assumes normal distribution)

Secondary result "io.github.lemon_ant.jharmonizer.printerlab.PrinterBenchmark.serialize:mempool.CodeHeap 'profiled nmethods'.used":
  9538.250 ±(99.9%) 0.001 KiB [Maximum]
  (min, avg, max) = (9180.250, 9390.908, 9538.250), stdev = 124.409
  CI (99.9%): [9538.250, 9538.250] (assumes normal distribution)

Secondary result "io.github.lemon_ant.jharmonizer.printerlab.PrinterBenchmark.serialize:mempool.Compressed Class Space.used":
  3369.555 ±(99.9%) 0.001 KiB [Maximum]
  (min, avg, max) = (3331.102, 3351.881, 3369.555), stdev = 15.727
  CI (99.9%): [3369.555, 3369.555] (assumes normal distribution)

Secondary result "io.github.lemon_ant.jharmonizer.printerlab.PrinterBenchmark.serialize:mempool.G1 Eden Space.used":
  627712.000 ±(99.9%) 0.001 KiB [Maximum]
  (min, avg, max) = (627712.000, 627712.000, 627712.000), stdev = 0.001
  CI (99.9%): [627712.000, 627712.000] (assumes normal distribution)

Secondary result "io.github.lemon_ant.jharmonizer.printerlab.PrinterBenchmark.serialize:mempool.G1 Old Gen.used":
  16575.031 ±(99.9%) 0.001 KiB [Maximum]
  (min, avg, max) = (15522.328, 16049.396, 16575.031), stdev = 378.793
  CI (99.9%): [16575.031, 16575.031] (assumes normal distribution)

Secondary result "io.github.lemon_ant.jharmonizer.printerlab.PrinterBenchmark.serialize:mempool.G1 Survivor Space.used":
  5625.688 ±(99.9%) 0.001 KiB [Maximum]
  (min, avg, max) = (183.844, 955.708, 5625.688), stdev = 1317.729
  CI (99.9%): [5625.688, 5625.688] (assumes normal distribution)

Secondary result "io.github.lemon_ant.jharmonizer.printerlab.PrinterBenchmark.serialize:mempool.Metaspace.used":
  30610.633 ±(99.9%) 0.001 KiB [Maximum]
  (min, avg, max) = (30422.367, 30516.662, 30610.633), stdev = 63.918
  CI (99.9%): [30610.633, 30610.633] (assumes normal distribution)

Secondary result "io.github.lemon_ant.jharmonizer.printerlab.PrinterBenchmark.serialize:mempool.total.codeheap.used":
  14084.750 ±(99.9%) 0.001 KiB [Maximum]
  (min, avg, max) = (13540.625, 13881.833, 14084.750), stdev = 168.151
  CI (99.9%): [14084.750, 14084.750] (assumes normal distribution)

Secondary result "io.github.lemon_ant.jharmonizer.printerlab.PrinterBenchmark.serialize:mempool.total.used":
  696154.109 ±(99.9%) 0.001 KiB [Maximum]
  (min, avg, max) = (691253.305, 692467.481, 696154.109), stdev = 1125.689
  CI (99.9%): [696154.109, 696154.109] (assumes normal distribution)


# JMH version: 1.37
# VM version: JDK 21.0.8, OpenJDK 64-Bit Server VM, 21.0.8+9-LTS
# VM invoker: C:\Program Files\Microsoft\jdk-21.0.8.9-hotspot\bin\java.exe
# VM options: -Xms1g -Xmx1g -XX:+UseG1GC -Dfile.encoding=UTF-8 -Duser.language=en -Duser.country=US -Duser.timezone=UTC -Dprinter.lab.corpus=W:\JHarmonizer\core\printer-lab\target\measurement-0f6aa72d\baseline-run\corpus
# Blackhole mode: compiler (auto-detected, use -Djmh.blackhole.autoDetect=false to disable)
# Warmup: 5 iterations, 1 s each
# Measurement: 5 iterations, 2 s each
# Timeout: 10 min per iteration
# Threads: 2 threads, will synchronize iterations
# Benchmark mode: Throughput, ops/time
# Benchmark: io.github.lemon_ant.jharmonizer.printerlab.PrinterBenchmark.serialize
# Parameters: (workload = nested128)

# Run progress: 75.00% complete, ETA 00:01:13
# Fork: 1 of 3
Picked up JAVA_TOOL_OPTIONS: -Dfile.encoding=UTF-8
# Warmup Iteration   1: 243.614 ops/s
# Warmup Iteration   2: 578.525 ops/s
# Warmup Iteration   3: 803.022 ops/s
# Warmup Iteration   4: 820.289 ops/s
# Warmup Iteration   5: 854.845 ops/s
Iteration   1: 854.574 ops/s
                 gc.alloc.rate:                                 1091.347 MB/sec
                 gc.alloc.rate.norm:                            1340779.641 B/op
                 gc.count:                                      4.000 counts
                 gc.time:                                       26.000 ms
                 mempool.CodeHeap 'non-nmethods'.used:          1570.750 KiB
                 mempool.CodeHeap 'non-profiled nmethods'.used: 2640.750 KiB
                 mempool.CodeHeap 'profiled nmethods'.used:     9666.000 KiB
                 mempool.Compressed Class Space.used:           3337.898 KiB
                 mempool.G1 Eden Space.used:                    620544.000 KiB
                 mempool.G1 Old Gen.used:                       8549.094 KiB
                 mempool.G1 Survivor Space.used:                7839.688 KiB
                 mempool.Metaspace.used:                        30571.867 KiB
                 mempool.total.codeheap.used:                   13877.500 KiB
                 mempool.total.used:                            684720.047 KiB

Iteration   2: 825.618 ops/s
                 gc.alloc.rate:                                 1054.529 MB/sec
                 gc.alloc.rate.norm:                            1340723.156 B/op
                 gc.count:                                      4.000 counts
                 gc.time:                                       28.000 ms
                 mempool.CodeHeap 'non-nmethods'.used:          1595.625 KiB
                 mempool.CodeHeap 'non-profiled nmethods'.used: 2705.750 KiB
                 mempool.CodeHeap 'profiled nmethods'.used:     9702.500 KiB
                 mempool.Compressed Class Space.used:           3338.961 KiB
                 mempool.G1 Eden Space.used:                    622592.000 KiB
                 mempool.G1 Old Gen.used:                       15160.203 KiB
                 mempool.G1 Survivor Space.used:                7842.125 KiB
                 mempool.Metaspace.used:                        30586.945 KiB
                 mempool.total.codeheap.used:                   14003.875 KiB
                 mempool.total.used:                            693524.109 KiB

Iteration   3: 848.700 ops/s
                 gc.alloc.rate:                                 1083.396 MB/sec
                 gc.alloc.rate.norm:                            1340573.237 B/op
                 gc.count:                                      3.000 counts
                 gc.time:                                       6.000 ms
                 mempool.CodeHeap 'non-nmethods'.used:          1576.625 KiB
                 mempool.CodeHeap 'non-profiled nmethods'.used: 2738.500 KiB
                 mempool.CodeHeap 'profiled nmethods'.used:     9719.875 KiB
                 mempool.Compressed Class Space.used:           3338.961 KiB
                 mempool.G1 Eden Space.used:                    627712.000 KiB
                 mempool.G1 Old Gen.used:                       16065.102 KiB
                 mempool.G1 Survivor Space.used:                1056.641 KiB
                 mempool.Metaspace.used:                        30595.672 KiB
                 mempool.total.codeheap.used:                   14035.000 KiB
                 mempool.total.used:                            692803.375 KiB

Iteration   4: 672.016 ops/s
                 gc.alloc.rate:                                 857.530 MB/sec
                 gc.alloc.rate.norm:                            1340559.917 B/op
                 gc.count:                                      3.000 counts
                 gc.time:                                       6.000 ms
                 mempool.CodeHeap 'non-nmethods'.used:          1559.125 KiB
                 mempool.CodeHeap 'non-profiled nmethods'.used: 2742.000 KiB
                 mempool.CodeHeap 'profiled nmethods'.used:     9740.000 KiB
                 mempool.Compressed Class Space.used:           3338.961 KiB
                 mempool.G1 Eden Space.used:                    627712.000 KiB
                 mempool.G1 Old Gen.used:                       16073.164 KiB
                 mempool.G1 Survivor Space.used:                146.781 KiB
                 mempool.Metaspace.used:                        30603.359 KiB
                 mempool.total.codeheap.used:                   14041.125 KiB
                 mempool.total.used:                            691915.391 KiB

Iteration   5: 498.137 ops/s
                 gc.alloc.rate:                                 623.237 MB/sec
                 gc.alloc.rate.norm:                            1379139.131 B/op
                 gc.count:                                      2.000 counts
                 gc.time:                                       4.000 ms
                 mempool.CodeHeap 'non-nmethods'.used:          1571.375 KiB
                 mempool.CodeHeap 'non-profiled nmethods'.used: 2764.875 KiB
                 mempool.CodeHeap 'profiled nmethods'.used:     9758.250 KiB
                 mempool.Compressed Class Space.used:           3339.469 KiB
                 mempool.G1 Eden Space.used:                    627712.000 KiB
                 mempool.G1 Old Gen.used:                       16088.773 KiB
                 mempool.G1 Survivor Space.used:                100.859 KiB
                 mempool.Metaspace.used:                        30608.492 KiB
                 mempool.total.codeheap.used:                   14094.500 KiB
                 mempool.total.used:                            691944.094 KiB


# Run progress: 83.33% complete, ETA 00:00:49
# Fork: 2 of 3
Picked up JAVA_TOOL_OPTIONS: -Dfile.encoding=UTF-8
# Warmup Iteration   1: 230.008 ops/s
# Warmup Iteration   2: 450.226 ops/s
# Warmup Iteration   3: 608.611 ops/s
# Warmup Iteration   4: 628.357 ops/s
# Warmup Iteration   5: 452.813 ops/s
Iteration   1: 532.625 ops/s
                 gc.alloc.rate:                                 679.694 MB/sec
                 gc.alloc.rate.norm:                            1340830.080 B/op
                 gc.count:                                      2.000 counts
                 gc.time:                                       16.000 ms
                 mempool.CodeHeap 'non-nmethods'.used:          1572.625 KiB
                 mempool.CodeHeap 'non-profiled nmethods'.used: 2588.875 KiB
                 mempool.CodeHeap 'profiled nmethods'.used:     9740.875 KiB
                 mempool.Compressed Class Space.used:           3331.531 KiB
                 mempool.G1 Eden Space.used:                    620544.000 KiB
                 mempool.G1 Old Gen.used:                       8535.109 KiB
                 mempool.G1 Survivor Space.used:                7822.844 KiB
                 mempool.Metaspace.used:                        30616.578 KiB
                 mempool.total.codeheap.used:                   13902.375 KiB
                 mempool.total.used:                            684752.438 KiB

Iteration   2: 454.153 ops/s
                 gc.alloc.rate:                                 580.330 MB/sec
                 gc.alloc.rate.norm:                            1340823.860 B/op
                 gc.count:                                      2.000 counts
                 gc.time:                                       14.000 ms
                 mempool.CodeHeap 'non-nmethods'.used:          1566.125 KiB
                 mempool.CodeHeap 'non-profiled nmethods'.used: 2618.250 KiB
                 mempool.CodeHeap 'profiled nmethods'.used:     9774.375 KiB
                 mempool.Compressed Class Space.used:           3332.594 KiB
                 mempool.G1 Eden Space.used:                    620544.000 KiB
                 mempool.G1 Old Gen.used:                       8535.109 KiB
                 mempool.G1 Survivor Space.used:                7822.844 KiB
                 mempool.Metaspace.used:                        30631.906 KiB
                 mempool.total.codeheap.used:                   13958.750 KiB
                 mempool.total.used:                            684825.203 KiB

Iteration   3: 507.629 ops/s
                 gc.alloc.rate:                                 647.468 MB/sec
                 gc.alloc.rate.norm:                            1340782.297 B/op
                 gc.count:                                      2.000 counts
                 gc.time:                                       16.000 ms
                 mempool.CodeHeap 'non-nmethods'.used:          1558.750 KiB
                 mempool.CodeHeap 'non-profiled nmethods'.used: 2622.875 KiB
                 mempool.CodeHeap 'profiled nmethods'.used:     9785.875 KiB
                 mempool.Compressed Class Space.used:           3332.594 KiB
                 mempool.G1 Eden Space.used:                    620544.000 KiB
                 mempool.G1 Old Gen.used:                       8535.109 KiB
                 mempool.G1 Survivor Space.used:                7821.875 KiB
                 mempool.Metaspace.used:                        30640.008 KiB
                 mempool.total.codeheap.used:                   13967.500 KiB
                 mempool.total.used:                            684841.086 KiB

Iteration   4: 466.958 ops/s
                 gc.alloc.rate:                                 596.327 MB/sec
                 gc.alloc.rate.norm:                            1340754.361 B/op
                 gc.count:                                      2.000 counts
                 gc.time:                                       18.000 ms
                 mempool.CodeHeap 'non-nmethods'.used:          1603.125 KiB
                 mempool.CodeHeap 'non-profiled nmethods'.used: 2684.500 KiB
                 mempool.CodeHeap 'profiled nmethods'.used:     9806.000 KiB
                 mempool.Compressed Class Space.used:           3332.594 KiB
                 mempool.G1 Eden Space.used:                    620544.000 KiB
                 mempool.G1 Old Gen.used:                       10679.984 KiB
                 mempool.G1 Survivor Space.used:                7841.406 KiB
                 mempool.Metaspace.used:                        30648.898 KiB
                 mempool.total.codeheap.used:                   14093.625 KiB
                 mempool.total.used:                            687140.508 KiB

Iteration   5: 508.486 ops/s
                 gc.alloc.rate:                                 628.401 MB/sec
                 gc.alloc.rate.norm:                            1378461.963 B/op
                 gc.count:                                      2.000 counts
                 gc.time:                                       10.000 ms
                 mempool.CodeHeap 'non-nmethods'.used:          1578.875 KiB
                 mempool.CodeHeap 'non-profiled nmethods'.used: 2758.750 KiB
                 mempool.CodeHeap 'profiled nmethods'.used:     9831.250 KiB
                 mempool.Compressed Class Space.used:           3333.102 KiB
                 mempool.G1 Eden Space.used:                    627712.000 KiB
                 mempool.G1 Old Gen.used:                       15850.266 KiB
                 mempool.G1 Survivor Space.used:                5611.227 KiB
                 mempool.Metaspace.used:                        30654.750 KiB
                 mempool.total.codeheap.used:                   14168.875 KiB
                 mempool.total.used:                            697330.219 KiB


# Run progress: 91.67% complete, ETA 00:00:24
# Fork: 3 of 3
Picked up JAVA_TOOL_OPTIONS: -Dfile.encoding=UTF-8
# Warmup Iteration   1: 187.186 ops/s
# Warmup Iteration   2: 277.618 ops/s
# Warmup Iteration   3: 637.183 ops/s
# Warmup Iteration   4: 542.682 ops/s
# Warmup Iteration   5: 590.928 ops/s
Iteration   1: 580.831 ops/s
                 gc.alloc.rate:                                 740.335 MB/sec
                 gc.alloc.rate.norm:                            1337702.106 B/op
                 gc.count:                                      3.000 counts
                 gc.time:                                       22.000 ms
                 mempool.CodeHeap 'non-nmethods'.used:          1580.500 KiB
                 mempool.CodeHeap 'non-profiled nmethods'.used: 2738.500 KiB
                 mempool.CodeHeap 'profiled nmethods'.used:     10252.750 KiB
                 mempool.Compressed Class Space.used:           3342.852 KiB
                 mempool.G1 Eden Space.used:                    621568.000 KiB
                 mempool.G1 Old Gen.used:                       8587.727 KiB
                 mempool.G1 Survivor Space.used:                7851.742 KiB
                 mempool.Metaspace.used:                        30724.109 KiB
                 mempool.total.codeheap.used:                   14571.750 KiB
                 mempool.total.used:                            686646.180 KiB

Iteration   2: 757.238 ops/s
                 gc.alloc.rate:                                 964.946 MB/sec
                 gc.alloc.rate.norm:                            1337549.197 B/op
                 gc.count:                                      3.000 counts
                 gc.time:                                       19.000 ms
                 mempool.CodeHeap 'non-nmethods'.used:          1566.000 KiB
                 mempool.CodeHeap 'non-profiled nmethods'.used: 2754.000 KiB
                 mempool.CodeHeap 'profiled nmethods'.used:     10286.250 KiB
                 mempool.Compressed Class Space.used:           3343.914 KiB
                 mempool.G1 Eden Space.used:                    620544.000 KiB
                 mempool.G1 Old Gen.used:                       8587.727 KiB
                 mempool.G1 Survivor Space.used:                7851.742 KiB
                 mempool.Metaspace.used:                        30739.414 KiB
                 mempool.total.codeheap.used:                   14606.250 KiB
                 mempool.total.used:                            685673.047 KiB

Iteration   3: 790.990 ops/s
                 gc.alloc.rate:                                 1008.319 MB/sec
                 gc.alloc.rate.norm:                            1337532.050 B/op
                 gc.count:                                      3.000 counts
                 gc.time:                                       20.000 ms
                 mempool.CodeHeap 'non-nmethods'.used:          1604.250 KiB
                 mempool.CodeHeap 'non-profiled nmethods'.used: 2836.125 KiB
                 mempool.CodeHeap 'profiled nmethods'.used:     10300.375 KiB
                 mempool.Compressed Class Space.used:           3343.914 KiB
                 mempool.G1 Eden Space.used:                    620544.000 KiB
                 mempool.G1 Old Gen.used:                       10721.078 KiB
                 mempool.G1 Survivor Space.used:                7825.344 KiB
                 mempool.Metaspace.used:                        30747.516 KiB
                 mempool.total.codeheap.used:                   14740.750 KiB
                 mempool.total.used:                            687922.602 KiB

Iteration   4: 816.545 ops/s
                 gc.alloc.rate:                                 1040.185 MB/sec
                 gc.alloc.rate.norm:                            1337435.708 B/op
                 gc.count:                                      4.000 counts
                 gc.time:                                       12.000 ms
                 mempool.CodeHeap 'non-nmethods'.used:          1564.750 KiB
                 mempool.CodeHeap 'non-profiled nmethods'.used: 2846.125 KiB
                 mempool.CodeHeap 'profiled nmethods'.used:     10317.750 KiB
                 mempool.Compressed Class Space.used:           3343.914 KiB
                 mempool.G1 Eden Space.used:                    627712.000 KiB
                 mempool.G1 Old Gen.used:                       16247.875 KiB
                 mempool.G1 Survivor Space.used:                5620.578 KiB
                 mempool.Metaspace.used:                        30755.203 KiB
                 mempool.total.codeheap.used:                   14728.625 KiB
                 mempool.total.used:                            698408.195 KiB

Iteration   5: 829.823 ops/s
                 gc.alloc.rate:                                 1040.067 MB/sec
                 gc.alloc.rate.norm:                            1360492.597 B/op
                 gc.count:                                      3.000 counts
                 gc.time:                                       6.000 ms
                 mempool.CodeHeap 'non-nmethods'.used:          1565.125 KiB
                 mempool.CodeHeap 'non-profiled nmethods'.used: 2854.875 KiB
                 mempool.CodeHeap 'profiled nmethods'.used:     10334.750 KiB
                 mempool.Compressed Class Space.used:           3344.422 KiB
                 mempool.G1 Eden Space.used:                    627712.000 KiB
                 mempool.G1 Old Gen.used:                       16273.625 KiB
                 mempool.G1 Survivor Space.used:                140.063 KiB
                 mempool.Metaspace.used:                        30759.914 KiB
                 mempool.total.codeheap.used:                   14754.750 KiB
                 mempool.total.used:                            692984.773 KiB



Result "io.github.lemon_ant.jharmonizer.printerlab.PrinterBenchmark.serialize":
  662.955 ±(99.9%) 170.326 ops/s [Average]
  (min, avg, max) = (454.153, 662.955, 854.574), stdev = 159.323
  CI (99.9%): [492.629, 833.281] (assumes normal distribution)

Secondary result "io.github.lemon_ant.jharmonizer.printerlab.PrinterBenchmark.serialize:gc.alloc.rate":
  842.407 ±(99.9%) 218.340 MB/sec [Average]
  (min, avg, max) = (580.330, 842.407, 1091.347), stdev = 204.235
  CI (99.9%): [624.067, 1060.747] (assumes normal distribution)

Secondary result "io.github.lemon_ant.jharmonizer.printerlab.PrinterBenchmark.serialize:gc.alloc.rate.norm":
  1346275.953 ±(99.9%) 15302.890 B/op [Average]
  (min, avg, max) = (1337435.708, 1346275.953, 1379139.131), stdev = 14314.333
  CI (99.9%): [1330973.063, 1361578.843] (assumes normal distribution)

Secondary result "io.github.lemon_ant.jharmonizer.printerlab.PrinterBenchmark.serialize:gc.count":
  42.000 ±(99.9%) 0.001 counts [Sum]
  (min, avg, max) = (2.000, 2.800, 4.000), stdev = 0.775
  CI (99.9%): [42.000, 42.000] (assumes normal distribution)

Secondary result "io.github.lemon_ant.jharmonizer.printerlab.PrinterBenchmark.serialize:gc.time":
  223.000 ±(99.9%) 0.001 ms [Sum]
  (min, avg, max) = (4.000, 14.867, 28.000), stdev = 7.511
  CI (99.9%): [223.000, 223.000] (assumes normal distribution)

Secondary result "io.github.lemon_ant.jharmonizer.printerlab.PrinterBenchmark.serialize:mempool.CodeHeap 'non-nmethods'.used":
  1604.250 ±(99.9%) 0.001 KiB [Maximum]
  (min, avg, max) = (1558.750, 1575.575, 1604.250), stdev = 14.712
  CI (99.9%): [1604.250, 1604.250] (assumes normal distribution)

Secondary result "io.github.lemon_ant.jharmonizer.printerlab.PrinterBenchmark.serialize:mempool.CodeHeap 'non-profiled nmethods'.used":
  2854.875 ±(99.9%) 0.001 KiB [Maximum]
  (min, avg, max) = (2588.875, 2726.317, 2854.875), stdev = 83.473
  CI (99.9%): [2854.875, 2854.875] (assumes normal distribution)

Secondary result "io.github.lemon_ant.jharmonizer.printerlab.PrinterBenchmark.serialize:mempool.CodeHeap 'profiled nmethods'.used":
  10334.750 ±(99.9%) 0.001 KiB [Maximum]
  (min, avg, max) = (9666.000, 9934.458, 10334.750), stdev = 269.818
  CI (99.9%): [10334.750, 10334.750] (assumes normal distribution)

Secondary result "io.github.lemon_ant.jharmonizer.printerlab.PrinterBenchmark.serialize:mempool.Compressed Class Space.used":
  3344.422 ±(99.9%) 0.001 KiB [Maximum]
  (min, avg, max) = (3331.531, 3338.379, 3344.422), stdev = 4.826
  CI (99.9%): [3344.422, 3344.422] (assumes normal distribution)

Secondary result "io.github.lemon_ant.jharmonizer.printerlab.PrinterBenchmark.serialize:mempool.G1 Eden Space.used":
  627712.000 ±(99.9%) 0.001 KiB [Maximum]
  (min, avg, max) = (620544.000, 623616.000, 627712.000), stdev = 3504.757
  CI (99.9%): [627712.000, 627712.000] (assumes normal distribution)

Secondary result "io.github.lemon_ant.jharmonizer.printerlab.PrinterBenchmark.serialize:mempool.G1 Old Gen.used":
  16273.625 ±(99.9%) 0.001 KiB [Maximum]
  (min, avg, max) = (8535.109, 12299.330, 16273.625), stdev = 3627.278
  CI (99.9%): [16273.625, 16273.625] (assumes normal distribution)

Secondary result "io.github.lemon_ant.jharmonizer.printerlab.PrinterBenchmark.serialize:mempool.G1 Survivor Space.used":
  7851.742 ±(99.9%) 0.001 KiB [Maximum]
  (min, avg, max) = (100.859, 5546.384, 7851.742), stdev = 3331.317
  CI (99.9%): [7851.742, 7851.742] (assumes normal distribution)

Secondary result "io.github.lemon_ant.jharmonizer.printerlab.PrinterBenchmark.serialize:mempool.Metaspace.used":
  30759.914 ±(99.9%) 0.001 KiB [Maximum]
  (min, avg, max) = (30571.867, 30658.976, 30759.914), stdev = 67.313
  CI (99.9%): [30759.914, 30759.914] (assumes normal distribution)

Secondary result "io.github.lemon_ant.jharmonizer.printerlab.PrinterBenchmark.serialize:mempool.total.codeheap.used":
  14754.750 ±(99.9%) 0.001 KiB [Maximum]
  (min, avg, max) = (13877.500, 14236.350, 14754.750), stdev = 336.177
  CI (99.9%): [14754.750, 14754.750] (assumes normal distribution)

Secondary result "io.github.lemon_ant.jharmonizer.printerlab.PrinterBenchmark.serialize:mempool.total.used":
  698408.195 ±(99.9%) 0.001 KiB [Maximum]
  (min, avg, max) = (684720.047, 689695.418, 698408.195), stdev = 4712.781
  CI (99.9%): [698408.195, 698408.195] (assumes normal distribution)


# Run complete. Total time: 00:04:59

REMEMBER: The numbers below are just data. To gain reusable insights, you need to follow up on
why the numbers are the way they are. Use profilers (see -prof, -lprof), design factorial
experiments, perform baseline and negative tests that provide experimental control, make sure
the benchmarking environment is safe on JVM/OS/HW level, ask for reviews from the domain experts.
Do not assume the numbers tell you what you want them to tell.

NOTE: Current JVM experimentally supports Compiler Blackholes, and they are in use. Please exercise
extra caution when trusting the results, look into the generated code to check the benchmark still
works, and factor in a small probability of new VM bugs. Additionally, while comparisons between
different JVMs are already problematic, the performance difference caused by different Blackhole
modes can be very significant. Please make sure you use the consistent Blackhole mode for comparisons.

Benchmark                                                                 (workload)   Mode  Cnt        Score       Error   Units
PrinterBenchmark.serialize                                                  fixtures  thrpt   15     1286.081 ±   367.745   ops/s
PrinterBenchmark.serialize:gc.alloc.rate                                    fixtures  thrpt   15      634.537 ±   179.404  MB/sec
PrinterBenchmark.serialize:gc.alloc.rate.norm                               fixtures  thrpt   15   520784.064 ±  1897.065    B/op
PrinterBenchmark.serialize:gc.count                                         fixtures  thrpt   15       32.000              counts
PrinterBenchmark.serialize:gc.time                                          fixtures  thrpt   15      283.000                  ms
PrinterBenchmark.serialize:mempool.CodeHeap 'non-nmethods'.used             fixtures  thrpt   15     1654.875                 KiB
PrinterBenchmark.serialize:mempool.CodeHeap 'non-profiled nmethods'.used    fixtures  thrpt   15     5042.500                 KiB
PrinterBenchmark.serialize:mempool.CodeHeap 'profiled nmethods'.used        fixtures  thrpt   15    12203.000                 KiB
PrinterBenchmark.serialize:mempool.Compressed Class Space.used              fixtures  thrpt   15     3832.539                 KiB
PrinterBenchmark.serialize:mempool.G1 Eden Space.used                       fixtures  thrpt   15   620544.000                 KiB
PrinterBenchmark.serialize:mempool.G1 Old Gen.used                          fixtures  thrpt   15    10940.789                 KiB
PrinterBenchmark.serialize:mempool.G1 Survivor Space.used                   fixtures  thrpt   15     8362.125                 KiB
PrinterBenchmark.serialize:mempool.Metaspace.used                           fixtures  thrpt   15    33288.813                 KiB
PrinterBenchmark.serialize:mempool.total.codeheap.used                      fixtures  thrpt   15    18645.875                 KiB
PrinterBenchmark.serialize:mempool.total.used                               fixtures  thrpt   15   695190.570                 KiB
PrinterBenchmark.serialize                                                   flat128  thrpt   15     8344.599 ±  1337.317   ops/s
PrinterBenchmark.serialize:gc.alloc.rate                                     flat128  thrpt   15     1069.010 ±   167.552  MB/sec
PrinterBenchmark.serialize:gc.alloc.rate.norm                                flat128  thrpt   15   134634.001 ±  1073.862    B/op
PrinterBenchmark.serialize:gc.count                                          flat128  thrpt   15       53.000              counts
PrinterBenchmark.serialize:gc.time                                           flat128  thrpt   15      233.000                  ms
PrinterBenchmark.serialize:mempool.CodeHeap 'non-nmethods'.used              flat128  thrpt   15     1562.750                 KiB
PrinterBenchmark.serialize:mempool.CodeHeap 'non-profiled nmethods'.used     flat128  thrpt   15     2472.250                 KiB
PrinterBenchmark.serialize:mempool.CodeHeap 'profiled nmethods'.used         flat128  thrpt   15     8043.125                 KiB
PrinterBenchmark.serialize:mempool.Compressed Class Space.used               flat128  thrpt   15     3374.406                 KiB
PrinterBenchmark.serialize:mempool.G1 Eden Space.used                        flat128  thrpt   15   627712.000                 KiB
PrinterBenchmark.serialize:mempool.G1 Old Gen.used                           flat128  thrpt   15    15057.852                 KiB
PrinterBenchmark.serialize:mempool.G1 Survivor Space.used                    flat128  thrpt   15     6896.563                 KiB
PrinterBenchmark.serialize:mempool.Metaspace.used                            flat128  thrpt   15    30116.922                 KiB
PrinterBenchmark.serialize:mempool.total.codeheap.used                       flat128  thrpt   15    12066.125                 KiB
PrinterBenchmark.serialize:mempool.total.used                                flat128  thrpt   15   694423.172                 KiB
PrinterBenchmark.serialize                                                  flat1024  thrpt   15      944.433 ±   186.112   ops/s
PrinterBenchmark.serialize:gc.alloc.rate                                    flat1024  thrpt   15      929.828 ±   182.755  MB/sec
PrinterBenchmark.serialize:gc.alloc.rate.norm                               flat1024  thrpt   15  1038266.191 ±  5612.580    B/op
PrinterBenchmark.serialize:gc.count                                         flat1024  thrpt   15       47.000              counts
PrinterBenchmark.serialize:gc.time                                          flat1024  thrpt   15      111.000                  ms
PrinterBenchmark.serialize:mempool.CodeHeap 'non-nmethods'.used             flat1024  thrpt   15     1606.875                 KiB
PrinterBenchmark.serialize:mempool.CodeHeap 'non-profiled nmethods'.used    flat1024  thrpt   15     2983.125                 KiB
PrinterBenchmark.serialize:mempool.CodeHeap 'profiled nmethods'.used        flat1024  thrpt   15     9538.250                 KiB
PrinterBenchmark.serialize:mempool.Compressed Class Space.used              flat1024  thrpt   15     3369.555                 KiB
PrinterBenchmark.serialize:mempool.G1 Eden Space.used                       flat1024  thrpt   15   627712.000                 KiB
PrinterBenchmark.serialize:mempool.G1 Old Gen.used                          flat1024  thrpt   15    16575.031                 KiB
PrinterBenchmark.serialize:mempool.G1 Survivor Space.used                   flat1024  thrpt   15     5625.688                 KiB
PrinterBenchmark.serialize:mempool.Metaspace.used                           flat1024  thrpt   15    30610.633                 KiB
PrinterBenchmark.serialize:mempool.total.codeheap.used                      flat1024  thrpt   15    14084.750                 KiB
PrinterBenchmark.serialize:mempool.total.used                               flat1024  thrpt   15   696154.109                 KiB
PrinterBenchmark.serialize                                                 nested128  thrpt   15      662.955 ±   170.326   ops/s
PrinterBenchmark.serialize:gc.alloc.rate                                   nested128  thrpt   15      842.407 ±   218.340  MB/sec
PrinterBenchmark.serialize:gc.alloc.rate.norm                              nested128  thrpt   15  1346275.953 ± 15302.890    B/op
PrinterBenchmark.serialize:gc.count                                        nested128  thrpt   15       42.000              counts
PrinterBenchmark.serialize:gc.time                                         nested128  thrpt   15      223.000                  ms
PrinterBenchmark.serialize:mempool.CodeHeap 'non-nmethods'.used            nested128  thrpt   15     1604.250                 KiB
PrinterBenchmark.serialize:mempool.CodeHeap 'non-profiled nmethods'.used   nested128  thrpt   15     2854.875                 KiB
PrinterBenchmark.serialize:mempool.CodeHeap 'profiled nmethods'.used       nested128  thrpt   15    10334.750                 KiB
PrinterBenchmark.serialize:mempool.Compressed Class Space.used             nested128  thrpt   15     3344.422                 KiB
PrinterBenchmark.serialize:mempool.G1 Eden Space.used                      nested128  thrpt   15   627712.000                 KiB
PrinterBenchmark.serialize:mempool.G1 Old Gen.used                         nested128  thrpt   15    16273.625                 KiB
PrinterBenchmark.serialize:mempool.G1 Survivor Space.used                  nested128  thrpt   15     7851.742                 KiB
PrinterBenchmark.serialize:mempool.Metaspace.used                          nested128  thrpt   15    30759.914                 KiB
PrinterBenchmark.serialize:mempool.total.codeheap.used                     nested128  thrpt   15    14754.750                 KiB
PrinterBenchmark.serialize:mempool.total.used                              nested128  thrpt   15   698408.195                 KiB

Benchmark result is saved to W:\JHarmonizer\core\printer-lab\target\measurement-0f6aa72d\baseline-run\throughput-t2.raw.json
