# SPDX-FileCopyrightText: 2026 Anton Lem <antonlem78@gmail.com>
# SPDX-License-Identifier: Apache-2.0
# JMH version: 1.37
# VM version: JDK 21.0.8, OpenJDK 64-Bit Server VM, 21.0.8+9-LTS
# VM invoker: C:\Program Files\Microsoft\jdk-21.0.8.9-hotspot\bin\java.exe
# VM options: -Xms1g -Xmx1g -XX:+UseG1GC -Dfile.encoding=UTF-8 -Duser.language=en -Duser.country=US -Duser.timezone=UTC -Dprinter.lab.corpus=W:\JHarmonizer\core\printer-lab\target\measurement-0f6aa72d\baseline-run\corpus
# Blackhole mode: compiler (auto-detected, use -Djmh.blackhole.autoDetect=false to disable)
# Warmup: 5 iterations, 1 s each
# Measurement: 5 iterations, 2 s each
# Timeout: 10 min per iteration
# Threads: 1 thread, will synchronize iterations
# Benchmark mode: Throughput, ops/time
# Benchmark: io.github.lemon_ant.jharmonizer.printerlab.PrinterBenchmark.serialize
# Parameters: (workload = fixtures)

# Run progress: 0.00% complete, ETA 00:03:00
# Fork: 1 of 3
Picked up JAVA_TOOL_OPTIONS: -Dfile.encoding=UTF-8
# Warmup Iteration   1: 91.910 ops/s
# Warmup Iteration   2: 83.719 ops/s
# Warmup Iteration   3: 276.476 ops/s
# Warmup Iteration   4: 149.395 ops/s
# Warmup Iteration   5: 216.568 ops/s
Iteration   1: 484.269 ops/s
                 gc.alloc.rate:                                 239.909 MB/sec
                 gc.alloc.rate.norm:                            519876.169 B/op
                 gc.count:                                      1.000 counts
                 gc.time:                                       12.000 ms
                 mempool.CodeHeap 'non-nmethods'.used:          1647.125 KiB
                 mempool.CodeHeap 'non-profiled nmethods'.used: 3329.000 KiB
                 mempool.CodeHeap 'profiled nmethods'.used:     10764.875 KiB
                 mempool.Compressed Class Space.used:           3546.273 KiB
                 mempool.G1 Eden Space.used:                    621568.000 KiB
                 mempool.G1 Old Gen.used:                       9019.602 KiB
                 mempool.G1 Survivor Space.used:                6698.063 KiB
                 mempool.Metaspace.used:                        32122.945 KiB
                 mempool.total.codeheap.used:                   15741.000 KiB
                 mempool.total.used:                            688695.883 KiB

Iteration   2: 594.105 ops/s
                 gc.alloc.rate:                                 292.205 MB/sec
                 gc.alloc.rate.norm:                            518284.541 B/op
                 gc.count:                                      1.000 counts
                 gc.time:                                       7.000 ms
                 mempool.CodeHeap 'non-nmethods'.used:          1665.875 KiB
                 mempool.CodeHeap 'non-profiled nmethods'.used: 3924.500 KiB
                 mempool.CodeHeap 'profiled nmethods'.used:     10957.625 KiB
                 mempool.Compressed Class Space.used:           3547.336 KiB
                 mempool.G1 Eden Space.used:                    621568.000 KiB
                 mempool.G1 Old Gen.used:                       9019.602 KiB
                 mempool.G1 Survivor Space.used:                6690.438 KiB
                 mempool.Metaspace.used:                        32134.984 KiB
                 mempool.total.codeheap.used:                   16548.000 KiB
                 mempool.total.used:                            689508.359 KiB

Iteration   3: 765.865 ops/s
                 gc.alloc.rate:                                 377.913 MB/sec
                 gc.alloc.rate.norm:                            517663.881 B/op
                 gc.count:                                      1.000 counts
                 gc.time:                                       7.000 ms
                 mempool.CodeHeap 'non-nmethods'.used:          1615.750 KiB
                 mempool.CodeHeap 'non-profiled nmethods'.used: 4195.500 KiB
                 mempool.CodeHeap 'profiled nmethods'.used:     10961.375 KiB
                 mempool.Compressed Class Space.used:           3547.336 KiB
                 mempool.G1 Eden Space.used:                    621568.000 KiB
                 mempool.G1 Old Gen.used:                       9019.602 KiB
                 mempool.G1 Survivor Space.used:                6642.633 KiB
                 mempool.Metaspace.used:                        32138.094 KiB
                 mempool.total.codeheap.used:                   16772.625 KiB
                 mempool.total.used:                            689688.289 KiB

Iteration   4: 802.541 ops/s
                 gc.alloc.rate:                                 395.997 MB/sec
                 gc.alloc.rate.norm:                            517596.881 B/op
                 gc.count:                                      2.000 counts
                 gc.time:                                       15.000 ms
                 mempool.CodeHeap 'non-nmethods'.used:          1629.875 KiB
                 mempool.CodeHeap 'non-profiled nmethods'.used: 4337.625 KiB
                 mempool.CodeHeap 'profiled nmethods'.used:     10978.125 KiB
                 mempool.Compressed Class Space.used:           3547.336 KiB
                 mempool.G1 Eden Space.used:                    621568.000 KiB
                 mempool.G1 Old Gen.used:                       9019.602 KiB
                 mempool.G1 Survivor Space.used:                6642.633 KiB
                 mempool.Metaspace.used:                        32147.320 KiB
                 mempool.total.codeheap.used:                   16945.625 KiB
                 mempool.total.used:                            689870.516 KiB

Iteration   5: 969.573 ops/s
                 gc.alloc.rate:                                 473.697 MB/sec
                 gc.alloc.rate.norm:                            520996.642 B/op
                 gc.count:                                      1.000 counts
                 gc.time:                                       5.000 ms
                 mempool.CodeHeap 'non-nmethods'.used:          1626.000 KiB
                 mempool.CodeHeap 'non-profiled nmethods'.used: 4502.375 KiB
                 mempool.CodeHeap 'profiled nmethods'.used:     11107.250 KiB
                 mempool.Compressed Class Space.used:           3547.336 KiB
                 mempool.G1 Eden Space.used:                    621568.000 KiB
                 mempool.G1 Old Gen.used:                       9019.602 KiB
                 mempool.G1 Survivor Space.used:                6888.344 KiB
                 mempool.Metaspace.used:                        32166.359 KiB
                 mempool.total.codeheap.used:                   17235.625 KiB
                 mempool.total.used:                            690425.266 KiB


# Run progress: 8.33% complete, ETA 00:04:28
# Fork: 2 of 3
Picked up JAVA_TOOL_OPTIONS: -Dfile.encoding=UTF-8
# Warmup Iteration   1: 129.388 ops/s
# Warmup Iteration   2: 241.501 ops/s
# Warmup Iteration   3: 253.963 ops/s
# Warmup Iteration   4: 205.943 ops/s
# Warmup Iteration   5: 249.764 ops/s
Iteration   1: 463.741 ops/s
                 gc.alloc.rate:                                 228.999 MB/sec
                 gc.alloc.rate.norm:                            518104.910 B/op
                 gc.count:                                      1.000 counts
                 gc.time:                                       9.000 ms
                 mempool.CodeHeap 'non-nmethods'.used:          1647.500 KiB
                 mempool.CodeHeap 'non-profiled nmethods'.used: 3517.125 KiB
                 mempool.CodeHeap 'profiled nmethods'.used:     10639.625 KiB
                 mempool.Compressed Class Space.used:           3544.820 KiB
                 mempool.G1 Eden Space.used:                    621568.000 KiB
                 mempool.G1 Old Gen.used:                       9050.172 KiB
                 mempool.G1 Survivor Space.used:                7023.563 KiB
                 mempool.Metaspace.used:                        32098.727 KiB
                 mempool.total.codeheap.used:                   15804.250 KiB
                 mempool.total.used:                            689089.531 KiB

Iteration   2: 679.885 ops/s
                 gc.alloc.rate:                                 335.087 MB/sec
                 gc.alloc.rate.norm:                            517198.257 B/op
                 gc.count:                                      1.000 counts
                 gc.time:                                       7.000 ms
                 mempool.CodeHeap 'non-nmethods'.used:          1661.375 KiB
                 mempool.CodeHeap 'non-profiled nmethods'.used: 3980.250 KiB
                 mempool.CodeHeap 'profiled nmethods'.used:     10768.375 KiB
                 mempool.Compressed Class Space.used:           3545.883 KiB
                 mempool.G1 Eden Space.used:                    621568.000 KiB
                 mempool.G1 Old Gen.used:                       9050.172 KiB
                 mempool.G1 Survivor Space.used:                6710.344 KiB
                 mempool.Metaspace.used:                        32111.102 KiB
                 mempool.total.codeheap.used:                   16410.000 KiB
                 mempool.total.used:                            689395.500 KiB

Iteration   3: 945.865 ops/s
                 gc.alloc.rate:                                 465.970 MB/sec
                 gc.alloc.rate.norm:                            516811.783 B/op
                 gc.count:                                      2.000 counts
                 gc.time:                                       14.000 ms
                 mempool.CodeHeap 'non-nmethods'.used:          1606.875 KiB
                 mempool.CodeHeap 'non-profiled nmethods'.used: 4108.750 KiB
                 mempool.CodeHeap 'profiled nmethods'.used:     10779.500 KiB
                 mempool.Compressed Class Space.used:           3545.883 KiB
                 mempool.G1 Eden Space.used:                    621568.000 KiB
                 mempool.G1 Old Gen.used:                       9050.172 KiB
                 mempool.G1 Survivor Space.used:                6729.438 KiB
                 mempool.Metaspace.used:                        32122.227 KiB
                 mempool.total.codeheap.used:                   16495.125 KiB
                 mempool.total.used:                            689510.844 KiB

Iteration   4: 991.746 ops/s
                 gc.alloc.rate:                                 488.538 MB/sec
                 gc.alloc.rate.norm:                            516742.277 B/op
                 gc.count:                                      1.000 counts
                 gc.time:                                       6.000 ms
                 mempool.CodeHeap 'non-nmethods'.used:          1628.125 KiB
                 mempool.CodeHeap 'non-profiled nmethods'.used: 4276.500 KiB
                 mempool.CodeHeap 'profiled nmethods'.used:     10796.500 KiB
                 mempool.Compressed Class Space.used:           3545.883 KiB
                 mempool.G1 Eden Space.used:                    621568.000 KiB
                 mempool.G1 Old Gen.used:                       9050.172 KiB
                 mempool.G1 Survivor Space.used:                6729.438 KiB
                 mempool.Metaspace.used:                        32129.477 KiB
                 mempool.total.codeheap.used:                   16701.125 KiB
                 mempool.total.used:                            689724.094 KiB

Iteration   5: 985.901 ops/s
                 gc.alloc.rate:                                 479.383 MB/sec
                 gc.alloc.rate.norm:                            520015.968 B/op
                 gc.count:                                      2.000 counts
                 gc.time:                                       14.000 ms
                 mempool.CodeHeap 'non-nmethods'.used:          1618.625 KiB
                 mempool.CodeHeap 'non-profiled nmethods'.used: 4525.750 KiB
                 mempool.CodeHeap 'profiled nmethods'.used:     10911.250 KiB
                 mempool.Compressed Class Space.used:           3545.883 KiB
                 mempool.G1 Eden Space.used:                    621568.000 KiB
                 mempool.G1 Old Gen.used:                       9050.172 KiB
                 mempool.G1 Survivor Space.used:                6715.281 KiB
                 mempool.Metaspace.used:                        32147.242 KiB
                 mempool.total.codeheap.used:                   17055.625 KiB
                 mempool.total.used:                            690082.203 KiB


# Run progress: 16.67% complete, ETA 00:03:54
# Fork: 3 of 3
Picked up JAVA_TOOL_OPTIONS: -Dfile.encoding=UTF-8
# Warmup Iteration   1: 135.219 ops/s
# Warmup Iteration   2: 232.354 ops/s
# Warmup Iteration   3: 333.744 ops/s
# Warmup Iteration   4: 312.710 ops/s
# Warmup Iteration   5: 323.546 ops/s
Iteration   1: 509.338 ops/s
                 gc.alloc.rate:                                 251.874 MB/sec
                 gc.alloc.rate.norm:                            519201.278 B/op
                 gc.count:                                      1.000 counts
                 gc.time:                                       9.000 ms
                 mempool.CodeHeap 'non-nmethods'.used:          1657.375 KiB
                 mempool.CodeHeap 'non-profiled nmethods'.used: 3558.875 KiB
                 mempool.CodeHeap 'profiled nmethods'.used:     10859.500 KiB
                 mempool.Compressed Class Space.used:           3546.258 KiB
                 mempool.G1 Eden Space.used:                    621568.000 KiB
                 mempool.G1 Old Gen.used:                       8900.250 KiB
                 mempool.G1 Survivor Space.used:                6692.789 KiB
                 mempool.Metaspace.used:                        32082.461 KiB
                 mempool.total.codeheap.used:                   16075.750 KiB
                 mempool.total.used:                            688865.508 KiB

Iteration   2: 410.414 ops/s
                 gc.alloc.rate:                                 202.734 MB/sec
                 gc.alloc.rate.norm:                            518224.434 B/op
                 gc.count:                                      1.000 counts
                 gc.time:                                       10.000 ms
                 mempool.CodeHeap 'non-nmethods'.used:          1678.750 KiB
                 mempool.CodeHeap 'non-profiled nmethods'.used: 3976.500 KiB
                 mempool.CodeHeap 'profiled nmethods'.used:     10906.250 KiB
                 mempool.Compressed Class Space.used:           3547.320 KiB
                 mempool.G1 Eden Space.used:                    621568.000 KiB
                 mempool.G1 Old Gen.used:                       8900.250 KiB
                 mempool.G1 Survivor Space.used:                6597.875 KiB
                 mempool.Metaspace.used:                        32094.219 KiB
                 mempool.total.codeheap.used:                   16561.500 KiB
                 mempool.total.used:                            689269.164 KiB

Iteration   3: 708.447 ops/s
                 gc.alloc.rate:                                 349.642 MB/sec
                 gc.alloc.rate.norm:                            517802.482 B/op
                 gc.count:                                      1.000 counts
                 gc.time:                                       7.000 ms
                 mempool.CodeHeap 'non-nmethods'.used:          1614.125 KiB
                 mempool.CodeHeap 'non-profiled nmethods'.used: 4132.125 KiB
                 mempool.CodeHeap 'profiled nmethods'.used:     10911.375 KiB
                 mempool.Compressed Class Space.used:           3547.320 KiB
                 mempool.G1 Eden Space.used:                    621568.000 KiB
                 mempool.G1 Old Gen.used:                       8900.250 KiB
                 mempool.G1 Survivor Space.used:                6597.875 KiB
                 mempool.Metaspace.used:                        32097.328 KiB
                 mempool.total.codeheap.used:                   16657.625 KiB
                 mempool.total.used:                            689368.398 KiB

Iteration   4: 585.320 ops/s
                 gc.alloc.rate:                                 288.800 MB/sec
                 gc.alloc.rate.norm:                            517786.257 B/op
                 gc.count:                                      1.000 counts
                 gc.time:                                       7.000 ms
                 mempool.CodeHeap 'non-nmethods'.used:          1611.875 KiB
                 mempool.CodeHeap 'non-profiled nmethods'.used: 4383.750 KiB
                 mempool.CodeHeap 'profiled nmethods'.used:     10928.125 KiB
                 mempool.Compressed Class Space.used:           3547.320 KiB
                 mempool.G1 Eden Space.used:                    621568.000 KiB
                 mempool.G1 Old Gen.used:                       8900.250 KiB
                 mempool.G1 Survivor Space.used:                6431.031 KiB
                 mempool.Metaspace.used:                        32106.555 KiB
                 mempool.total.codeheap.used:                   16923.750 KiB
                 mempool.total.used:                            689476.906 KiB

Iteration   5: 1047.292 ops/s
                 gc.alloc.rate:                                 510.763 MB/sec
                 gc.alloc.rate.norm:                            520998.709 B/op
                 gc.count:                                      2.000 counts
                 gc.time:                                       12.000 ms
                 mempool.CodeHeap 'non-nmethods'.used:          1587.875 KiB
                 mempool.CodeHeap 'non-profiled nmethods'.used: 4438.500 KiB
                 mempool.CodeHeap 'profiled nmethods'.used:     11029.625 KiB
                 mempool.Compressed Class Space.used:           3547.320 KiB
                 mempool.G1 Eden Space.used:                    622592.000 KiB
                 mempool.G1 Old Gen.used:                       8900.250 KiB
                 mempool.G1 Survivor Space.used:                6570.305 KiB
                 mempool.Metaspace.used:                        32124.352 KiB
                 mempool.total.codeheap.used:                   17056.000 KiB
                 mempool.total.used:                            690790.227 KiB



Result "io.github.lemon_ant.jharmonizer.printerlab.PrinterBenchmark.serialize":
  729.620 ±(99.9%) 233.817 ops/s [Average]
  (min, avg, max) = (410.414, 729.620, 1047.292), stdev = 218.712
  CI (99.9%): [495.804, 963.437] (assumes normal distribution)

Secondary result "io.github.lemon_ant.jharmonizer.printerlab.PrinterBenchmark.serialize:gc.alloc.rate":
  358.767 ±(99.9%) 113.447 MB/sec [Average]
  (min, avg, max) = (202.734, 358.767, 510.763), stdev = 106.118
  CI (99.9%): [245.321, 472.214] (assumes normal distribution)

Secondary result "io.github.lemon_ant.jharmonizer.printerlab.PrinterBenchmark.serialize:gc.alloc.rate.norm":
  518486.964 ±(99.9%) 1500.535 B/op [Average]
  (min, avg, max) = (516742.277, 518486.964, 520998.709), stdev = 1403.601
  CI (99.9%): [516986.430, 519987.499] (assumes normal distribution)

Secondary result "io.github.lemon_ant.jharmonizer.printerlab.PrinterBenchmark.serialize:gc.count":
  19.000 ±(99.9%) 0.001 counts [Sum]
  (min, avg, max) = (1.000, 1.267, 2.000), stdev = 0.458
  CI (99.9%): [19.000, 19.000] (assumes normal distribution)

Secondary result "io.github.lemon_ant.jharmonizer.printerlab.PrinterBenchmark.serialize:gc.time":
  141.000 ±(99.9%) 0.001 ms [Sum]
  (min, avg, max) = (5.000, 9.400, 15.000), stdev = 3.247
  CI (99.9%): [141.000, 141.000] (assumes normal distribution)

Secondary result "io.github.lemon_ant.jharmonizer.printerlab.PrinterBenchmark.serialize:mempool.CodeHeap 'non-nmethods'.used":
  1678.750 ±(99.9%) 0.001 KiB [Maximum]
  (min, avg, max) = (1587.875, 1633.142, 1678.750), stdev = 25.482
  CI (99.9%): [1678.750, 1678.750] (assumes normal distribution)

Secondary result "io.github.lemon_ant.jharmonizer.printerlab.PrinterBenchmark.serialize:mempool.CodeHeap 'non-profiled nmethods'.used":
  4525.750 ±(99.9%) 0.001 KiB [Maximum]
  (min, avg, max) = (3329.000, 4079.142, 4525.750), stdev = 370.037
  CI (99.9%): [4525.750, 4525.750] (assumes normal distribution)

Secondary result "io.github.lemon_ant.jharmonizer.printerlab.PrinterBenchmark.serialize:mempool.CodeHeap 'profiled nmethods'.used":
  11107.250 ±(99.9%) 0.001 KiB [Maximum]
  (min, avg, max) = (10639.625, 10886.625, 11107.250), stdev = 120.000
  CI (99.9%): [11107.250, 11107.250] (assumes normal distribution)

Secondary result "io.github.lemon_ant.jharmonizer.printerlab.PrinterBenchmark.serialize:mempool.Compressed Class Space.used":
  3547.336 ±(99.9%) 0.001 KiB [Maximum]
  (min, avg, max) = (3544.820, 3546.634, 3547.336), stdev = 0.831
  CI (99.9%): [3547.336, 3547.336] (assumes normal distribution)

Secondary result "io.github.lemon_ant.jharmonizer.printerlab.PrinterBenchmark.serialize:mempool.G1 Eden Space.used":
  622592.000 ±(99.9%) 0.001 KiB [Maximum]
  (min, avg, max) = (621568.000, 621636.267, 622592.000), stdev = 264.396
  CI (99.9%): [622592.000, 622592.000] (assumes normal distribution)

Secondary result "io.github.lemon_ant.jharmonizer.printerlab.PrinterBenchmark.serialize:mempool.G1 Old Gen.used":
  9050.172 ±(99.9%) 0.001 KiB [Maximum]
  (min, avg, max) = (8900.250, 8990.008, 9050.172), stdev = 66.954
  CI (99.9%): [9050.172, 9050.172] (assumes normal distribution)

Secondary result "io.github.lemon_ant.jharmonizer.printerlab.PrinterBenchmark.serialize:mempool.G1 Survivor Space.used":
  7023.563 ±(99.9%) 0.001 KiB [Maximum]
  (min, avg, max) = (6431.031, 6690.670, 7023.563), stdev = 135.670
  CI (99.9%): [7023.563, 7023.563] (assumes normal distribution)

Secondary result "io.github.lemon_ant.jharmonizer.printerlab.PrinterBenchmark.serialize:mempool.Metaspace.used":
  32166.359 ±(99.9%) 0.001 KiB [Maximum]
  (min, avg, max) = (32082.461, 32121.559, 32166.359), stdev = 23.262
  CI (99.9%): [32166.359, 32166.359] (assumes normal distribution)

Secondary result "io.github.lemon_ant.jharmonizer.printerlab.PrinterBenchmark.serialize:mempool.total.codeheap.used":
  17235.625 ±(99.9%) 0.001 KiB [Maximum]
  (min, avg, max) = (15741.000, 16598.908, 17235.625), stdev = 445.964
  CI (99.9%): [17235.625, 17235.625] (assumes normal distribution)

Secondary result "io.github.lemon_ant.jharmonizer.printerlab.PrinterBenchmark.serialize:mempool.total.used":
  690790.227 ±(99.9%) 0.001 KiB [Maximum]
  (min, avg, max) = (688695.883, 689584.046, 690790.227), stdev = 552.699
  CI (99.9%): [690790.227, 690790.227] (assumes normal distribution)


# JMH version: 1.37
# VM version: JDK 21.0.8, OpenJDK 64-Bit Server VM, 21.0.8+9-LTS
# VM invoker: C:\Program Files\Microsoft\jdk-21.0.8.9-hotspot\bin\java.exe
# VM options: -Xms1g -Xmx1g -XX:+UseG1GC -Dfile.encoding=UTF-8 -Duser.language=en -Duser.country=US -Duser.timezone=UTC -Dprinter.lab.corpus=W:\JHarmonizer\core\printer-lab\target\measurement-0f6aa72d\baseline-run\corpus
# Blackhole mode: compiler (auto-detected, use -Djmh.blackhole.autoDetect=false to disable)
# Warmup: 5 iterations, 1 s each
# Measurement: 5 iterations, 2 s each
# Timeout: 10 min per iteration
# Threads: 1 thread, will synchronize iterations
# Benchmark mode: Throughput, ops/time
# Benchmark: io.github.lemon_ant.jharmonizer.printerlab.PrinterBenchmark.serialize
# Parameters: (workload = flat128)

# Run progress: 25.00% complete, ETA 00:03:30
# Fork: 1 of 3
Picked up JAVA_TOOL_OPTIONS: -Dfile.encoding=UTF-8
# Warmup Iteration   1: 619.946 ops/s
# Warmup Iteration   2: 2413.661 ops/s
# Warmup Iteration   3: 2807.770 ops/s
# Warmup Iteration   4: 3096.750 ops/s
# Warmup Iteration   5: 2585.368 ops/s
Iteration   1: 3551.135 ops/s
                 gc.alloc.rate:                                 460.010 MB/sec
                 gc.alloc.rate.norm:                            135963.981 B/op
                 gc.count:                                      1.000 counts
                 gc.time:                                       8.000 ms
                 mempool.CodeHeap 'non-nmethods'.used:          1579.500 KiB
                 mempool.CodeHeap 'non-profiled nmethods'.used: 2127.000 KiB
                 mempool.CodeHeap 'profiled nmethods'.used:     7410.375 KiB
                 mempool.Compressed Class Space.used:           3139.547 KiB
                 mempool.G1 Eden Space.used:                    622592.000 KiB
                 mempool.G1 Old Gen.used:                       9208.750 KiB
                 mempool.G1 Survivor Space.used:                5588.125 KiB
                 mempool.Metaspace.used:                        29260.438 KiB
                 mempool.total.codeheap.used:                   11116.875 KiB
                 mempool.total.used:                            680905.734 KiB

Iteration   2: 4162.864 ops/s
                 gc.alloc.rate:                                 539.384 MB/sec
                 gc.alloc.rate.norm:                            135955.784 B/op
                 gc.count:                                      2.000 counts
                 gc.time:                                       10.000 ms
                 mempool.CodeHeap 'non-nmethods'.used:          1561.375 KiB
                 mempool.CodeHeap 'non-profiled nmethods'.used: 2131.750 KiB
                 mempool.CodeHeap 'profiled nmethods'.used:     7447.750 KiB
                 mempool.Compressed Class Space.used:           3140.609 KiB
                 mempool.G1 Eden Space.used:                    622592.000 KiB
                 mempool.G1 Old Gen.used:                       9208.750 KiB
                 mempool.G1 Survivor Space.used:                5588.125 KiB
                 mempool.Metaspace.used:                        29272.102 KiB
                 mempool.total.codeheap.used:                   11140.875 KiB
                 mempool.total.used:                            680942.461 KiB

Iteration   3: 4136.445 ops/s
                 gc.alloc.rate:                                 536.008 MB/sec
                 gc.alloc.rate.norm:                            135955.787 B/op
                 gc.count:                                      2.000 counts
                 gc.time:                                       12.000 ms
                 mempool.CodeHeap 'non-nmethods'.used:          1546.875 KiB
                 mempool.CodeHeap 'non-profiled nmethods'.used: 2133.250 KiB
                 mempool.CodeHeap 'profiled nmethods'.used:     7450.500 KiB
                 mempool.Compressed Class Space.used:           3140.609 KiB
                 mempool.G1 Eden Space.used:                    623616.000 KiB
                 mempool.G1 Old Gen.used:                       9208.750 KiB
                 mempool.G1 Survivor Space.used:                5765.023 KiB
                 mempool.Metaspace.used:                        29274.445 KiB
                 mempool.total.codeheap.used:                   11130.625 KiB
                 mempool.total.used:                            682135.453 KiB

Iteration   4: 4116.811 ops/s
                 gc.alloc.rate:                                 533.289 MB/sec
                 gc.alloc.rate.norm:                            135955.819 B/op
                 gc.count:                                      2.000 counts
                 gc.time:                                       11.000 ms
                 mempool.CodeHeap 'non-nmethods'.used:          1546.875 KiB
                 mempool.CodeHeap 'non-profiled nmethods'.used: 2134.750 KiB
                 mempool.CodeHeap 'profiled nmethods'.used:     7472.625 KiB
                 mempool.Compressed Class Space.used:           3140.609 KiB
                 mempool.G1 Eden Space.used:                    622592.000 KiB
                 mempool.G1 Old Gen.used:                       9208.750 KiB
                 mempool.G1 Survivor Space.used:                5889.258 KiB
                 mempool.Metaspace.used:                        29284.359 KiB
                 mempool.total.codeheap.used:                   11154.250 KiB
                 mempool.total.used:                            681269.227 KiB

Iteration   5: 4063.075 ops/s
                 gc.alloc.rate:                                 524.575 MB/sec
                 gc.alloc.rate.norm:                            136159.421 B/op
                 gc.count:                                      1.000 counts
                 gc.time:                                       5.000 ms
                 mempool.CodeHeap 'non-nmethods'.used:          1560.375 KiB
                 mempool.CodeHeap 'non-profiled nmethods'.used: 2138.750 KiB
                 mempool.CodeHeap 'profiled nmethods'.used:     7518.750 KiB
                 mempool.Compressed Class Space.used:           3140.609 KiB
                 mempool.G1 Eden Space.used:                    622592.000 KiB
                 mempool.G1 Old Gen.used:                       9208.750 KiB
                 mempool.G1 Survivor Space.used:                5889.258 KiB
                 mempool.Metaspace.used:                        29294.820 KiB
                 mempool.total.codeheap.used:                   11217.875 KiB
                 mempool.total.used:                            681343.313 KiB


# Run progress: 33.33% complete, ETA 00:03:04
# Fork: 2 of 3
Picked up JAVA_TOOL_OPTIONS: -Dfile.encoding=UTF-8
# Warmup Iteration   1: 686.871 ops/s
# Warmup Iteration   2: 2498.718 ops/s
# Warmup Iteration   3: 3590.315 ops/s
# Warmup Iteration   4: 4278.866 ops/s
# Warmup Iteration   5: 5437.825 ops/s
Iteration   1: 5291.322 ops/s
                 gc.alloc.rate:                                 685.471 MB/sec
                 gc.alloc.rate.norm:                            135930.978 B/op
                 gc.count:                                      2.000 counts
                 gc.time:                                       11.000 ms
                 mempool.CodeHeap 'non-nmethods'.used:          1546.250 KiB
                 mempool.CodeHeap 'non-profiled nmethods'.used: 2125.375 KiB
                 mempool.CodeHeap 'profiled nmethods'.used:     7439.000 KiB
                 mempool.Compressed Class Space.used:           3139.563 KiB
                 mempool.G1 Eden Space.used:                    622592.000 KiB
                 mempool.G1 Old Gen.used:                       9290.156 KiB
                 mempool.G1 Survivor Space.used:                5609.156 KiB
                 mempool.Metaspace.used:                        29261.234 KiB
                 mempool.total.codeheap.used:                   11110.625 KiB
                 mempool.total.used:                            681002.734 KiB

Iteration   2: 5306.419 ops/s
                 gc.alloc.rate:                                 687.564 MB/sec
                 gc.alloc.rate.norm:                            135930.957 B/op
                 gc.count:                                      2.000 counts
                 gc.time:                                       9.000 ms
                 mempool.CodeHeap 'non-nmethods'.used:          1560.625 KiB
                 mempool.CodeHeap 'non-profiled nmethods'.used: 2127.875 KiB
                 mempool.CodeHeap 'profiled nmethods'.used:     7472.500 KiB
                 mempool.Compressed Class Space.used:           3140.625 KiB
                 mempool.G1 Eden Space.used:                    622592.000 KiB
                 mempool.G1 Old Gen.used:                       9290.156 KiB
                 mempool.G1 Survivor Space.used:                5609.156 KiB
                 mempool.Metaspace.used:                        29279.203 KiB
                 mempool.total.codeheap.used:                   11161.000 KiB
                 mempool.total.used:                            681072.141 KiB

Iteration   3: 5183.101 ops/s
                 gc.alloc.rate:                                 671.621 MB/sec
                 gc.alloc.rate.norm:                            135931.027 B/op
                 gc.count:                                      3.000 counts
                 gc.time:                                       18.000 ms
                 mempool.CodeHeap 'non-nmethods'.used:          1546.250 KiB
                 mempool.CodeHeap 'non-profiled nmethods'.used: 2129.375 KiB
                 mempool.CodeHeap 'profiled nmethods'.used:     7474.625 KiB
                 mempool.Compressed Class Space.used:           3140.625 KiB
                 mempool.G1 Eden Space.used:                    622592.000 KiB
                 mempool.G1 Old Gen.used:                       9290.156 KiB
                 mempool.G1 Survivor Space.used:                5723.164 KiB
                 mempool.Metaspace.used:                        29281.547 KiB
                 mempool.total.codeheap.used:                   11150.250 KiB
                 mempool.total.used:                            681177.742 KiB

Iteration   4: 4330.227 ops/s
                 gc.alloc.rate:                                 561.121 MB/sec
                 gc.alloc.rate.norm:                            135931.635 B/op
                 gc.count:                                      1.000 counts
                 gc.time:                                       16.000 ms
                 mempool.CodeHeap 'non-nmethods'.used:          1546.250 KiB
                 mempool.CodeHeap 'non-profiled nmethods'.used: 2130.125 KiB
                 mempool.CodeHeap 'profiled nmethods'.used:     7505.000 KiB
                 mempool.Compressed Class Space.used:           3140.625 KiB
                 mempool.G1 Eden Space.used:                    622592.000 KiB
                 mempool.G1 Old Gen.used:                       9290.156 KiB
                 mempool.G1 Survivor Space.used:                5480.141 KiB
                 mempool.Metaspace.used:                        29297.297 KiB
                 mempool.total.codeheap.used:                   11181.375 KiB
                 mempool.total.used:                            680981.594 KiB

Iteration   5: 4895.546 ops/s
                 gc.alloc.rate:                                 631.709 MB/sec
                 gc.alloc.rate.norm:                            136117.693 B/op
                 gc.count:                                      3.000 counts
                 gc.time:                                       17.000 ms
                 mempool.CodeHeap 'non-nmethods'.used:          1560.500 KiB
                 mempool.CodeHeap 'non-profiled nmethods'.used: 2135.875 KiB
                 mempool.CodeHeap 'profiled nmethods'.used:     7551.750 KiB
                 mempool.Compressed Class Space.used:           3140.625 KiB
                 mempool.G1 Eden Space.used:                    624640.000 KiB
                 mempool.G1 Old Gen.used:                       14206.000 KiB
                 mempool.G1 Survivor Space.used:                5480.141 KiB
                 mempool.Metaspace.used:                        29305.875 KiB
                 mempool.total.codeheap.used:                   11248.125 KiB
                 mempool.total.used:                            688020.766 KiB


# Run progress: 41.67% complete, ETA 00:02:40
# Fork: 3 of 3
Picked up JAVA_TOOL_OPTIONS: -Dfile.encoding=UTF-8
# Warmup Iteration   1: 958.044 ops/s
# Warmup Iteration   2: 3168.771 ops/s
# Warmup Iteration   3: 4282.649 ops/s
# Warmup Iteration   4: 4541.756 ops/s
# Warmup Iteration   5: 5396.472 ops/s
Iteration   1: 4377.663 ops/s
                 gc.alloc.rate:                                 567.245 MB/sec
                 gc.alloc.rate.norm:                            135963.577 B/op
                 gc.count:                                      2.000 counts
                 gc.time:                                       15.000 ms
                 mempool.CodeHeap 'non-nmethods'.used:          1547.625 KiB
                 mempool.CodeHeap 'non-profiled nmethods'.used: 2144.875 KiB
                 mempool.CodeHeap 'profiled nmethods'.used:     7325.000 KiB
                 mempool.Compressed Class Space.used:           3139.594 KiB
                 mempool.G1 Eden Space.used:                    622592.000 KiB
                 mempool.G1 Old Gen.used:                       8737.047 KiB
                 mempool.G1 Survivor Space.used:                5750.094 KiB
                 mempool.Metaspace.used:                        29231.211 KiB
                 mempool.total.codeheap.used:                   11017.500 KiB
                 mempool.total.used:                            680467.445 KiB

Iteration   2: 4642.940 ops/s
                 gc.alloc.rate:                                 601.742 MB/sec
                 gc.alloc.rate.norm:                            135963.373 B/op
                 gc.count:                                      2.000 counts
                 gc.time:                                       10.000 ms
                 mempool.CodeHeap 'non-nmethods'.used:          1547.625 KiB
                 mempool.CodeHeap 'non-profiled nmethods'.used: 2146.625 KiB
                 mempool.CodeHeap 'profiled nmethods'.used:     7359.625 KiB
                 mempool.Compressed Class Space.used:           3140.656 KiB
                 mempool.G1 Eden Space.used:                    622592.000 KiB
                 mempool.G1 Old Gen.used:                       8737.047 KiB
                 mempool.G1 Survivor Space.used:                5840.750 KiB
                 mempool.Metaspace.used:                        29246.531 KiB
                 mempool.total.codeheap.used:                   11053.875 KiB
                 mempool.total.used:                            680610.859 KiB

Iteration   3: 5307.330 ops/s
                 gc.alloc.rate:                                 687.537 MB/sec
                 gc.alloc.rate.norm:                            135962.968 B/op
                 gc.count:                                      2.000 counts
                 gc.time:                                       10.000 ms
                 mempool.CodeHeap 'non-nmethods'.used:          1561.125 KiB
                 mempool.CodeHeap 'non-profiled nmethods'.used: 2149.625 KiB
                 mempool.CodeHeap 'profiled nmethods'.used:     7362.375 KiB
                 mempool.Compressed Class Space.used:           3140.656 KiB
                 mempool.G1 Eden Space.used:                    622592.000 KiB
                 mempool.G1 Old Gen.used:                       8737.047 KiB
                 mempool.G1 Survivor Space.used:                5632.117 KiB
                 mempool.Metaspace.used:                        29249.453 KiB
                 mempool.total.codeheap.used:                   11073.125 KiB
                 mempool.total.used:                            680424.398 KiB

Iteration   4: 5076.224 ops/s
                 gc.alloc.rate:                                 657.745 MB/sec
                 gc.alloc.rate.norm:                            135963.103 B/op
                 gc.count:                                      3.000 counts
                 gc.time:                                       17.000 ms
                 mempool.CodeHeap 'non-nmethods'.used:          1547.625 KiB
                 mempool.CodeHeap 'non-profiled nmethods'.used: 2150.375 KiB
                 mempool.CodeHeap 'profiled nmethods'.used:     7386.625 KiB
                 mempool.Compressed Class Space.used:           3140.656 KiB
                 mempool.G1 Eden Space.used:                    622592.000 KiB
                 mempool.G1 Old Gen.used:                       8737.047 KiB
                 mempool.G1 Survivor Space.used:                5599.531 KiB
                 mempool.Metaspace.used:                        29259.836 KiB
                 mempool.total.codeheap.used:                   11084.625 KiB
                 mempool.total.used:                            680413.695 KiB

Iteration   5: 4969.634 ops/s
                 gc.alloc.rate:                                 641.825 MB/sec
                 gc.alloc.rate.norm:                            136135.387 B/op
                 gc.count:                                      2.000 counts
                 gc.time:                                       12.000 ms
                 mempool.CodeHeap 'non-nmethods'.used:          1608.500 KiB
                 mempool.CodeHeap 'non-profiled nmethods'.used: 2273.250 KiB
                 mempool.CodeHeap 'profiled nmethods'.used:     7446.250 KiB
                 mempool.Compressed Class Space.used:           3140.656 KiB
                 mempool.G1 Eden Space.used:                    624640.000 KiB
                 mempool.G1 Old Gen.used:                       13704.328 KiB
                 mempool.G1 Survivor Space.used:                5482.602 KiB
                 mempool.Metaspace.used:                        29270.813 KiB
                 mempool.total.codeheap.used:                   11328.000 KiB
                 mempool.total.used:                            687566.398 KiB



Result "io.github.lemon_ant.jharmonizer.printerlab.PrinterBenchmark.serialize":
  4627.382 ±(99.9%) 599.920 ops/s [Average]
  (min, avg, max) = (3551.135, 4627.382, 5307.330), stdev = 561.166
  CI (99.9%): [4027.462, 5227.303] (assumes normal distribution)

Secondary result "io.github.lemon_ant.jharmonizer.printerlab.PrinterBenchmark.serialize:gc.alloc.rate":
  599.123 ±(99.9%) 77.690 MB/sec [Average]
  (min, avg, max) = (460.010, 599.123, 687.564), stdev = 72.671
  CI (99.9%): [521.433, 676.813] (assumes normal distribution)

Secondary result "io.github.lemon_ant.jharmonizer.printerlab.PrinterBenchmark.serialize:gc.alloc.rate.norm":
  135988.099 ±(99.9%) 84.272 B/op [Average]
  (min, avg, max) = (135930.957, 135988.099, 136159.421), stdev = 78.828
  CI (99.9%): [135903.828, 136072.371] (assumes normal distribution)

Secondary result "io.github.lemon_ant.jharmonizer.printerlab.PrinterBenchmark.serialize:gc.count":
  30.000 ±(99.9%) 0.001 counts [Sum]
  (min, avg, max) = (1.000, 2.000, 3.000), stdev = 0.655
  CI (99.9%): [30.000, 30.000] (assumes normal distribution)

Secondary result "io.github.lemon_ant.jharmonizer.printerlab.PrinterBenchmark.serialize:gc.time":
  181.000 ±(99.9%) 0.001 ms [Sum]
  (min, avg, max) = (5.000, 12.067, 18.000), stdev = 3.770
  CI (99.9%): [181.000, 181.000] (assumes normal distribution)

Secondary result "io.github.lemon_ant.jharmonizer.printerlab.PrinterBenchmark.serialize:mempool.CodeHeap 'non-nmethods'.used":
  1608.500 ±(99.9%) 0.001 KiB [Maximum]
  (min, avg, max) = (1546.250, 1557.825, 1608.500), stdev = 16.980
  CI (99.9%): [1608.500, 1608.500] (assumes normal distribution)

Secondary result "io.github.lemon_ant.jharmonizer.printerlab.PrinterBenchmark.serialize:mempool.CodeHeap 'non-profiled nmethods'.used":
  2273.250 ±(99.9%) 0.001 KiB [Maximum]
  (min, avg, max) = (2125.375, 2145.258, 2273.250), stdev = 36.360
  CI (99.9%): [2273.250, 2273.250] (assumes normal distribution)

Secondary result "io.github.lemon_ant.jharmonizer.printerlab.PrinterBenchmark.serialize:mempool.CodeHeap 'profiled nmethods'.used":
  7551.750 ±(99.9%) 0.001 KiB [Maximum]
  (min, avg, max) = (7325.000, 7441.517, 7551.750), stdev = 63.159
  CI (99.9%): [7551.750, 7551.750] (assumes normal distribution)

Secondary result "io.github.lemon_ant.jharmonizer.printerlab.PrinterBenchmark.serialize:mempool.Compressed Class Space.used":
  3140.656 ±(99.9%) 0.001 KiB [Maximum]
  (min, avg, max) = (3139.547, 3140.418, 3140.656), stdev = 0.440
  CI (99.9%): [3140.656, 3140.656] (assumes normal distribution)

Secondary result "io.github.lemon_ant.jharmonizer.printerlab.PrinterBenchmark.serialize:mempool.G1 Eden Space.used":
  624640.000 ±(99.9%) 0.001 KiB [Maximum]
  (min, avg, max) = (622592.000, 622933.333, 624640.000), stdev = 741.117
  CI (99.9%): [624640.000, 624640.000] (assumes normal distribution)

Secondary result "io.github.lemon_ant.jharmonizer.printerlab.PrinterBenchmark.serialize:mempool.G1 Old Gen.used":
  14206.000 ±(99.9%) 0.001 KiB [Maximum]
  (min, avg, max) = (8737.047, 9737.526, 14206.000), stdev = 1730.095
  CI (99.9%): [14206.000, 14206.000] (assumes normal distribution)

Secondary result "io.github.lemon_ant.jharmonizer.printerlab.PrinterBenchmark.serialize:mempool.G1 Survivor Space.used":
  5889.258 ±(99.9%) 0.001 KiB [Maximum]
  (min, avg, max) = (5480.141, 5661.776, 5889.258), stdev = 140.657
  CI (99.9%): [5889.258, 5889.258] (assumes normal distribution)

Secondary result "io.github.lemon_ant.jharmonizer.printerlab.PrinterBenchmark.serialize:mempool.Metaspace.used":
  29305.875 ±(99.9%) 0.001 KiB [Maximum]
  (min, avg, max) = (29231.211, 29271.278, 29305.875), stdev = 20.392
  CI (99.9%): [29305.875, 29305.875] (assumes normal distribution)

Secondary result "io.github.lemon_ant.jharmonizer.printerlab.PrinterBenchmark.serialize:mempool.total.codeheap.used":
  11328.000 ±(99.9%) 0.001 KiB [Maximum]
  (min, avg, max) = (11017.500, 11144.600, 11328.000), stdev = 78.691
  CI (99.9%): [11328.000, 11328.000] (assumes normal distribution)

Secondary result "io.github.lemon_ant.jharmonizer.printerlab.PrinterBenchmark.serialize:mempool.total.used":
  688020.766 ±(99.9%) 0.001 KiB [Maximum]
  (min, avg, max) = (680413.695, 681888.931, 688020.766), stdev = 2437.722
  CI (99.9%): [688020.766, 688020.766] (assumes normal distribution)


# JMH version: 1.37
# VM version: JDK 21.0.8, OpenJDK 64-Bit Server VM, 21.0.8+9-LTS
# VM invoker: C:\Program Files\Microsoft\jdk-21.0.8.9-hotspot\bin\java.exe
# VM options: -Xms1g -Xmx1g -XX:+UseG1GC -Dfile.encoding=UTF-8 -Duser.language=en -Duser.country=US -Duser.timezone=UTC -Dprinter.lab.corpus=W:\JHarmonizer\core\printer-lab\target\measurement-0f6aa72d\baseline-run\corpus
# Blackhole mode: compiler (auto-detected, use -Djmh.blackhole.autoDetect=false to disable)
# Warmup: 5 iterations, 1 s each
# Measurement: 5 iterations, 2 s each
# Timeout: 10 min per iteration
# Threads: 1 thread, will synchronize iterations
# Benchmark mode: Throughput, ops/time
# Benchmark: io.github.lemon_ant.jharmonizer.printerlab.PrinterBenchmark.serialize
# Parameters: (workload = flat1024)

# Run progress: 50.00% complete, ETA 00:02:15
# Fork: 1 of 3
Picked up JAVA_TOOL_OPTIONS: -Dfile.encoding=UTF-8
# Warmup Iteration   1: 181.408 ops/s
# Warmup Iteration   2: 461.592 ops/s
# Warmup Iteration   3: 391.738 ops/s
# Warmup Iteration   4: 372.177 ops/s
# Warmup Iteration   5: 536.450 ops/s
Iteration   1: 509.756 ops/s
                 gc.alloc.rate:                                 503.346 MB/sec
                 gc.alloc.rate.norm:                            1036058.750 B/op
                 gc.count:                                      2.000 counts
                 gc.time:                                       11.000 ms
                 mempool.CodeHeap 'non-nmethods'.used:          1573.750 KiB
                 mempool.CodeHeap 'non-profiled nmethods'.used: 2559.500 KiB
                 mempool.CodeHeap 'profiled nmethods'.used:     8486.625 KiB
                 mempool.Compressed Class Space.used:           3140.563 KiB
                 mempool.G1 Eden Space.used:                    622592.000 KiB
                 mempool.G1 Old Gen.used:                       9061.172 KiB
                 mempool.G1 Survivor Space.used:                6277.547 KiB
                 mempool.Metaspace.used:                        29698.555 KiB
                 mempool.total.codeheap.used:                   12619.875 KiB
                 mempool.total.used:                            683389.711 KiB

Iteration   2: 485.941 ops/s
                 gc.alloc.rate:                                 479.839 MB/sec
                 gc.alloc.rate.norm:                            1035968.589 B/op
                 gc.count:                                      1.000 counts
                 gc.time:                                       5.000 ms
                 mempool.CodeHeap 'non-nmethods'.used:          1608.125 KiB
                 mempool.CodeHeap 'non-profiled nmethods'.used: 2626.000 KiB
                 mempool.CodeHeap 'profiled nmethods'.used:     8519.875 KiB
                 mempool.Compressed Class Space.used:           3141.625 KiB
                 mempool.G1 Eden Space.used:                    622592.000 KiB
                 mempool.G1 Old Gen.used:                       9061.172 KiB
                 mempool.G1 Survivor Space.used:                6416.266 KiB
                 mempool.Metaspace.used:                        29714.063 KiB
                 mempool.total.codeheap.used:                   12754.000 KiB
                 mempool.total.used:                            683679.125 KiB

Iteration   3: 547.167 ops/s
                 gc.alloc.rate:                                 540.356 MB/sec
                 gc.alloc.rate.norm:                            1035948.688 B/op
                 gc.count:                                      2.000 counts
                 gc.time:                                       11.000 ms
                 mempool.CodeHeap 'non-nmethods'.used:          1563.125 KiB
                 mempool.CodeHeap 'non-profiled nmethods'.used: 2631.750 KiB
                 mempool.CodeHeap 'profiled nmethods'.used:     8524.750 KiB
                 mempool.Compressed Class Space.used:           3141.625 KiB
                 mempool.G1 Eden Space.used:                    622592.000 KiB
                 mempool.G1 Old Gen.used:                       9061.172 KiB
                 mempool.G1 Survivor Space.used:                6416.266 KiB
                 mempool.Metaspace.used:                        29717.172 KiB
                 mempool.total.codeheap.used:                   12719.625 KiB
                 mempool.total.used:                            683647.859 KiB

Iteration   4: 413.349 ops/s
                 gc.alloc.rate:                                 408.146 MB/sec
                 gc.alloc.rate.norm:                            1035950.504 B/op
                 gc.count:                                      1.000 counts
                 gc.time:                                       19.000 ms
                 mempool.CodeHeap 'non-nmethods'.used:          1611.125 KiB
                 mempool.CodeHeap 'non-profiled nmethods'.used: 2706.375 KiB
                 mempool.CodeHeap 'profiled nmethods'.used:     8549.375 KiB
                 mempool.Compressed Class Space.used:           3141.625 KiB
                 mempool.G1 Eden Space.used:                    622592.000 KiB
                 mempool.G1 Old Gen.used:                       10733.984 KiB
                 mempool.G1 Survivor Space.used:                5935.859 KiB
                 mempool.Metaspace.used:                        29727.438 KiB
                 mempool.total.codeheap.used:                   12866.875 KiB
                 mempool.total.used:                            684997.781 KiB

Iteration   5: 565.510 ops/s
                 gc.alloc.rate:                                 553.899 MB/sec
                 gc.alloc.rate.norm:                            1047003.553 B/op
                 gc.count:                                      2.000 counts
                 gc.time:                                       9.000 ms
                 mempool.CodeHeap 'non-nmethods'.used:          1567.125 KiB
                 mempool.CodeHeap 'non-profiled nmethods'.used: 2739.250 KiB
                 mempool.CodeHeap 'profiled nmethods'.used:     8578.500 KiB
                 mempool.Compressed Class Space.used:           3141.625 KiB
                 mempool.G1 Eden Space.used:                    627712.000 KiB
                 mempool.G1 Old Gen.used:                       14970.219 KiB
                 mempool.G1 Survivor Space.used:                4230.195 KiB
                 mempool.Metaspace.used:                        29734.555 KiB
                 mempool.total.codeheap.used:                   12884.875 KiB
                 mempool.total.used:                            692673.469 KiB


# Run progress: 58.33% complete, ETA 00:01:55
# Fork: 2 of 3
Picked up JAVA_TOOL_OPTIONS: -Dfile.encoding=UTF-8
# Warmup Iteration   1: 258.705 ops/s
# Warmup Iteration   2: 236.250 ops/s
# Warmup Iteration   3: 353.146 ops/s
# Warmup Iteration   4: 433.506 ops/s
# Warmup Iteration   5: 413.598 ops/s
Iteration   1: 468.060 ops/s
                 gc.alloc.rate:                                 462.189 MB/sec
                 gc.alloc.rate.norm:                            1036073.796 B/op
                 gc.count:                                      1.000 counts
                 gc.time:                                       6.000 ms
                 mempool.CodeHeap 'non-nmethods'.used:          1565.000 KiB
                 mempool.CodeHeap 'non-profiled nmethods'.used: 2487.875 KiB
                 mempool.CodeHeap 'profiled nmethods'.used:     8816.500 KiB
                 mempool.Compressed Class Space.used:           3141.961 KiB
                 mempool.G1 Eden Space.used:                    622592.000 KiB
                 mempool.G1 Old Gen.used:                       8823.789 KiB
                 mempool.G1 Survivor Space.used:                6094.531 KiB
                 mempool.Metaspace.used:                        29779.063 KiB
                 mempool.total.codeheap.used:                   12869.375 KiB
                 mempool.total.used:                            683300.719 KiB

Iteration   2: 440.436 ops/s
                 gc.alloc.rate:                                 434.944 MB/sec
                 gc.alloc.rate.norm:                            1035990.733 B/op
                 gc.count:                                      2.000 counts
                 gc.time:                                       12.000 ms
                 mempool.CodeHeap 'non-nmethods'.used:          1606.625 KiB
                 mempool.CodeHeap 'non-profiled nmethods'.used: 2566.000 KiB
                 mempool.CodeHeap 'profiled nmethods'.used:     8846.375 KiB
                 mempool.Compressed Class Space.used:           3143.023 KiB
                 mempool.G1 Eden Space.used:                    622592.000 KiB
                 mempool.G1 Old Gen.used:                       8823.789 KiB
                 mempool.G1 Survivor Space.used:                6144.000 KiB
                 mempool.Metaspace.used:                        29790.516 KiB
                 mempool.total.codeheap.used:                   13019.000 KiB
                 mempool.total.used:                            683512.328 KiB

Iteration   3: 469.811 ops/s
                 gc.alloc.rate:                                 463.866 MB/sec
                 gc.alloc.rate.norm:                            1035953.469 B/op
                 gc.count:                                      1.000 counts
                 gc.time:                                       7.000 ms
                 mempool.CodeHeap 'non-nmethods'.used:          1560.500 KiB
                 mempool.CodeHeap 'non-profiled nmethods'.used: 2568.250 KiB
                 mempool.CodeHeap 'profiled nmethods'.used:     8858.125 KiB
                 mempool.Compressed Class Space.used:           3143.023 KiB
                 mempool.G1 Eden Space.used:                    622592.000 KiB
                 mempool.G1 Old Gen.used:                       8823.789 KiB
                 mempool.G1 Survivor Space.used:                6280.258 KiB
                 mempool.Metaspace.used:                        29797.789 KiB
                 mempool.total.codeheap.used:                   12986.875 KiB
                 mempool.total.used:                            683623.734 KiB

Iteration   4: 462.112 ops/s
                 gc.alloc.rate:                                 456.322 MB/sec
                 gc.alloc.rate.norm:                            1035954.112 B/op
                 gc.count:                                      2.000 counts
                 gc.time:                                       20.000 ms
                 mempool.CodeHeap 'non-nmethods'.used:          1567.875 KiB
                 mempool.CodeHeap 'non-profiled nmethods'.used: 2599.125 KiB
                 mempool.CodeHeap 'profiled nmethods'.used:     8875.625 KiB
                 mempool.Compressed Class Space.used:           3143.023 KiB
                 mempool.G1 Eden Space.used:                    622592.000 KiB
                 mempool.G1 Old Gen.used:                       10515.219 KiB
                 mempool.G1 Survivor Space.used:                6280.258 KiB
                 mempool.Metaspace.used:                        29804.398 KiB
                 mempool.total.codeheap.used:                   13042.625 KiB
                 mempool.total.used:                            685377.523 KiB

Iteration   5: 462.003 ops/s
                 gc.alloc.rate:                                 451.580 MB/sec
                 gc.alloc.rate.norm:                            1049479.673 B/op
                 gc.count:                                      1.000 counts
                 gc.time:                                       9.000 ms
                 mempool.CodeHeap 'non-nmethods'.used:          1577.750 KiB
                 mempool.CodeHeap 'non-profiled nmethods'.used: 2637.250 KiB
                 mempool.CodeHeap 'profiled nmethods'.used:     8911.250 KiB
                 mempool.Compressed Class Space.used:           3143.023 KiB
                 mempool.G1 Eden Space.used:                    623616.000 KiB
                 mempool.G1 Old Gen.used:                       14264.531 KiB
                 mempool.G1 Survivor Space.used:                4644.750 KiB
                 mempool.Metaspace.used:                        29813.188 KiB
                 mempool.total.codeheap.used:                   13126.250 KiB
                 mempool.total.used:                            688607.742 KiB


# Run progress: 66.67% complete, ETA 00:01:33
# Fork: 3 of 3
Picked up JAVA_TOOL_OPTIONS: -Dfile.encoding=UTF-8
# Warmup Iteration   1: 353.581 ops/s
# Warmup Iteration   2: 543.152 ops/s
# Warmup Iteration   3: 581.216 ops/s
# Warmup Iteration   4: 491.969 ops/s
# Warmup Iteration   5: 373.013 ops/s
Iteration   1: 498.147 ops/s
                 gc.alloc.rate:                                 491.538 MB/sec
                 gc.alloc.rate.norm:                            1036021.035 B/op
                 gc.count:                                      1.000 counts
                 gc.time:                                       7.000 ms
                 mempool.CodeHeap 'non-nmethods'.used:          1609.625 KiB
                 mempool.CodeHeap 'non-profiled nmethods'.used: 2580.000 KiB
                 mempool.CodeHeap 'profiled nmethods'.used:     8550.750 KiB
                 mempool.Compressed Class Space.used:           3138.297 KiB
                 mempool.G1 Eden Space.used:                    622592.000 KiB
                 mempool.G1 Old Gen.used:                       8854.906 KiB
                 mempool.G1 Survivor Space.used:                6144.000 KiB
                 mempool.Metaspace.used:                        29771.914 KiB
                 mempool.total.codeheap.used:                   12740.375 KiB
                 mempool.total.used:                            683241.492 KiB

Iteration   2: 453.406 ops/s
                 gc.alloc.rate:                                 447.732 MB/sec
                 gc.alloc.rate.norm:                            1035954.722 B/op
                 gc.count:                                      2.000 counts
                 gc.time:                                       11.000 ms
                 mempool.CodeHeap 'non-nmethods'.used:          1566.250 KiB
                 mempool.CodeHeap 'non-profiled nmethods'.used: 2587.500 KiB
                 mempool.CodeHeap 'profiled nmethods'.used:     8579.750 KiB
                 mempool.Compressed Class Space.used:           3139.359 KiB
                 mempool.G1 Eden Space.used:                    622592.000 KiB
                 mempool.G1 Old Gen.used:                       8854.906 KiB
                 mempool.G1 Survivor Space.used:                6144.000 KiB
                 mempool.Metaspace.used:                        29787.461 KiB
                 mempool.total.codeheap.used:                   12733.500 KiB
                 mempool.total.used:                            683251.227 KiB

Iteration   3: 522.325 ops/s
                 gc.alloc.rate:                                 515.804 MB/sec
                 gc.alloc.rate.norm:                            1035950.078 B/op
                 gc.count:                                      1.000 counts
                 gc.time:                                       6.000 ms
                 mempool.CodeHeap 'non-nmethods'.used:          1564.375 KiB
                 mempool.CodeHeap 'non-profiled nmethods'.used: 2603.625 KiB
                 mempool.CodeHeap 'profiled nmethods'.used:     8593.125 KiB
                 mempool.Compressed Class Space.used:           3139.359 KiB
                 mempool.G1 Eden Space.used:                    622592.000 KiB
                 mempool.G1 Old Gen.used:                       8854.906 KiB
                 mempool.G1 Survivor Space.used:                6110.477 KiB
                 mempool.Metaspace.used:                        29797.336 KiB
                 mempool.total.codeheap.used:                   12761.125 KiB
                 mempool.total.used:                            683255.203 KiB

Iteration   4: 581.220 ops/s
                 gc.alloc.rate:                                 573.807 MB/sec
                 gc.alloc.rate.norm:                            1035923.675 B/op
                 gc.count:                                      2.000 counts
                 gc.time:                                       12.000 ms
                 mempool.CodeHeap 'non-nmethods'.used:          1591.750 KiB
                 mempool.CodeHeap 'non-profiled nmethods'.used: 2688.000 KiB
                 mempool.CodeHeap 'profiled nmethods'.used:     8601.375 KiB
                 mempool.Compressed Class Space.used:           3139.359 KiB
                 mempool.G1 Eden Space.used:                    623616.000 KiB
                 mempool.G1 Old Gen.used:                       14390.719 KiB
                 mempool.G1 Survivor Space.used:                6086.000 KiB
                 mempool.Metaspace.used:                        29801.414 KiB
                 mempool.total.codeheap.used:                   12881.125 KiB
                 mempool.total.used:                            689914.617 KiB

Iteration   5: 588.995 ops/s
                 gc.alloc.rate:                                 576.446 MB/sec
                 gc.alloc.rate.norm:                            1046525.563 B/op
                 gc.count:                                      2.000 counts
                 gc.time:                                       4.000 ms
                 mempool.CodeHeap 'non-nmethods'.used:          1588.875 KiB
                 mempool.CodeHeap 'non-profiled nmethods'.used: 2755.875 KiB
                 mempool.CodeHeap 'profiled nmethods'.used:     8618.250 KiB
                 mempool.Compressed Class Space.used:           3139.359 KiB
                 mempool.G1 Eden Space.used:                    627712.000 KiB
                 mempool.G1 Old Gen.used:                       14831.422 KiB
                 mempool.G1 Survivor Space.used:                883.430 KiB
                 mempool.Metaspace.used:                        29805.797 KiB
                 mempool.total.codeheap.used:                   12963.000 KiB
                 mempool.total.used:                            689335.008 KiB



Result "io.github.lemon_ant.jharmonizer.printerlab.PrinterBenchmark.serialize":
  497.883 ±(99.9%) 57.000 ops/s [Average]
  (min, avg, max) = (413.349, 497.883, 588.995), stdev = 53.318
  CI (99.9%): [440.883, 554.882] (assumes normal distribution)

Secondary result "io.github.lemon_ant.jharmonizer.printerlab.PrinterBenchmark.serialize:gc.alloc.rate":
  490.654 ±(99.9%) 55.435 MB/sec [Average]
  (min, avg, max) = (408.146, 490.654, 576.446), stdev = 51.854
  CI (99.9%): [435.219, 546.089] (assumes normal distribution)

Secondary result "io.github.lemon_ant.jharmonizer.printerlab.PrinterBenchmark.serialize:gc.alloc.rate.norm":
  1038317.129 ±(99.9%) 5214.351 B/op [Average]
  (min, avg, max) = (1035923.675, 1038317.129, 1049479.673), stdev = 4877.507
  CI (99.9%): [1033102.778, 1043531.480] (assumes normal distribution)

Secondary result "io.github.lemon_ant.jharmonizer.printerlab.PrinterBenchmark.serialize:gc.count":
  23.000 ±(99.9%) 0.001 counts [Sum]
  (min, avg, max) = (1.000, 1.533, 2.000), stdev = 0.516
  CI (99.9%): [23.000, 23.000] (assumes normal distribution)

Secondary result "io.github.lemon_ant.jharmonizer.printerlab.PrinterBenchmark.serialize:gc.time":
  149.000 ±(99.9%) 0.001 ms [Sum]
  (min, avg, max) = (4.000, 9.933, 20.000), stdev = 4.667
  CI (99.9%): [149.000, 149.000] (assumes normal distribution)

Secondary result "io.github.lemon_ant.jharmonizer.printerlab.PrinterBenchmark.serialize:mempool.CodeHeap 'non-nmethods'.used":
  1611.125 ±(99.9%) 0.001 KiB [Maximum]
  (min, avg, max) = (1560.500, 1581.458, 1611.125), stdev = 19.294
  CI (99.9%): [1611.125, 1611.125] (assumes normal distribution)

Secondary result "io.github.lemon_ant.jharmonizer.printerlab.PrinterBenchmark.serialize:mempool.CodeHeap 'non-profiled nmethods'.used":
  2755.875 ±(99.9%) 0.001 KiB [Maximum]
  (min, avg, max) = (2487.875, 2622.425, 2755.875), stdev = 73.301
  CI (99.9%): [2755.875, 2755.875] (assumes normal distribution)

Secondary result "io.github.lemon_ant.jharmonizer.printerlab.PrinterBenchmark.serialize:mempool.CodeHeap 'profiled nmethods'.used":
  8911.250 ±(99.9%) 0.001 KiB [Maximum]
  (min, avg, max) = (8486.625, 8660.683, 8911.250), stdev = 151.890
  CI (99.9%): [8911.250, 8911.250] (assumes normal distribution)

Secondary result "io.github.lemon_ant.jharmonizer.printerlab.PrinterBenchmark.serialize:mempool.Compressed Class Space.used":
  3143.023 ±(99.9%) 0.001 KiB [Maximum]
  (min, avg, max) = (3138.297, 3141.123, 3143.023), stdev = 1.623
  CI (99.9%): [3143.023, 3143.023] (assumes normal distribution)

Secondary result "io.github.lemon_ant.jharmonizer.printerlab.PrinterBenchmark.serialize:mempool.G1 Eden Space.used":
  627712.000 ±(99.9%) 0.001 KiB [Maximum]
  (min, avg, max) = (622592.000, 623411.200, 627712.000), stdev = 1782.046
  CI (99.9%): [627712.000, 627712.000] (assumes normal distribution)

Secondary result "io.github.lemon_ant.jharmonizer.printerlab.PrinterBenchmark.serialize:mempool.G1 Old Gen.used":
  14970.219 ±(99.9%) 0.001 KiB [Maximum]
  (min, avg, max) = (8823.789, 10661.713, 14970.219), stdev = 2542.143
  CI (99.9%): [14970.219, 14970.219] (assumes normal distribution)

Secondary result "io.github.lemon_ant.jharmonizer.printerlab.PrinterBenchmark.serialize:mempool.G1 Survivor Space.used":
  6416.266 ±(99.9%) 0.001 KiB [Maximum]
  (min, avg, max) = (883.430, 5605.856, 6416.266), stdev = 1451.440
  CI (99.9%): [6416.266, 6416.266] (assumes normal distribution)

Secondary result "io.github.lemon_ant.jharmonizer.printerlab.PrinterBenchmark.serialize:mempool.Metaspace.used":
  29813.188 ±(99.9%) 0.001 KiB [Maximum]
  (min, avg, max) = (29698.555, 29769.377, 29813.188), stdev = 39.401
  CI (99.9%): [29813.188, 29813.188] (assumes normal distribution)

Secondary result "io.github.lemon_ant.jharmonizer.printerlab.PrinterBenchmark.serialize:mempool.total.codeheap.used":
  13126.250 ±(99.9%) 0.001 KiB [Maximum]
  (min, avg, max) = (12619.875, 12864.567, 13126.250), stdev = 142.880
  CI (99.9%): [13126.250, 13126.250] (assumes normal distribution)

Secondary result "io.github.lemon_ant.jharmonizer.printerlab.PrinterBenchmark.serialize:mempool.total.used":
  692673.469 ±(99.9%) 0.001 KiB [Maximum]
  (min, avg, max) = (683241.492, 685453.836, 692673.469), stdev = 3096.685
  CI (99.9%): [692673.469, 692673.469] (assumes normal distribution)


# JMH version: 1.37
# VM version: JDK 21.0.8, OpenJDK 64-Bit Server VM, 21.0.8+9-LTS
# VM invoker: C:\Program Files\Microsoft\jdk-21.0.8.9-hotspot\bin\java.exe
# VM options: -Xms1g -Xmx1g -XX:+UseG1GC -Dfile.encoding=UTF-8 -Duser.language=en -Duser.country=US -Duser.timezone=UTC -Dprinter.lab.corpus=W:\JHarmonizer\core\printer-lab\target\measurement-0f6aa72d\baseline-run\corpus
# Blackhole mode: compiler (auto-detected, use -Djmh.blackhole.autoDetect=false to disable)
# Warmup: 5 iterations, 1 s each
# Measurement: 5 iterations, 2 s each
# Timeout: 10 min per iteration
# Threads: 1 thread, will synchronize iterations
# Benchmark mode: Throughput, ops/time
# Benchmark: io.github.lemon_ant.jharmonizer.printerlab.PrinterBenchmark.serialize
# Parameters: (workload = nested128)

# Run progress: 75.00% complete, ETA 00:01:10
# Fork: 1 of 3
Picked up JAVA_TOOL_OPTIONS: -Dfile.encoding=UTF-8
# Warmup Iteration   1: 179.507 ops/s
# Warmup Iteration   2: 193.231 ops/s
# Warmup Iteration   3: 275.478 ops/s
# Warmup Iteration   4: 302.014 ops/s
# Warmup Iteration   5: 295.502 ops/s
Iteration   1: 265.935 ops/s
                 gc.alloc.rate:                                 337.679 MB/sec
                 gc.alloc.rate.norm:                            1332604.824 B/op
                 gc.count:                                      1.000 counts
                 gc.time:                                       9.000 ms
                 mempool.CodeHeap 'non-nmethods'.used:          1570.875 KiB
                 mempool.CodeHeap 'non-profiled nmethods'.used: 2304.125 KiB
                 mempool.CodeHeap 'profiled nmethods'.used:     9033.625 KiB
                 mempool.Compressed Class Space.used:           3137.398 KiB
                 mempool.G1 Eden Space.used:                    622592.000 KiB
                 mempool.G1 Old Gen.used:                       8734.844 KiB
                 mempool.G1 Survivor Space.used:                6144.000 KiB
                 mempool.Metaspace.used:                        29819.000 KiB
                 mempool.total.codeheap.used:                   12908.625 KiB
                 mempool.total.used:                            683335.867 KiB

Iteration   2: 373.917 ops/s
                 gc.alloc.rate:                                 474.928 MB/sec
                 gc.alloc.rate.norm:                            1332586.197 B/op
                 gc.count:                                      2.000 counts
                 gc.time:                                       13.000 ms
                 mempool.CodeHeap 'non-nmethods'.used:          1564.625 KiB
                 mempool.CodeHeap 'non-profiled nmethods'.used: 2320.500 KiB
                 mempool.CodeHeap 'profiled nmethods'.used:     9071.375 KiB
                 mempool.Compressed Class Space.used:           3138.461 KiB
                 mempool.G1 Eden Space.used:                    622592.000 KiB
                 mempool.G1 Old Gen.used:                       8734.844 KiB
                 mempool.G1 Survivor Space.used:                6550.383 KiB
                 mempool.Metaspace.used:                        29832.344 KiB
                 mempool.total.codeheap.used:                   12956.500 KiB
                 mempool.total.used:                            683804.531 KiB

Iteration   3: 308.181 ops/s
                 gc.alloc.rate:                                 391.491 MB/sec
                 gc.alloc.rate.norm:                            1332555.613 B/op
                 gc.count:                                      1.000 counts
                 gc.time:                                       6.000 ms
                 mempool.CodeHeap 'non-nmethods'.used:          1592.375 KiB
                 mempool.CodeHeap 'non-profiled nmethods'.used: 2374.500 KiB
                 mempool.CodeHeap 'profiled nmethods'.used:     9075.125 KiB
                 mempool.Compressed Class Space.used:           3138.461 KiB
                 mempool.G1 Eden Space.used:                    622592.000 KiB
                 mempool.G1 Old Gen.used:                       8734.844 KiB
                 mempool.G1 Survivor Space.used:                6144.000 KiB
                 mempool.Metaspace.used:                        29835.453 KiB
                 mempool.total.codeheap.used:                   13042.000 KiB
                 mempool.total.used:                            683486.758 KiB

Iteration   4: 470.877 ops/s
                 gc.alloc.rate:                                 598.066 MB/sec
                 gc.alloc.rate.norm:                            1332361.402 B/op
                 gc.count:                                      2.000 counts
                 gc.time:                                       10.000 ms
                 mempool.CodeHeap 'non-nmethods'.used:          1567.000 KiB
                 mempool.CodeHeap 'non-profiled nmethods'.used: 2385.375 KiB
                 mempool.CodeHeap 'profiled nmethods'.used:     9094.125 KiB
                 mempool.Compressed Class Space.used:           3138.461 KiB
                 mempool.G1 Eden Space.used:                    622592.000 KiB
                 mempool.G1 Old Gen.used:                       8734.844 KiB
                 mempool.G1 Survivor Space.used:                6144.000 KiB
                 mempool.Metaspace.used:                        29842.500 KiB
                 mempool.total.codeheap.used:                   13046.500 KiB
                 mempool.total.used:                            683498.305 KiB

Iteration   5: 392.574 ops/s
                 gc.alloc.rate:                                 487.412 MB/sec
                 gc.alloc.rate.norm:                            1356600.608 B/op
                 gc.count:                                      2.000 counts
                 gc.time:                                       12.000 ms
                 mempool.CodeHeap 'non-nmethods'.used:          1569.875 KiB
                 mempool.CodeHeap 'non-profiled nmethods'.used: 2416.250 KiB
                 mempool.CodeHeap 'profiled nmethods'.used:     9199.500 KiB
                 mempool.Compressed Class Space.used:           3138.461 KiB
                 mempool.G1 Eden Space.used:                    622592.000 KiB
                 mempool.G1 Old Gen.used:                       8734.844 KiB
                 mempool.G1 Survivor Space.used:                6144.000 KiB
                 mempool.Metaspace.used:                        29848.352 KiB
                 mempool.total.codeheap.used:                   13185.625 KiB
                 mempool.total.used:                            683643.281 KiB


# Run progress: 83.33% complete, ETA 00:00:47
# Fork: 2 of 3
Picked up JAVA_TOOL_OPTIONS: -Dfile.encoding=UTF-8
# Warmup Iteration   1: 196.156 ops/s
# Warmup Iteration   2: 300.360 ops/s
# Warmup Iteration   3: 453.242 ops/s
# Warmup Iteration   4: 470.536 ops/s
# Warmup Iteration   5: 455.320 ops/s
Iteration   1: 450.941 ops/s
                 gc.alloc.rate:                                 572.585 MB/sec
                 gc.alloc.rate.norm:                            1332579.009 B/op
                 gc.count:                                      2.000 counts
                 gc.time:                                       11.000 ms
                 mempool.CodeHeap 'non-nmethods'.used:          1565.500 KiB
                 mempool.CodeHeap 'non-profiled nmethods'.used: 2321.000 KiB
                 mempool.CodeHeap 'profiled nmethods'.used:     9078.750 KiB
                 mempool.Compressed Class Space.used:           3138.703 KiB
                 mempool.G1 Eden Space.used:                    621568.000 KiB
                 mempool.G1 Old Gen.used:                       8945.375 KiB
                 mempool.G1 Survivor Space.used:                6676.906 KiB
                 mempool.Metaspace.used:                        29833.547 KiB
                 mempool.total.codeheap.used:                   12965.250 KiB
                 mempool.total.used:                            683127.781 KiB

Iteration   2: 376.892 ops/s
                 gc.alloc.rate:                                 478.684 MB/sec
                 gc.alloc.rate.norm:                            1332586.269 B/op
                 gc.count:                                      2.000 counts
                 gc.time:                                       14.000 ms
                 mempool.CodeHeap 'non-nmethods'.used:          1561.250 KiB
                 mempool.CodeHeap 'non-profiled nmethods'.used: 2331.250 KiB
                 mempool.CodeHeap 'profiled nmethods'.used:     9113.875 KiB
                 mempool.Compressed Class Space.used:           3139.766 KiB
                 mempool.G1 Eden Space.used:                    622592.000 KiB
                 mempool.G1 Old Gen.used:                       8945.375 KiB
                 mempool.G1 Survivor Space.used:                6059.258 KiB
                 mempool.Metaspace.used:                        29845.328 KiB
                 mempool.total.codeheap.used:                   13006.375 KiB
                 mempool.total.used:                            683588.102 KiB

Iteration   3: 379.392 ops/s
                 gc.alloc.rate:                                 481.891 MB/sec
                 gc.alloc.rate.norm:                            1332467.684 B/op
                 gc.count:                                      1.000 counts
                 gc.time:                                       6.000 ms
                 mempool.CodeHeap 'non-nmethods'.used:          1565.875 KiB
                 mempool.CodeHeap 'non-profiled nmethods'.used: 2360.750 KiB
                 mempool.CodeHeap 'profiled nmethods'.used:     9118.750 KiB
                 mempool.Compressed Class Space.used:           3139.766 KiB
                 mempool.G1 Eden Space.used:                    622592.000 KiB
                 mempool.G1 Old Gen.used:                       8945.375 KiB
                 mempool.G1 Survivor Space.used:                6051.109 KiB
                 mempool.Metaspace.used:                        29848.438 KiB
                 mempool.total.codeheap.used:                   13045.375 KiB
                 mempool.total.used:                            683622.063 KiB

Iteration   4: 365.590 ops/s
                 gc.alloc.rate:                                 464.201 MB/sec
                 gc.alloc.rate.norm:                            1332410.969 B/op
                 gc.count:                                      2.000 counts
                 gc.time:                                       14.000 ms
                 mempool.CodeHeap 'non-nmethods'.used:          1558.000 KiB
                 mempool.CodeHeap 'non-profiled nmethods'.used: 2362.500 KiB
                 mempool.CodeHeap 'profiled nmethods'.used:     9140.875 KiB
                 mempool.Compressed Class Space.used:           3139.766 KiB
                 mempool.G1 Eden Space.used:                    622592.000 KiB
                 mempool.G1 Old Gen.used:                       8945.375 KiB
                 mempool.G1 Survivor Space.used:                6144.000 KiB
                 mempool.Metaspace.used:                        29858.352 KiB
                 mempool.total.codeheap.used:                   13061.375 KiB
                 mempool.total.used:                            683740.867 KiB

Iteration   5: 339.468 ops/s
                 gc.alloc.rate:                                 422.575 MB/sec
                 gc.alloc.rate.norm:                            1360595.454 B/op
                 gc.count:                                      1.000 counts
                 gc.time:                                       5.000 ms
                 mempool.CodeHeap 'non-nmethods'.used:          1599.125 KiB
                 mempool.CodeHeap 'non-profiled nmethods'.used: 2440.750 KiB
                 mempool.CodeHeap 'profiled nmethods'.used:     9251.750 KiB
                 mempool.Compressed Class Space.used:           3139.766 KiB
                 mempool.G1 Eden Space.used:                    622592.000 KiB
                 mempool.G1 Old Gen.used:                       8945.375 KiB
                 mempool.G1 Survivor Space.used:                6144.000 KiB
                 mempool.Metaspace.used:                        29865.469 KiB
                 mempool.total.codeheap.used:                   13291.625 KiB
                 mempool.total.used:                            683978.234 KiB


# Run progress: 91.67% complete, ETA 00:00:23
# Fork: 3 of 3
Picked up JAVA_TOOL_OPTIONS: -Dfile.encoding=UTF-8
# Warmup Iteration   1: 106.386 ops/s
# Warmup Iteration   2: 199.732 ops/s
# Warmup Iteration   3: 280.058 ops/s
# Warmup Iteration   4: 353.116 ops/s
# Warmup Iteration   5: 346.484 ops/s
Iteration   1: 357.143 ops/s
                 gc.alloc.rate:                                 449.655 MB/sec
                 gc.alloc.rate.norm:                            1321365.408 B/op
                 gc.count:                                      2.000 counts
                 gc.time:                                       14.000 ms
                 mempool.CodeHeap 'non-nmethods'.used:          1567.250 KiB
                 mempool.CodeHeap 'non-profiled nmethods'.used: 2380.625 KiB
                 mempool.CodeHeap 'profiled nmethods'.used:     9418.750 KiB
                 mempool.Compressed Class Space.used:           3143.039 KiB
                 mempool.G1 Eden Space.used:                    622592.000 KiB
                 mempool.G1 Old Gen.used:                       8912.531 KiB
                 mempool.G1 Survivor Space.used:                6547.664 KiB
                 mempool.Metaspace.used:                        29910.477 KiB
                 mempool.total.codeheap.used:                   13366.625 KiB
                 mempool.total.used:                            684472.336 KiB

Iteration   2: 356.891 ops/s
                 gc.alloc.rate:                                 449.461 MB/sec
                 gc.alloc.rate.norm:                            1321361.886 B/op
                 gc.count:                                      1.000 counts
                 gc.time:                                       6.000 ms
                 mempool.CodeHeap 'non-nmethods'.used:          1572.500 KiB
                 mempool.CodeHeap 'non-profiled nmethods'.used: 2406.750 KiB
                 mempool.CodeHeap 'profiled nmethods'.used:     9449.500 KiB
                 mempool.Compressed Class Space.used:           3144.102 KiB
                 mempool.G1 Eden Space.used:                    622592.000 KiB
                 mempool.G1 Old Gen.used:                       8912.531 KiB
                 mempool.G1 Survivor Space.used:                6416.188 KiB
                 mempool.Metaspace.used:                        29919.773 KiB
                 mempool.total.codeheap.used:                   13428.750 KiB
                 mempool.total.used:                            684413.344 KiB

Iteration   3: 359.846 ops/s
                 gc.alloc.rate:                                 453.247 MB/sec
                 gc.alloc.rate.norm:                            1321210.674 B/op
                 gc.count:                                      2.000 counts
                 gc.time:                                       13.000 ms
                 mempool.CodeHeap 'non-nmethods'.used:          1580.000 KiB
                 mempool.CodeHeap 'non-profiled nmethods'.used: 2449.000 KiB
                 mempool.CodeHeap 'profiled nmethods'.used:     9453.250 KiB
                 mempool.Compressed Class Space.used:           3144.102 KiB
                 mempool.G1 Eden Space.used:                    621568.000 KiB
                 mempool.G1 Old Gen.used:                       8912.531 KiB
                 mempool.G1 Survivor Space.used:                6418.422 KiB
                 mempool.Metaspace.used:                        29922.883 KiB
                 mempool.total.codeheap.used:                   13482.250 KiB
                 mempool.total.used:                            683448.188 KiB

Iteration   4: 350.578 ops/s
                 gc.alloc.rate:                                 441.559 MB/sec
                 gc.alloc.rate.norm:                            1321188.594 B/op
                 gc.count:                                      1.000 counts
                 gc.time:                                       7.000 ms
                 mempool.CodeHeap 'non-nmethods'.used:          1561.000 KiB
                 mempool.CodeHeap 'non-profiled nmethods'.used: 2452.125 KiB
                 mempool.CodeHeap 'profiled nmethods'.used:     9468.875 KiB
                 mempool.Compressed Class Space.used:           3144.102 KiB
                 mempool.G1 Eden Space.used:                    622592.000 KiB
                 mempool.G1 Old Gen.used:                       8912.531 KiB
                 mempool.G1 Survivor Space.used:                6420.016 KiB
                 mempool.Metaspace.used:                        29930.953 KiB
                 mempool.total.codeheap.used:                   13482.000 KiB
                 mempool.total.used:                            684481.602 KiB

Iteration   5: 288.308 ops/s
                 gc.alloc.rate:                                 352.779 MB/sec
                 gc.alloc.rate.norm:                            1354207.543 B/op
                 gc.count:                                      1.000 counts
                 gc.time:                                       9.000 ms
                 mempool.CodeHeap 'non-nmethods'.used:          1560.875 KiB
                 mempool.CodeHeap 'non-profiled nmethods'.used: 2455.375 KiB
                 mempool.CodeHeap 'profiled nmethods'.used:     9491.000 KiB
                 mempool.Compressed Class Space.used:           3144.102 KiB
                 mempool.G1 Eden Space.used:                    621568.000 KiB
                 mempool.G1 Old Gen.used:                       8912.531 KiB
                 mempool.G1 Survivor Space.used:                6420.016 KiB
                 mempool.Metaspace.used:                        29940.883 KiB
                 mempool.total.codeheap.used:                   13507.250 KiB
                 mempool.total.used:                            683492.781 KiB



Result "io.github.lemon_ant.jharmonizer.printerlab.PrinterBenchmark.serialize":
  362.436 ±(99.9%) 56.874 ops/s [Average]
  (min, avg, max) = (265.935, 362.436, 470.877), stdev = 53.200
  CI (99.9%): [305.561, 419.310] (assumes normal distribution)

Secondary result "io.github.lemon_ant.jharmonizer.printerlab.PrinterBenchmark.serialize:gc.alloc.rate":
  457.081 ±(99.9%) 73.728 MB/sec [Average]
  (min, avg, max) = (337.679, 457.081, 598.066), stdev = 68.965
  CI (99.9%): [383.353, 530.809] (assumes normal distribution)

Secondary result "io.github.lemon_ant.jharmonizer.printerlab.PrinterBenchmark.serialize:gc.alloc.rate.norm":
  1334445.476 ±(99.9%) 13667.187 B/op [Average]
  (min, avg, max) = (1321188.594, 1334445.476, 1360595.454), stdev = 12784.296
  CI (99.9%): [1320778.288, 1348112.663] (assumes normal distribution)

Secondary result "io.github.lemon_ant.jharmonizer.printerlab.PrinterBenchmark.serialize:gc.count":
  23.000 ±(99.9%) 0.001 counts [Sum]
  (min, avg, max) = (1.000, 1.533, 2.000), stdev = 0.516
  CI (99.9%): [23.000, 23.000] (assumes normal distribution)

Secondary result "io.github.lemon_ant.jharmonizer.printerlab.PrinterBenchmark.serialize:gc.time":
  149.000 ±(99.9%) 0.001 ms [Sum]
  (min, avg, max) = (5.000, 9.933, 14.000), stdev = 3.327
  CI (99.9%): [149.000, 149.000] (assumes normal distribution)

Secondary result "io.github.lemon_ant.jharmonizer.printerlab.PrinterBenchmark.serialize:mempool.CodeHeap 'non-nmethods'.used":
  1599.125 ±(99.9%) 0.001 KiB [Maximum]
  (min, avg, max) = (1558.000, 1570.408, 1599.125), stdev = 11.714
  CI (99.9%): [1599.125, 1599.125] (assumes normal distribution)

Secondary result "io.github.lemon_ant.jharmonizer.printerlab.PrinterBenchmark.serialize:mempool.CodeHeap 'non-profiled nmethods'.used":
  2455.375 ±(99.9%) 0.001 KiB [Maximum]
  (min, avg, max) = (2304.125, 2384.058, 2455.375), stdev = 51.415
  CI (99.9%): [2455.375, 2455.375] (assumes normal distribution)

Secondary result "io.github.lemon_ant.jharmonizer.printerlab.PrinterBenchmark.serialize:mempool.CodeHeap 'profiled nmethods'.used":
  9491.000 ±(99.9%) 0.001 KiB [Maximum]
  (min, avg, max) = (9033.625, 9230.608, 9491.000), stdev = 173.839
  CI (99.9%): [9491.000, 9491.000] (assumes normal distribution)

Secondary result "io.github.lemon_ant.jharmonizer.printerlab.PrinterBenchmark.serialize:mempool.Compressed Class Space.used":
  3144.102 ±(99.9%) 0.001 KiB [Maximum]
  (min, avg, max) = (3137.398, 3140.564, 3144.102), stdev = 2.534
  CI (99.9%): [3144.102, 3144.102] (assumes normal distribution)

Secondary result "io.github.lemon_ant.jharmonizer.printerlab.PrinterBenchmark.serialize:mempool.G1 Eden Space.used":
  622592.000 ±(99.9%) 0.001 KiB [Maximum]
  (min, avg, max) = (621568.000, 622387.200, 622592.000), stdev = 423.976
  CI (99.9%): [622592.000, 622592.000] (assumes normal distribution)

Secondary result "io.github.lemon_ant.jharmonizer.printerlab.PrinterBenchmark.serialize:mempool.G1 Old Gen.used":
  8945.375 ±(99.9%) 0.001 KiB [Maximum]
  (min, avg, max) = (8734.844, 8864.250, 8945.375), stdev = 95.727
  CI (99.9%): [8945.375, 8945.375] (assumes normal distribution)

Secondary result "io.github.lemon_ant.jharmonizer.printerlab.PrinterBenchmark.serialize:mempool.G1 Survivor Space.used":
  6676.906 ±(99.9%) 0.001 KiB [Maximum]
  (min, avg, max) = (6051.109, 6294.931, 6676.906), stdev = 204.931
  CI (99.9%): [6676.906, 6676.906] (assumes normal distribution)

Secondary result "io.github.lemon_ant.jharmonizer.printerlab.PrinterBenchmark.serialize:mempool.Metaspace.used":
  29940.883 ±(99.9%) 0.001 KiB [Maximum]
  (min, avg, max) = (29819.000, 29870.250, 29940.883), stdev = 41.958
  CI (99.9%): [29940.883, 29940.883] (assumes normal distribution)

Secondary result "io.github.lemon_ant.jharmonizer.printerlab.PrinterBenchmark.serialize:mempool.total.codeheap.used":
  13507.250 ±(99.9%) 0.001 KiB [Maximum]
  (min, avg, max) = (12908.625, 13185.075, 13507.250), stdev = 218.335
  CI (99.9%): [13507.250, 13507.250] (assumes normal distribution)

Secondary result "io.github.lemon_ant.jharmonizer.printerlab.PrinterBenchmark.serialize:mempool.total.used":
  684481.602 ±(99.9%) 0.001 KiB [Maximum]
  (min, avg, max) = (683127.781, 683742.269, 684481.602), stdev = 418.656
  CI (99.9%): [684481.602, 684481.602] (assumes normal distribution)


# Run complete. Total time: 00:04:41

REMEMBER: The numbers below are just data. To gain reusable insights, you need to follow up on
why the numbers are the way they are. Use profilers (see -prof, -lprof), design factorial
experiments, perform baseline and negative tests that provide experimental control, make sure
the benchmarking environment is safe on JVM/OS/HW level, ask for reviews from the domain experts.
Do not assume the numbers tell you what you want them to tell.

NOTE: Current JVM experimentally supports Compiler Blackholes, and they are in use. Please exercise
extra caution when trusting the results, look into the generated code to check the benchmark still
works, and factor in a small probability of new VM bugs. Additionally, while comparisons between
different JVMs are already problematic, the performance difference caused by different Blackhole
modes can be very significant. Please make sure you use the consistent Blackhole mode for comparisons.

Benchmark                                                                 (workload)   Mode  Cnt        Score       Error   Units
PrinterBenchmark.serialize                                                  fixtures  thrpt   15      729.620 ±   233.817   ops/s
PrinterBenchmark.serialize:gc.alloc.rate                                    fixtures  thrpt   15      358.767 ±   113.447  MB/sec
PrinterBenchmark.serialize:gc.alloc.rate.norm                               fixtures  thrpt   15   518486.964 ±  1500.535    B/op
PrinterBenchmark.serialize:gc.count                                         fixtures  thrpt   15       19.000              counts
PrinterBenchmark.serialize:gc.time                                          fixtures  thrpt   15      141.000                  ms
PrinterBenchmark.serialize:mempool.CodeHeap 'non-nmethods'.used             fixtures  thrpt   15     1678.750                 KiB
PrinterBenchmark.serialize:mempool.CodeHeap 'non-profiled nmethods'.used    fixtures  thrpt   15     4525.750                 KiB
PrinterBenchmark.serialize:mempool.CodeHeap 'profiled nmethods'.used        fixtures  thrpt   15    11107.250                 KiB
PrinterBenchmark.serialize:mempool.Compressed Class Space.used              fixtures  thrpt   15     3547.336                 KiB
PrinterBenchmark.serialize:mempool.G1 Eden Space.used                       fixtures  thrpt   15   622592.000                 KiB
PrinterBenchmark.serialize:mempool.G1 Old Gen.used                          fixtures  thrpt   15     9050.172                 KiB
PrinterBenchmark.serialize:mempool.G1 Survivor Space.used                   fixtures  thrpt   15     7023.563                 KiB
PrinterBenchmark.serialize:mempool.Metaspace.used                           fixtures  thrpt   15    32166.359                 KiB
PrinterBenchmark.serialize:mempool.total.codeheap.used                      fixtures  thrpt   15    17235.625                 KiB
PrinterBenchmark.serialize:mempool.total.used                               fixtures  thrpt   15   690790.227                 KiB
PrinterBenchmark.serialize                                                   flat128  thrpt   15     4627.382 ±   599.920   ops/s
PrinterBenchmark.serialize:gc.alloc.rate                                     flat128  thrpt   15      599.123 ±    77.690  MB/sec
PrinterBenchmark.serialize:gc.alloc.rate.norm                                flat128  thrpt   15   135988.099 ±    84.272    B/op
PrinterBenchmark.serialize:gc.count                                          flat128  thrpt   15       30.000              counts
PrinterBenchmark.serialize:gc.time                                           flat128  thrpt   15      181.000                  ms
PrinterBenchmark.serialize:mempool.CodeHeap 'non-nmethods'.used              flat128  thrpt   15     1608.500                 KiB
PrinterBenchmark.serialize:mempool.CodeHeap 'non-profiled nmethods'.used     flat128  thrpt   15     2273.250                 KiB
PrinterBenchmark.serialize:mempool.CodeHeap 'profiled nmethods'.used         flat128  thrpt   15     7551.750                 KiB
PrinterBenchmark.serialize:mempool.Compressed Class Space.used               flat128  thrpt   15     3140.656                 KiB
PrinterBenchmark.serialize:mempool.G1 Eden Space.used                        flat128  thrpt   15   624640.000                 KiB
PrinterBenchmark.serialize:mempool.G1 Old Gen.used                           flat128  thrpt   15    14206.000                 KiB
PrinterBenchmark.serialize:mempool.G1 Survivor Space.used                    flat128  thrpt   15     5889.258                 KiB
PrinterBenchmark.serialize:mempool.Metaspace.used                            flat128  thrpt   15    29305.875                 KiB
PrinterBenchmark.serialize:mempool.total.codeheap.used                       flat128  thrpt   15    11328.000                 KiB
PrinterBenchmark.serialize:mempool.total.used                                flat128  thrpt   15   688020.766                 KiB
PrinterBenchmark.serialize                                                  flat1024  thrpt   15      497.883 ±    57.000   ops/s
PrinterBenchmark.serialize:gc.alloc.rate                                    flat1024  thrpt   15      490.654 ±    55.435  MB/sec
PrinterBenchmark.serialize:gc.alloc.rate.norm                               flat1024  thrpt   15  1038317.129 ±  5214.351    B/op
PrinterBenchmark.serialize:gc.count                                         flat1024  thrpt   15       23.000              counts
PrinterBenchmark.serialize:gc.time                                          flat1024  thrpt   15      149.000                  ms
PrinterBenchmark.serialize:mempool.CodeHeap 'non-nmethods'.used             flat1024  thrpt   15     1611.125                 KiB
PrinterBenchmark.serialize:mempool.CodeHeap 'non-profiled nmethods'.used    flat1024  thrpt   15     2755.875                 KiB
PrinterBenchmark.serialize:mempool.CodeHeap 'profiled nmethods'.used        flat1024  thrpt   15     8911.250                 KiB
PrinterBenchmark.serialize:mempool.Compressed Class Space.used              flat1024  thrpt   15     3143.023                 KiB
PrinterBenchmark.serialize:mempool.G1 Eden Space.used                       flat1024  thrpt   15   627712.000                 KiB
PrinterBenchmark.serialize:mempool.G1 Old Gen.used                          flat1024  thrpt   15    14970.219                 KiB
PrinterBenchmark.serialize:mempool.G1 Survivor Space.used                   flat1024  thrpt   15     6416.266                 KiB
PrinterBenchmark.serialize:mempool.Metaspace.used                           flat1024  thrpt   15    29813.188                 KiB
PrinterBenchmark.serialize:mempool.total.codeheap.used                      flat1024  thrpt   15    13126.250                 KiB
PrinterBenchmark.serialize:mempool.total.used                               flat1024  thrpt   15   692673.469                 KiB
PrinterBenchmark.serialize                                                 nested128  thrpt   15      362.436 ±    56.874   ops/s
PrinterBenchmark.serialize:gc.alloc.rate                                   nested128  thrpt   15      457.081 ±    73.728  MB/sec
PrinterBenchmark.serialize:gc.alloc.rate.norm                              nested128  thrpt   15  1334445.476 ± 13667.187    B/op
PrinterBenchmark.serialize:gc.count                                        nested128  thrpt   15       23.000              counts
PrinterBenchmark.serialize:gc.time                                         nested128  thrpt   15      149.000                  ms
PrinterBenchmark.serialize:mempool.CodeHeap 'non-nmethods'.used            nested128  thrpt   15     1599.125                 KiB
PrinterBenchmark.serialize:mempool.CodeHeap 'non-profiled nmethods'.used   nested128  thrpt   15     2455.375                 KiB
PrinterBenchmark.serialize:mempool.CodeHeap 'profiled nmethods'.used       nested128  thrpt   15     9491.000                 KiB
PrinterBenchmark.serialize:mempool.Compressed Class Space.used             nested128  thrpt   15     3144.102                 KiB
PrinterBenchmark.serialize:mempool.G1 Eden Space.used                      nested128  thrpt   15   622592.000                 KiB
PrinterBenchmark.serialize:mempool.G1 Old Gen.used                         nested128  thrpt   15     8945.375                 KiB
PrinterBenchmark.serialize:mempool.G1 Survivor Space.used                  nested128  thrpt   15     6676.906                 KiB
PrinterBenchmark.serialize:mempool.Metaspace.used                          nested128  thrpt   15    29940.883                 KiB
PrinterBenchmark.serialize:mempool.total.codeheap.used                     nested128  thrpt   15    13507.250                 KiB
PrinterBenchmark.serialize:mempool.total.used                              nested128  thrpt   15   684481.602                 KiB

Benchmark result is saved to W:\JHarmonizer\core\printer-lab\target\measurement-0f6aa72d\baseline-run\throughput-t1.raw.json
