# SPDX-FileCopyrightText: 2026 Anton Lem <antonlem78@gmail.com>
# SPDX-License-Identifier: Apache-2.0
# JMH version: 1.37
# VM version: JDK 21.0.8, OpenJDK 64-Bit Server VM, 21.0.8+9-LTS
# VM invoker: C:\Program Files\Microsoft\jdk-21.0.8.9-hotspot\bin\java.exe
# VM options: -Xms1g -Xmx1g -XX:+UseG1GC -Dfile.encoding=UTF-8 -Duser.language=en -Duser.country=US -Duser.timezone=UTC -Dprinter.lab.corpus=W:\JHarmonizer\core\printer-lab\target\measurement-0f6aa72d\baseline-run\corpus
# Blackhole mode: compiler (auto-detected, use -Djmh.blackhole.autoDetect=false to disable)
# Warmup: 5 iterations, 1 s each
# Measurement: 5 iterations, 2 s each
# Timeout: 10 min per iteration
# Threads: 4 threads, will synchronize iterations
# Benchmark mode: Throughput, ops/time
# Benchmark: io.github.lemon_ant.jharmonizer.printerlab.PrinterBenchmark.serialize
# Parameters: (workload = fixtures)

# Run progress: 0.00% complete, ETA 00:03:00
# Fork: 1 of 3
Picked up JAVA_TOOL_OPTIONS: -Dfile.encoding=UTF-8
# Warmup Iteration   1: 427.129 ops/s
# Warmup Iteration   2: 613.933 ops/s
# Warmup Iteration   3: 887.456 ops/s
# Warmup Iteration   4: 1098.492 ops/s
# Warmup Iteration   5: 1341.360 ops/s
Iteration   1: 1303.757 ops/s
                 gc.alloc.rate:                                 650.214 MB/sec
                 gc.alloc.rate.norm:                            524015.979 B/op
                 gc.count:                                      3.000 counts
                 gc.time:                                       29.000 ms
                 mempool.CodeHeap 'non-nmethods'.used:          1629.500 KiB
                 mempool.CodeHeap 'non-profiled nmethods'.used: 4721.375 KiB
                 mempool.CodeHeap 'profiled nmethods'.used:     14409.875 KiB
                 mempool.Compressed Class Space.used:           4304.625 KiB
                 mempool.G1 Eden Space.used:                    618496.000 KiB
                 mempool.G1 Old Gen.used:                       8290.781 KiB
                 mempool.G1 Survivor Space.used:                10457.070 KiB
                 mempool.Metaspace.used:                        35124.969 KiB
                 mempool.total.codeheap.used:                   20760.750 KiB
                 mempool.total.used:                            697434.195 KiB

Iteration   2: 1834.137 ops/s
                 gc.alloc.rate:                                 907.222 MB/sec
                 gc.alloc.rate.norm:                            519857.705 B/op
                 gc.count:                                      3.000 counts
                 gc.time:                                       36.000 ms
                 mempool.CodeHeap 'non-nmethods'.used:          1666.750 KiB
                 mempool.CodeHeap 'non-profiled nmethods'.used: 5164.250 KiB
                 mempool.CodeHeap 'profiled nmethods'.used:     14442.500 KiB
                 mempool.Compressed Class Space.used:           4305.688 KiB
                 mempool.G1 Eden Space.used:                    618496.000 KiB
                 mempool.G1 Old Gen.used:                       8290.781 KiB
                 mempool.G1 Survivor Space.used:                10457.070 KiB
                 mempool.Metaspace.used:                        35134.492 KiB
                 mempool.total.codeheap.used:                   21273.500 KiB
                 mempool.total.used:                            697957.531 KiB

Iteration   3: 1963.794 ops/s
                 gc.alloc.rate:                                 968.454 MB/sec
                 gc.alloc.rate.norm:                            519688.654 B/op
                 gc.count:                                      3.000 counts
                 gc.time:                                       31.000 ms
                 mempool.CodeHeap 'non-nmethods'.used:          1634.000 KiB
                 mempool.CodeHeap 'non-profiled nmethods'.used: 5442.375 KiB
                 mempool.CodeHeap 'profiled nmethods'.used:     14454.500 KiB
                 mempool.Compressed Class Space.used:           4305.688 KiB
                 mempool.G1 Eden Space.used:                    618496.000 KiB
                 mempool.G1 Old Gen.used:                       8290.781 KiB
                 mempool.G1 Survivor Space.used:                10240.000 KiB
                 mempool.Metaspace.used:                        35141.398 KiB
                 mempool.total.codeheap.used:                   21530.875 KiB
                 mempool.total.used:                            698004.742 KiB

Iteration   4: 2092.856 ops/s
                 gc.alloc.rate:                                 1034.196 MB/sec
                 gc.alloc.rate.norm:                            519671.992 B/op
                 gc.count:                                      3.000 counts
                 gc.time:                                       25.000 ms
                 mempool.CodeHeap 'non-nmethods'.used:          1586.625 KiB
                 mempool.CodeHeap 'non-profiled nmethods'.used: 5451.625 KiB
                 mempool.CodeHeap 'profiled nmethods'.used:     14470.125 KiB
                 mempool.Compressed Class Space.used:           4305.688 KiB
                 mempool.G1 Eden Space.used:                    623616.000 KiB
                 mempool.G1 Old Gen.used:                       17509.688 KiB
                 mempool.G1 Survivor Space.used:                9871.523 KiB
                 mempool.Metaspace.used:                        35157.375 KiB
                 mempool.total.codeheap.used:                   21508.375 KiB
                 mempool.total.used:                            711968.648 KiB

Iteration   5: 2030.765 ops/s
                 gc.alloc.rate:                                 949.760 MB/sec
                 gc.alloc.rate.norm:                            526421.356 B/op
                 gc.count:                                      4.000 counts
                 gc.time:                                       9.000 ms
                 mempool.CodeHeap 'non-nmethods'.used:          1603.125 KiB
                 mempool.CodeHeap 'non-profiled nmethods'.used: 5499.500 KiB
                 mempool.CodeHeap 'profiled nmethods'.used:     14582.000 KiB
                 mempool.Compressed Class Space.used:           4306.195 KiB
                 mempool.G1 Eden Space.used:                    627712.000 KiB
                 mempool.G1 Old Gen.used:                       18347.344 KiB
                 mempool.G1 Survivor Space.used:                1024.000 KiB
                 mempool.Metaspace.used:                        35173.836 KiB
                 mempool.total.codeheap.used:                   21684.625 KiB
                 mempool.total.used:                            708248.000 KiB


# Run progress: 8.33% complete, ETA 00:04:50
# Fork: 2 of 3
Picked up JAVA_TOOL_OPTIONS: -Dfile.encoding=UTF-8
# Warmup Iteration   1: 270.365 ops/s
# Warmup Iteration   2: 454.807 ops/s
# Warmup Iteration   3: 613.652 ops/s
# Warmup Iteration   4: 800.317 ops/s
# Warmup Iteration   5: 786.332 ops/s
Iteration   1: 1014.545 ops/s
                 gc.alloc.rate:                                 502.561 MB/sec
                 gc.alloc.rate.norm:                            521433.820 B/op
                 gc.count:                                      2.000 counts
                 gc.time:                                       20.000 ms
                 mempool.CodeHeap 'non-nmethods'.used:          1645.750 KiB
                 mempool.CodeHeap 'non-profiled nmethods'.used: 4676.625 KiB
                 mempool.CodeHeap 'profiled nmethods'.used:     14114.125 KiB
                 mempool.Compressed Class Space.used:           4335.258 KiB
                 mempool.G1 Eden Space.used:                    618496.000 KiB
                 mempool.G1 Old Gen.used:                       8192.000 KiB
                 mempool.G1 Survivor Space.used:                10135.922 KiB
                 mempool.Metaspace.used:                        35102.883 KiB
                 mempool.total.codeheap.used:                   20436.500 KiB
                 mempool.total.used:                            696698.563 KiB

Iteration   2: 1647.875 ops/s
                 gc.alloc.rate:                                 814.377 MB/sec
                 gc.alloc.rate.norm:                            519991.302 B/op
                 gc.count:                                      3.000 counts
                 gc.time:                                       29.000 ms
                 mempool.CodeHeap 'non-nmethods'.used:          1645.500 KiB
                 mempool.CodeHeap 'non-profiled nmethods'.used: 4989.250 KiB
                 mempool.CodeHeap 'profiled nmethods'.used:     14143.000 KiB
                 mempool.Compressed Class Space.used:           4336.320 KiB
                 mempool.G1 Eden Space.used:                    618496.000 KiB
                 mempool.G1 Old Gen.used:                       8192.000 KiB
                 mempool.G1 Survivor Space.used:                9904.383 KiB
                 mempool.Metaspace.used:                        35112.242 KiB
                 mempool.total.codeheap.used:                   20777.750 KiB
                 mempool.total.used:                            696818.695 KiB

Iteration   3: 1943.880 ops/s
                 gc.alloc.rate:                                 960.819 MB/sec
                 gc.alloc.rate.norm:                            519821.947 B/op
                 gc.count:                                      3.000 counts
                 gc.time:                                       29.000 ms
                 mempool.CodeHeap 'non-nmethods'.used:          1628.250 KiB
                 mempool.CodeHeap 'non-profiled nmethods'.used: 5238.000 KiB
                 mempool.CodeHeap 'profiled nmethods'.used:     14164.750 KiB
                 mempool.Compressed Class Space.used:           4336.320 KiB
                 mempool.G1 Eden Space.used:                    618496.000 KiB
                 mempool.G1 Old Gen.used:                       8192.000 KiB
                 mempool.G1 Survivor Space.used:                10088.438 KiB
                 mempool.Metaspace.used:                        35123.672 KiB
                 mempool.total.codeheap.used:                   21031.000 KiB
                 mempool.total.used:                            697267.430 KiB

Iteration   4: 2124.245 ops/s
                 gc.alloc.rate:                                 1051.132 MB/sec
                 gc.alloc.rate.norm:                            519775.934 B/op
                 gc.count:                                      4.000 counts
                 gc.time:                                       35.000 ms
                 mempool.CodeHeap 'non-nmethods'.used:          1601.750 KiB
                 mempool.CodeHeap 'non-profiled nmethods'.used: 5243.125 KiB
                 mempool.CodeHeap 'profiled nmethods'.used:     14175.125 KiB
                 mempool.Compressed Class Space.used:           4336.320 KiB
                 mempool.G1 Eden Space.used:                    620544.000 KiB
                 mempool.G1 Old Gen.used:                       12941.609 KiB
                 mempool.G1 Survivor Space.used:                10088.438 KiB
                 mempool.Metaspace.used:                        35127.820 KiB
                 mempool.total.codeheap.used:                   21020.000 KiB
                 mempool.total.used:                            704058.188 KiB

Iteration   5: 2242.688 ops/s
                 gc.alloc.rate:                                 1050.899 MB/sec
                 gc.alloc.rate.norm:                            525841.496 B/op
                 gc.count:                                      3.000 counts
                 gc.time:                                       12.000 ms
                 mempool.CodeHeap 'non-nmethods'.used:          1590.750 KiB
                 mempool.CodeHeap 'non-profiled nmethods'.used: 5285.250 KiB
                 mempool.CodeHeap 'profiled nmethods'.used:     14275.500 KiB
                 mempool.Compressed Class Space.used:           4336.828 KiB
                 mempool.G1 Eden Space.used:                    627712.000 KiB
                 mempool.G1 Old Gen.used:                       18060.797 KiB
                 mempool.G1 Survivor Space.used:                5305.141 KiB
                 mempool.Metaspace.used:                        35144.734 KiB
                 mempool.total.codeheap.used:                   21151.500 KiB
                 mempool.total.used:                            711711.000 KiB


# Run progress: 16.67% complete, ETA 00:04:23
# Fork: 3 of 3
Picked up JAVA_TOOL_OPTIONS: -Dfile.encoding=UTF-8
# Warmup Iteration   1: 335.974 ops/s
# Warmup Iteration   2: 409.137 ops/s
# Warmup Iteration   3: 580.393 ops/s
# Warmup Iteration   4: 634.888 ops/s
# Warmup Iteration   5: 787.976 ops/s
Iteration   1: 1002.476 ops/s
                 gc.alloc.rate:                                 499.807 MB/sec
                 gc.alloc.rate.norm:                            523280.410 B/op
                 gc.count:                                      2.000 counts
                 gc.time:                                       20.000 ms
                 mempool.CodeHeap 'non-nmethods'.used:          1615.750 KiB
                 mempool.CodeHeap 'non-profiled nmethods'.used: 4490.500 KiB
                 mempool.CodeHeap 'profiled nmethods'.used:     14007.625 KiB
                 mempool.Compressed Class Space.used:           4291.555 KiB
                 mempool.G1 Eden Space.used:                    618496.000 KiB
                 mempool.G1 Old Gen.used:                       8192.000 KiB
                 mempool.G1 Survivor Space.used:                10455.125 KiB
                 mempool.Metaspace.used:                        34971.531 KiB
                 mempool.total.codeheap.used:                   20113.875 KiB
                 mempool.total.used:                            696520.086 KiB

Iteration   2: 1945.163 ops/s
                 gc.alloc.rate:                                 963.235 MB/sec
                 gc.alloc.rate.norm:                            520516.996 B/op
                 gc.count:                                      3.000 counts
                 gc.time:                                       30.000 ms
                 mempool.CodeHeap 'non-nmethods'.used:          1653.250 KiB
                 mempool.CodeHeap 'non-profiled nmethods'.used: 4802.125 KiB
                 mempool.CodeHeap 'profiled nmethods'.used:     14048.500 KiB
                 mempool.Compressed Class Space.used:           4292.617 KiB
                 mempool.G1 Eden Space.used:                    618496.000 KiB
                 mempool.G1 Old Gen.used:                       8192.000 KiB
                 mempool.G1 Survivor Space.used:                10455.125 KiB
                 mempool.Metaspace.used:                        34992.266 KiB
                 mempool.total.codeheap.used:                   20503.875 KiB
                 mempool.total.used:                            696931.883 KiB

Iteration   3: 2366.391 ops/s
                 gc.alloc.rate:                                 1172.912 MB/sec
                 gc.alloc.rate.norm:                            520345.379 B/op
                 gc.count:                                      4.000 counts
                 gc.time:                                       42.000 ms
                 mempool.CodeHeap 'non-nmethods'.used:          1656.250 KiB
                 mempool.CodeHeap 'non-profiled nmethods'.used: 5126.875 KiB
                 mempool.CodeHeap 'profiled nmethods'.used:     14058.875 KiB
                 mempool.Compressed Class Space.used:           4292.617 KiB
                 mempool.G1 Eden Space.used:                    618496.000 KiB
                 mempool.G1 Old Gen.used:                       8192.000 KiB
                 mempool.G1 Survivor Space.used:                10240.000 KiB
                 mempool.Metaspace.used:                        34999.172 KiB
                 mempool.total.codeheap.used:                   20842.000 KiB
                 mempool.total.used:                            697061.789 KiB

Iteration   4: 3170.278 ops/s
                 gc.alloc.rate:                                 1570.950 MB/sec
                 gc.alloc.rate.norm:                            520317.322 B/op
                 gc.count:                                      5.000 counts
                 gc.time:                                       36.000 ms
                 mempool.CodeHeap 'non-nmethods'.used:          1585.125 KiB
                 mempool.CodeHeap 'non-profiled nmethods'.used: 5132.375 KiB
                 mempool.CodeHeap 'profiled nmethods'.used:     14073.375 KiB
                 mempool.Compressed Class Space.used:           4292.617 KiB
                 mempool.G1 Eden Space.used:                    626688.000 KiB
                 mempool.G1 Old Gen.used:                       17901.453 KiB
                 mempool.G1 Survivor Space.used:                10240.000 KiB
                 mempool.Metaspace.used:                        35002.570 KiB
                 mempool.total.codeheap.used:                   20790.875 KiB
                 mempool.total.used:                            714915.516 KiB

Iteration   5: 3177.806 ops/s
                 gc.alloc.rate:                                 1554.905 MB/sec
                 gc.alloc.rate.norm:                            524627.673 B/op
                 gc.count:                                      6.000 counts
                 gc.time:                                       11.000 ms
                 mempool.CodeHeap 'non-nmethods'.used:          1588.625 KiB
                 mempool.CodeHeap 'non-profiled nmethods'.used: 5144.000 KiB
                 mempool.CodeHeap 'profiled nmethods'.used:     14137.750 KiB
                 mempool.Compressed Class Space.used:           4293.125 KiB
                 mempool.G1 Eden Space.used:                    627712.000 KiB
                 mempool.G1 Old Gen.used:                       18145.172 KiB
                 mempool.G1 Survivor Space.used:                350.602 KiB
                 mempool.Metaspace.used:                        35007.961 KiB
                 mempool.total.codeheap.used:                   20870.375 KiB
                 mempool.total.used:                            706379.234 KiB



Result "io.github.lemon_ant.jharmonizer.printerlab.PrinterBenchmark.serialize":
  1990.710 ±(99.9%) 675.138 ops/s [Average]
  (min, avg, max) = (1002.476, 1990.710, 3177.806), stdev = 631.525
  CI (99.9%): [1315.572, 2665.849] (assumes normal distribution)

Secondary result "io.github.lemon_ant.jharmonizer.printerlab.PrinterBenchmark.serialize:gc.alloc.rate":
  976.763 ±(99.9%) 329.697 MB/sec [Average]
  (min, avg, max) = (499.807, 976.763, 1570.950), stdev = 308.399
  CI (99.9%): [647.066, 1306.460] (assumes normal distribution)

Secondary result "io.github.lemon_ant.jharmonizer.printerlab.PrinterBenchmark.serialize:gc.alloc.rate.norm":
  521707.198 ±(99.9%) 2599.778 B/op [Average]
  (min, avg, max) = (519671.992, 521707.198, 526421.356), stdev = 2431.834
  CI (99.9%): [519107.420, 524306.976] (assumes normal distribution)

Secondary result "io.github.lemon_ant.jharmonizer.printerlab.PrinterBenchmark.serialize:gc.count":
  51.000 ±(99.9%) 0.001 counts [Sum]
  (min, avg, max) = (2.000, 3.400, 6.000), stdev = 1.056
  CI (99.9%): [51.000, 51.000] (assumes normal distribution)

Secondary result "io.github.lemon_ant.jharmonizer.printerlab.PrinterBenchmark.serialize:gc.time":
  394.000 ±(99.9%) 0.001 ms [Sum]
  (min, avg, max) = (9.000, 26.267, 42.000), stdev = 9.953
  CI (99.9%): [394.000, 394.000] (assumes normal distribution)

Secondary result "io.github.lemon_ant.jharmonizer.printerlab.PrinterBenchmark.serialize:mempool.CodeHeap 'non-nmethods'.used":
  1666.750 ±(99.9%) 0.001 KiB [Maximum]
  (min, avg, max) = (1585.125, 1622.067, 1666.750), stdev = 28.049
  CI (99.9%): [1666.750, 1666.750] (assumes normal distribution)

Secondary result "io.github.lemon_ant.jharmonizer.printerlab.PrinterBenchmark.serialize:mempool.CodeHeap 'non-profiled nmethods'.used":
  5499.500 ±(99.9%) 0.001 KiB [Maximum]
  (min, avg, max) = (4490.500, 5093.817, 5499.500), stdev = 301.976
  CI (99.9%): [5499.500, 5499.500] (assumes normal distribution)

Secondary result "io.github.lemon_ant.jharmonizer.printerlab.PrinterBenchmark.serialize:mempool.CodeHeap 'profiled nmethods'.used":
  14582.000 ±(99.9%) 0.001 KiB [Maximum]
  (min, avg, max) = (14007.625, 14237.175, 14582.000), stdev = 185.887
  CI (99.9%): [14582.000, 14582.000] (assumes normal distribution)

Secondary result "io.github.lemon_ant.jharmonizer.printerlab.PrinterBenchmark.serialize:mempool.Compressed Class Space.used":
  4336.828 ±(99.9%) 0.001 KiB [Maximum]
  (min, avg, max) = (4291.555, 4311.431, 4336.828), stdev = 18.966
  CI (99.9%): [4336.828, 4336.828] (assumes normal distribution)

Secondary result "io.github.lemon_ant.jharmonizer.printerlab.PrinterBenchmark.serialize:mempool.G1 Eden Space.used":
  627712.000 ±(99.9%) 0.001 KiB [Maximum]
  (min, avg, max) = (618496.000, 621363.200, 627712.000), stdev = 4044.476
  CI (99.9%): [627712.000, 627712.000] (assumes normal distribution)

Secondary result "io.github.lemon_ant.jharmonizer.printerlab.PrinterBenchmark.serialize:mempool.G1 Old Gen.used":
  18347.344 ±(99.9%) 0.001 KiB [Maximum]
  (min, avg, max) = (8192.000, 11795.360, 18347.344), stdev = 4694.279
  CI (99.9%): [18347.344, 18347.344] (assumes normal distribution)

Secondary result "io.github.lemon_ant.jharmonizer.printerlab.PrinterBenchmark.serialize:mempool.G1 Survivor Space.used":
  10457.070 ±(99.9%) 0.001 KiB [Maximum]
  (min, avg, max) = (350.602, 8620.856, 10457.070), stdev = 3466.732
  CI (99.9%): [10457.070, 10457.070] (assumes normal distribution)

Secondary result "io.github.lemon_ant.jharmonizer.printerlab.PrinterBenchmark.serialize:mempool.Metaspace.used":
  35173.836 ±(99.9%) 0.001 KiB [Maximum]
  (min, avg, max) = (34971.531, 35087.795, 35173.836), stdev = 70.595
  CI (99.9%): [35173.836, 35173.836] (assumes normal distribution)

Secondary result "io.github.lemon_ant.jharmonizer.printerlab.PrinterBenchmark.serialize:mempool.total.codeheap.used":
  21684.625 ±(99.9%) 0.001 KiB [Maximum]
  (min, avg, max) = (20113.875, 20953.058, 21684.625), stdev = 432.276
  CI (99.9%): [21684.625, 21684.625] (assumes normal distribution)

Secondary result "io.github.lemon_ant.jharmonizer.printerlab.PrinterBenchmark.serialize:mempool.total.used":
  714915.516 ±(99.9%) 0.001 KiB [Maximum]
  (min, avg, max) = (696520.086, 702131.700, 714915.516), stdev = 6725.638
  CI (99.9%): [714915.516, 714915.516] (assumes normal distribution)


# JMH version: 1.37
# VM version: JDK 21.0.8, OpenJDK 64-Bit Server VM, 21.0.8+9-LTS
# VM invoker: C:\Program Files\Microsoft\jdk-21.0.8.9-hotspot\bin\java.exe
# VM options: -Xms1g -Xmx1g -XX:+UseG1GC -Dfile.encoding=UTF-8 -Duser.language=en -Duser.country=US -Duser.timezone=UTC -Dprinter.lab.corpus=W:\JHarmonizer\core\printer-lab\target\measurement-0f6aa72d\baseline-run\corpus
# Blackhole mode: compiler (auto-detected, use -Djmh.blackhole.autoDetect=false to disable)
# Warmup: 5 iterations, 1 s each
# Measurement: 5 iterations, 2 s each
# Timeout: 10 min per iteration
# Threads: 4 threads, will synchronize iterations
# Benchmark mode: Throughput, ops/time
# Benchmark: io.github.lemon_ant.jharmonizer.printerlab.PrinterBenchmark.serialize
# Parameters: (workload = flat128)

# Run progress: 25.00% complete, ETA 00:03:57
# Fork: 1 of 3
Picked up JAVA_TOOL_OPTIONS: -Dfile.encoding=UTF-8
# Warmup Iteration   1: 2720.837 ops/s
# Warmup Iteration   2: 7729.453 ops/s
# Warmup Iteration   3: 8556.718 ops/s
# Warmup Iteration   4: 12689.454 ops/s
# Warmup Iteration   5: 14279.524 ops/s
Iteration   1: 13253.970 ops/s
                 gc.alloc.rate:                                 1717.430 MB/sec
                 gc.alloc.rate.norm:                            136017.273 B/op
                 gc.count:                                      6.000 counts
                 gc.time:                                       41.000 ms
                 mempool.CodeHeap 'non-nmethods'.used:          1549.375 KiB
                 mempool.CodeHeap 'non-profiled nmethods'.used: 2705.375 KiB
                 mempool.CodeHeap 'profiled nmethods'.used:     8347.875 KiB
                 mempool.Compressed Class Space.used:           3712.273 KiB
                 mempool.G1 Eden Space.used:                    625664.000 KiB
                 mempool.G1 Old Gen.used:                       15089.781 KiB
                 mempool.G1 Survivor Space.used:                7657.211 KiB
                 mempool.Metaspace.used:                        31375.297 KiB
                 mempool.total.codeheap.used:                   12602.625 KiB
                 mempool.total.used:                            696101.188 KiB

Iteration   2: 14769.030 ops/s
                 gc.alloc.rate:                                 1914.150 MB/sec
                 gc.alloc.rate.norm:                            136017.140 B/op
                 gc.count:                                      6.000 counts
                 gc.time:                                       14.000 ms
                 mempool.CodeHeap 'non-nmethods'.used:          1565.125 KiB
                 mempool.CodeHeap 'non-profiled nmethods'.used: 2714.625 KiB
                 mempool.CodeHeap 'profiled nmethods'.used:     8387.625 KiB
                 mempool.Compressed Class Space.used:           3713.336 KiB
                 mempool.G1 Eden Space.used:                    627712.000 KiB
                 mempool.G1 Old Gen.used:                       15311.125 KiB
                 mempool.G1 Survivor Space.used:                429.656 KiB
                 mempool.Metaspace.used:                        31390.508 KiB
                 mempool.total.codeheap.used:                   12667.375 KiB
                 mempool.total.used:                            691224.000 KiB

Iteration   3: 14238.362 ops/s
                 gc.alloc.rate:                                 1845.329 MB/sec
                 gc.alloc.rate.norm:                            136009.754 B/op
                 gc.count:                                      6.000 counts
                 gc.time:                                       11.000 ms
                 mempool.CodeHeap 'non-nmethods'.used:          1565.625 KiB
                 mempool.CodeHeap 'non-profiled nmethods'.used: 2721.000 KiB
                 mempool.CodeHeap 'profiled nmethods'.used:     8404.125 KiB
                 mempool.Compressed Class Space.used:           3713.336 KiB
                 mempool.G1 Eden Space.used:                    627712.000 KiB
                 mempool.G1 Old Gen.used:                       15324.719 KiB
                 mempool.G1 Survivor Space.used:                69.375 KiB
                 mempool.Metaspace.used:                        31406.422 KiB
                 mempool.total.codeheap.used:                   12690.750 KiB
                 mempool.total.used:                            690916.602 KiB

Iteration   4: 11370.496 ops/s
                 gc.alloc.rate:                                 1473.083 MB/sec
                 gc.alloc.rate.norm:                            135985.492 B/op
                 gc.count:                                      5.000 counts
                 gc.time:                                       11.000 ms
                 mempool.CodeHeap 'non-nmethods'.used:          1549.375 KiB
                 mempool.CodeHeap 'non-profiled nmethods'.used: 2722.750 KiB
                 mempool.CodeHeap 'profiled nmethods'.used:     8419.125 KiB
                 mempool.Compressed Class Space.used:           3713.336 KiB
                 mempool.G1 Eden Space.used:                    627712.000 KiB
                 mempool.G1 Old Gen.used:                       15340.844 KiB
                 mempool.G1 Survivor Space.used:                72.438 KiB
                 mempool.Metaspace.used:                        31411.844 KiB
                 mempool.total.codeheap.used:                   12691.250 KiB
                 mempool.total.used:                            690941.711 KiB

Iteration   5: 13050.945 ops/s
                 gc.alloc.rate:                                 1684.172 MB/sec
                 gc.alloc.rate.norm:                            136239.240 B/op
                 gc.count:                                      5.000 counts
                 gc.time:                                       9.000 ms
                 mempool.CodeHeap 'non-nmethods'.used:          1564.000 KiB
                 mempool.CodeHeap 'non-profiled nmethods'.used: 2729.250 KiB
                 mempool.CodeHeap 'profiled nmethods'.used:     8443.500 KiB
                 mempool.Compressed Class Space.used:           3713.844 KiB
                 mempool.G1 Eden Space.used:                    627712.000 KiB
                 mempool.G1 Old Gen.used:                       15352.313 KiB
                 mempool.G1 Survivor Space.used:                67.016 KiB
                 mempool.Metaspace.used:                        31416.039 KiB
                 mempool.total.codeheap.used:                   12736.750 KiB
                 mempool.total.used:                            690997.961 KiB


# Run progress: 33.33% complete, ETA 00:03:24
# Fork: 2 of 3
Picked up JAVA_TOOL_OPTIONS: -Dfile.encoding=UTF-8
# Warmup Iteration   1: 2333.459 ops/s
# Warmup Iteration   2: 6617.603 ops/s
# Warmup Iteration   3: 6660.188 ops/s
# Warmup Iteration   4: 9018.457 ops/s
# Warmup Iteration   5: 9969.527 ops/s
Iteration   1: 11344.492 ops/s
                 gc.alloc.rate:                                 1446.555 MB/sec
                 gc.alloc.rate.norm:                            133969.488 B/op
                 gc.count:                                      5.000 counts
                 gc.time:                                       43.000 ms
                 mempool.CodeHeap 'non-nmethods'.used:          1560.750 KiB
                 mempool.CodeHeap 'non-profiled nmethods'.used: 2788.625 KiB
                 mempool.CodeHeap 'profiled nmethods'.used:     8203.875 KiB
                 mempool.Compressed Class Space.used:           3719.578 KiB
                 mempool.G1 Eden Space.used:                    620544.000 KiB
                 mempool.G1 Old Gen.used:                       8101.516 KiB
                 mempool.G1 Survivor Space.used:                7974.172 KiB
                 mempool.Metaspace.used:                        31355.828 KiB
                 mempool.total.codeheap.used:                   12553.250 KiB
                 mempool.total.used:                            684248.344 KiB

Iteration   2: 13787.878 ops/s
                 gc.alloc.rate:                                 1759.069 MB/sec
                 gc.alloc.rate.norm:                            133969.223 B/op
                 gc.count:                                      6.000 counts
                 gc.time:                                       22.000 ms
                 mempool.CodeHeap 'non-nmethods'.used:          1561.625 KiB
                 mempool.CodeHeap 'non-profiled nmethods'.used: 2794.750 KiB
                 mempool.CodeHeap 'profiled nmethods'.used:     8243.750 KiB
                 mempool.Compressed Class Space.used:           3720.641 KiB
                 mempool.G1 Eden Space.used:                    627712.000 KiB
                 mempool.G1 Old Gen.used:                       15253.992 KiB
                 mempool.G1 Survivor Space.used:                7354.117 KiB
                 mempool.Metaspace.used:                        31366.375 KiB
                 mempool.total.codeheap.used:                   12600.125 KiB
                 mempool.total.used:                            698007.250 KiB

Iteration   3: 14285.227 ops/s
                 gc.alloc.rate:                                 1823.630 MB/sec
                 gc.alloc.rate.norm:                            133967.103 B/op
                 gc.count:                                      6.000 counts
                 gc.time:                                       13.000 ms
                 mempool.CodeHeap 'non-nmethods'.used:          1563.250 KiB
                 mempool.CodeHeap 'non-profiled nmethods'.used: 2806.750 KiB
                 mempool.CodeHeap 'profiled nmethods'.used:     8254.625 KiB
                 mempool.Compressed Class Space.used:           3720.641 KiB
                 mempool.G1 Eden Space.used:                    627712.000 KiB
                 mempool.G1 Old Gen.used:                       15281.695 KiB
                 mempool.G1 Survivor Space.used:                82.531 KiB
                 mempool.Metaspace.used:                        31370.359 KiB
                 mempool.total.codeheap.used:                   12624.625 KiB
                 mempool.total.used:                            690791.852 KiB

Iteration   4: 13988.512 ops/s
                 gc.alloc.rate:                                 1785.455 MB/sec
                 gc.alloc.rate.norm:                            133937.212 B/op
                 gc.count:                                      5.000 counts
                 gc.time:                                       9.000 ms
                 mempool.CodeHeap 'non-nmethods'.used:          1547.000 KiB
                 mempool.CodeHeap 'non-profiled nmethods'.used: 2808.500 KiB
                 mempool.CodeHeap 'profiled nmethods'.used:     8269.625 KiB
                 mempool.Compressed Class Space.used:           3720.641 KiB
                 mempool.G1 Eden Space.used:                    627712.000 KiB
                 mempool.G1 Old Gen.used:                       15299.836 KiB
                 mempool.G1 Survivor Space.used:                69.797 KiB
                 mempool.Metaspace.used:                        31375.469 KiB
                 mempool.total.codeheap.used:                   12625.125 KiB
                 mempool.total.used:                            690802.867 KiB

Iteration   5: 14015.021 ops/s
                 gc.alloc.rate:                                 1782.490 MB/sec
                 gc.alloc.rate.norm:                            134169.807 B/op
                 gc.count:                                      6.000 counts
                 gc.time:                                       12.000 ms
                 mempool.CodeHeap 'non-nmethods'.used:          1547.000 KiB
                 mempool.CodeHeap 'non-profiled nmethods'.used: 2808.500 KiB
                 mempool.CodeHeap 'profiled nmethods'.used:     8297.375 KiB
                 mempool.Compressed Class Space.used:           3721.148 KiB
                 mempool.G1 Eden Space.used:                    627712.000 KiB
                 mempool.G1 Old Gen.used:                       15311.305 KiB
                 mempool.G1 Survivor Space.used:                68.125 KiB
                 mempool.Metaspace.used:                        31380.094 KiB
                 mempool.total.codeheap.used:                   12652.875 KiB
                 mempool.total.used:                            690845.547 KiB


# Run progress: 41.67% complete, ETA 00:02:54
# Fork: 3 of 3
Picked up JAVA_TOOL_OPTIONS: -Dfile.encoding=UTF-8
# Warmup Iteration   1: 2390.796 ops/s
# Warmup Iteration   2: 5712.978 ops/s
# Warmup Iteration   3: 6782.035 ops/s
# Warmup Iteration   4: 8851.970 ops/s
# Warmup Iteration   5: 9652.657 ops/s
Iteration   1: 9758.732 ops/s
                 gc.alloc.rate:                                 1245.639 MB/sec
                 gc.alloc.rate.norm:                            133969.722 B/op
                 gc.count:                                      4.000 counts
                 gc.time:                                       31.000 ms
                 mempool.CodeHeap 'non-nmethods'.used:          1543.375 KiB
                 mempool.CodeHeap 'non-profiled nmethods'.used: 2813.375 KiB
                 mempool.CodeHeap 'profiled nmethods'.used:     8577.750 KiB
                 mempool.Compressed Class Space.used:           3655.984 KiB
                 mempool.G1 Eden Space.used:                    621568.000 KiB
                 mempool.G1 Old Gen.used:                       8050.969 KiB
                 mempool.G1 Survivor Space.used:                8112.344 KiB
                 mempool.Metaspace.used:                        31252.938 KiB
                 mempool.total.codeheap.used:                   12934.500 KiB
                 mempool.total.used:                            685574.734 KiB

Iteration   2: 9608.402 ops/s
                 gc.alloc.rate:                                 1226.573 MB/sec
                 gc.alloc.rate.norm:                            133969.744 B/op
                 gc.count:                                      4.000 counts
                 gc.time:                                       25.000 ms
                 mempool.CodeHeap 'non-nmethods'.used:          1543.375 KiB
                 mempool.CodeHeap 'non-profiled nmethods'.used: 2818.125 KiB
                 mempool.CodeHeap 'profiled nmethods'.used:     8614.625 KiB
                 mempool.Compressed Class Space.used:           3657.195 KiB
                 mempool.G1 Eden Space.used:                    625664.000 KiB
                 mempool.G1 Old Gen.used:                       15155.984 KiB
                 mempool.G1 Survivor Space.used:                8003.445 KiB
                 mempool.Metaspace.used:                        31270.508 KiB
                 mempool.total.codeheap.used:                   12976.125 KiB
                 mempool.total.used:                            696727.258 KiB

Iteration   3: 9745.331 ops/s
                 gc.alloc.rate:                                 1244.013 MB/sec
                 gc.alloc.rate.norm:                            133969.729 B/op
                 gc.count:                                      4.000 counts
                 gc.time:                                       9.000 ms
                 mempool.CodeHeap 'non-nmethods'.used:          1558.250 KiB
                 mempool.CodeHeap 'non-profiled nmethods'.used: 2820.375 KiB
                 mempool.CodeHeap 'profiled nmethods'.used:     8626.500 KiB
                 mempool.Compressed Class Space.used:           3657.195 KiB
                 mempool.G1 Eden Space.used:                    627712.000 KiB
                 mempool.G1 Old Gen.used:                       15488.266 KiB
                 mempool.G1 Survivor Space.used:                560.000 KiB
                 mempool.Metaspace.used:                        31274.492 KiB
                 mempool.total.codeheap.used:                   13005.125 KiB
                 mempool.total.used:                            691697.078 KiB

Iteration   4: 9669.891 ops/s
                 gc.alloc.rate:                                 1234.399 MB/sec
                 gc.alloc.rate.norm:                            133967.082 B/op
                 gc.count:                                      5.000 counts
                 gc.time:                                       13.000 ms
                 mempool.CodeHeap 'non-nmethods'.used:          1559.625 KiB
                 mempool.CodeHeap 'non-profiled nmethods'.used: 2830.500 KiB
                 mempool.CodeHeap 'profiled nmethods'.used:     8642.250 KiB
                 mempool.Compressed Class Space.used:           3657.195 KiB
                 mempool.G1 Eden Space.used:                    627712.000 KiB
                 mempool.G1 Old Gen.used:                       15511.938 KiB
                 mempool.G1 Survivor Space.used:                78.375 KiB
                 mempool.Metaspace.used:                        31279.602 KiB
                 mempool.total.codeheap.used:                   13032.375 KiB
                 mempool.total.used:                            691271.484 KiB

Iteration   5: 9379.198 ops/s
                 gc.alloc.rate:                                 1189.507 MB/sec
                 gc.alloc.rate.norm:                            134285.059 B/op
                 gc.count:                                      3.000 counts
                 gc.time:                                       7.000 ms
                 mempool.CodeHeap 'non-nmethods'.used:          1558.875 KiB
                 mempool.CodeHeap 'non-profiled nmethods'.used: 2836.000 KiB
                 mempool.CodeHeap 'profiled nmethods'.used:     8674.875 KiB
                 mempool.Compressed Class Space.used:           3657.703 KiB
                 mempool.G1 Eden Space.used:                    627712.000 KiB
                 mempool.G1 Old Gen.used:                       15530.078 KiB
                 mempool.G1 Survivor Space.used:                70.961 KiB
                 mempool.Metaspace.used:                        31289.203 KiB
                 mempool.total.codeheap.used:                   13069.750 KiB
                 mempool.total.used:                            691329.695 KiB



Result "io.github.lemon_ant.jharmonizer.printerlab.PrinterBenchmark.serialize":
  12151.033 ±(99.9%) 2220.464 ops/s [Average]
  (min, avg, max) = (9379.198, 12151.033, 14769.030), stdev = 2077.023
  CI (99.9%): [9930.569, 14371.496] (assumes normal distribution)

Secondary result "io.github.lemon_ant.jharmonizer.printerlab.PrinterBenchmark.serialize:gc.alloc.rate":
  1558.099 ±(99.9%) 289.972 MB/sec [Average]
  (min, avg, max) = (1189.507, 1558.099, 1914.150), stdev = 271.240
  CI (99.9%): [1268.128, 1848.071] (assumes normal distribution)

Secondary result "io.github.lemon_ant.jharmonizer.printerlab.PrinterBenchmark.serialize:gc.alloc.rate.norm":
  134696.205 ±(99.9%) 1068.451 B/op [Average]
  (min, avg, max) = (133937.212, 134696.205, 136239.240), stdev = 999.430
  CI (99.9%): [133627.753, 135764.656] (assumes normal distribution)

Secondary result "io.github.lemon_ant.jharmonizer.printerlab.PrinterBenchmark.serialize:gc.count":
  76.000 ±(99.9%) 0.001 counts [Sum]
  (min, avg, max) = (3.000, 5.067, 6.000), stdev = 0.961
  CI (99.9%): [76.000, 76.000] (assumes normal distribution)

Secondary result "io.github.lemon_ant.jharmonizer.printerlab.PrinterBenchmark.serialize:gc.time":
  270.000 ±(99.9%) 0.001 ms [Sum]
  (min, avg, max) = (7.000, 18.000, 43.000), stdev = 11.808
  CI (99.9%): [270.000, 270.000] (assumes normal distribution)

Secondary result "io.github.lemon_ant.jharmonizer.printerlab.PrinterBenchmark.serialize:mempool.CodeHeap 'non-nmethods'.used":
  1565.625 ±(99.9%) 0.001 KiB [Maximum]
  (min, avg, max) = (1543.375, 1555.775, 1565.625), stdev = 8.198
  CI (99.9%): [1565.625, 1565.625] (assumes normal distribution)

Secondary result "io.github.lemon_ant.jharmonizer.printerlab.PrinterBenchmark.serialize:mempool.CodeHeap 'non-profiled nmethods'.used":
  2836.000 ±(99.9%) 0.001 KiB [Maximum]
  (min, avg, max) = (2705.375, 2781.233, 2836.000), stdev = 47.562
  CI (99.9%): [2836.000, 2836.000] (assumes normal distribution)

Secondary result "io.github.lemon_ant.jharmonizer.printerlab.PrinterBenchmark.serialize:mempool.CodeHeap 'profiled nmethods'.used":
  8674.875 ±(99.9%) 0.001 KiB [Maximum]
  (min, avg, max) = (8203.875, 8427.167, 8674.875), stdev = 162.309
  CI (99.9%): [8674.875, 8674.875] (assumes normal distribution)

Secondary result "io.github.lemon_ant.jharmonizer.printerlab.PrinterBenchmark.serialize:mempool.Compressed Class Space.used":
  3721.148 ±(99.9%) 0.001 KiB [Maximum]
  (min, avg, max) = (3655.984, 3696.936, 3721.148), stdev = 29.358
  CI (99.9%): [3721.148, 3721.148] (assumes normal distribution)

Secondary result "io.github.lemon_ant.jharmonizer.printerlab.PrinterBenchmark.serialize:mempool.G1 Eden Space.used":
  627712.000 ±(99.9%) 0.001 KiB [Maximum]
  (min, avg, max) = (620544.000, 626551.467, 627712.000), stdev = 2350.000
  CI (99.9%): [627712.000, 627712.000] (assumes normal distribution)

Secondary result "io.github.lemon_ant.jharmonizer.printerlab.PrinterBenchmark.serialize:mempool.G1 Old Gen.used":
  15530.078 ±(99.9%) 0.001 KiB [Maximum]
  (min, avg, max) = (8050.969, 14360.291, 15530.078), stdev = 2554.083
  CI (99.9%): [15530.078, 15530.078] (assumes normal distribution)

Secondary result "io.github.lemon_ant.jharmonizer.printerlab.PrinterBenchmark.serialize:mempool.G1 Survivor Space.used":
  8112.344 ±(99.9%) 0.001 KiB [Maximum]
  (min, avg, max) = (67.016, 2711.304, 8112.344), stdev = 3745.867
  CI (99.9%): [8112.344, 8112.344] (assumes normal distribution)

Secondary result "io.github.lemon_ant.jharmonizer.printerlab.PrinterBenchmark.serialize:mempool.Metaspace.used":
  31416.039 ±(99.9%) 0.001 KiB [Maximum]
  (min, avg, max) = (31252.938, 31347.665, 31416.039), stdev = 57.279
  CI (99.9%): [31416.039, 31416.039] (assumes normal distribution)

Secondary result "io.github.lemon_ant.jharmonizer.printerlab.PrinterBenchmark.serialize:mempool.total.codeheap.used":
  13069.750 ±(99.9%) 0.001 KiB [Maximum]
  (min, avg, max) = (12553.250, 12764.175, 13069.750), stdev = 182.605
  CI (99.9%): [13069.750, 13069.750] (assumes normal distribution)

Secondary result "io.github.lemon_ant.jharmonizer.printerlab.PrinterBenchmark.serialize:mempool.total.used":
  698007.250 ±(99.9%) 0.001 KiB [Maximum]
  (min, avg, max) = (684248.344, 691431.838, 698007.250), stdev = 3595.445
  CI (99.9%): [698007.250, 698007.250] (assumes normal distribution)


# JMH version: 1.37
# VM version: JDK 21.0.8, OpenJDK 64-Bit Server VM, 21.0.8+9-LTS
# VM invoker: C:\Program Files\Microsoft\jdk-21.0.8.9-hotspot\bin\java.exe
# VM options: -Xms1g -Xmx1g -XX:+UseG1GC -Dfile.encoding=UTF-8 -Duser.language=en -Duser.country=US -Duser.timezone=UTC -Dprinter.lab.corpus=W:\JHarmonizer\core\printer-lab\target\measurement-0f6aa72d\baseline-run\corpus
# Blackhole mode: compiler (auto-detected, use -Djmh.blackhole.autoDetect=false to disable)
# Warmup: 5 iterations, 1 s each
# Measurement: 5 iterations, 2 s each
# Timeout: 10 min per iteration
# Threads: 4 threads, will synchronize iterations
# Benchmark mode: Throughput, ops/time
# Benchmark: io.github.lemon_ant.jharmonizer.printerlab.PrinterBenchmark.serialize
# Parameters: (workload = flat1024)

# Run progress: 50.00% complete, ETA 00:02:28
# Fork: 1 of 3
Picked up JAVA_TOOL_OPTIONS: -Dfile.encoding=UTF-8
# Warmup Iteration   1: 1124.374 ops/s
# Warmup Iteration   2: 1344.687 ops/s
# Warmup Iteration   3: 1066.951 ops/s
# Warmup Iteration   4: 1041.190 ops/s
# Warmup Iteration   5: 1020.615 ops/s
Iteration   1: 1153.276 ops/s
                 gc.alloc.rate:                                 1138.002 MB/sec
                 gc.alloc.rate.norm:                            1035849.905 B/op
                 gc.count:                                      4.000 counts
                 gc.time:                                       13.000 ms
                 mempool.CodeHeap 'non-nmethods'.used:          1606.750 KiB
                 mempool.CodeHeap 'non-profiled nmethods'.used: 3449.000 KiB
                 mempool.CodeHeap 'profiled nmethods'.used:     9951.875 KiB
                 mempool.Compressed Class Space.used:           3650.883 KiB
                 mempool.G1 Eden Space.used:                    626688.000 KiB
                 mempool.G1 Old Gen.used:                       18152.984 KiB
                 mempool.G1 Survivor Space.used:                1553.398 KiB
                 mempool.Metaspace.used:                        31531.977 KiB
                 mempool.total.codeheap.used:                   15007.625 KiB
                 mempool.total.used:                            696584.867 KiB

Iteration   2: 1717.083 ops/s
                 gc.alloc.rate:                                 1693.542 MB/sec
                 gc.alloc.rate.norm:                            1035809.759 B/op
                 gc.count:                                      5.000 counts
                 gc.time:                                       13.000 ms
                 mempool.CodeHeap 'non-nmethods'.used:          1562.750 KiB
                 mempool.CodeHeap 'non-profiled nmethods'.used: 3456.875 KiB
                 mempool.CodeHeap 'profiled nmethods'.used:     9979.125 KiB
                 mempool.Compressed Class Space.used:           3651.945 KiB
                 mempool.G1 Eden Space.used:                    627712.000 KiB
                 mempool.G1 Old Gen.used:                       19040.680 KiB
                 mempool.G1 Survivor Space.used:                1343.570 KiB
                 mempool.Metaspace.used:                        31542.008 KiB
                 mempool.total.codeheap.used:                   14998.750 KiB
                 mempool.total.used:                            698288.953 KiB

Iteration   3: 1359.280 ops/s
                 gc.alloc.rate:                                 1339.687 MB/sec
                 gc.alloc.rate.norm:                            1035812.398 B/op
                 gc.count:                                      5.000 counts
                 gc.time:                                       11.000 ms
                 mempool.CodeHeap 'non-nmethods'.used:          1548.125 KiB
                 mempool.CodeHeap 'non-profiled nmethods'.used: 3456.875 KiB
                 mempool.CodeHeap 'profiled nmethods'.used:     9986.375 KiB
                 mempool.Compressed Class Space.used:           3651.945 KiB
                 mempool.G1 Eden Space.used:                    627712.000 KiB
                 mempool.G1 Old Gen.used:                       19066.367 KiB
                 mempool.G1 Survivor Space.used:                418.813 KiB
                 mempool.Metaspace.used:                        31545.523 KiB
                 mempool.total.codeheap.used:                   14991.375 KiB
                 mempool.total.used:                            697386.023 KiB

Iteration   4: 1518.376 ops/s
                 gc.alloc.rate:                                 1498.659 MB/sec
                 gc.alloc.rate.norm:                            1035811.097 B/op
                 gc.count:                                      5.000 counts
                 gc.time:                                       12.000 ms
                 mempool.CodeHeap 'non-nmethods'.used:          1548.125 KiB
                 mempool.CodeHeap 'non-profiled nmethods'.used: 3458.625 KiB
                 mempool.CodeHeap 'profiled nmethods'.used:     10000.375 KiB
                 mempool.Compressed Class Space.used:           3651.945 KiB
                 mempool.G1 Eden Space.used:                    627712.000 KiB
                 mempool.G1 Old Gen.used:                       19076.445 KiB
                 mempool.G1 Survivor Space.used:                471.289 KiB
                 mempool.Metaspace.used:                        31550.633 KiB
                 mempool.total.codeheap.used:                   15007.125 KiB
                 mempool.total.used:                            697469.438 KiB

Iteration   5: 1245.286 ops/s
                 gc.alloc.rate:                                 1221.047 MB/sec
                 gc.alloc.rate.norm:                            1056010.189 B/op
                 gc.count:                                      4.000 counts
                 gc.time:                                       9.000 ms
                 mempool.CodeHeap 'non-nmethods'.used:          1564.500 KiB
                 mempool.CodeHeap 'non-profiled nmethods'.used: 3462.875 KiB
                 mempool.CodeHeap 'profiled nmethods'.used:     10056.125 KiB
                 mempool.Compressed Class Space.used:           3652.453 KiB
                 mempool.G1 Eden Space.used:                    627712.000 KiB
                 mempool.G1 Old Gen.used:                       19094.586 KiB
                 mempool.G1 Survivor Space.used:                420.625 KiB
                 mempool.Metaspace.used:                        31565.813 KiB
                 mempool.total.codeheap.used:                   15083.500 KiB
                 mempool.total.used:                            697528.977 KiB


# Run progress: 58.33% complete, ETA 00:02:08
# Fork: 2 of 3
Picked up JAVA_TOOL_OPTIONS: -Dfile.encoding=UTF-8
# Warmup Iteration   1: 1040.645 ops/s
# Warmup Iteration   2: 1485.797 ops/s
# Warmup Iteration   3: 1562.405 ops/s
# Warmup Iteration   4: 1450.850 ops/s
# Warmup Iteration   5: 1534.225 ops/s
Iteration   1: 1654.025 ops/s
                 gc.alloc.rate:                                 1629.122 MB/sec
                 gc.alloc.rate.norm:                            1035828.854 B/op
                 gc.count:                                      6.000 counts
                 gc.time:                                       17.000 ms
                 mempool.CodeHeap 'non-nmethods'.used:          1603.625 KiB
                 mempool.CodeHeap 'non-profiled nmethods'.used: 3319.375 KiB
                 mempool.CodeHeap 'profiled nmethods'.used:     9499.625 KiB
                 mempool.Compressed Class Space.used:           3691.266 KiB
                 mempool.G1 Eden Space.used:                    627712.000 KiB
                 mempool.G1 Old Gen.used:                       19903.313 KiB
                 mempool.G1 Survivor Space.used:                2338.883 KiB
                 mempool.Metaspace.used:                        31594.148 KiB
                 mempool.total.codeheap.used:                   14422.625 KiB
                 mempool.total.used:                            699662.234 KiB

Iteration   2: 1744.324 ops/s
                 gc.alloc.rate:                                 1721.411 MB/sec
                 gc.alloc.rate.norm:                            1035817.668 B/op
                 gc.count:                                      5.000 counts
                 gc.time:                                       12.000 ms
                 mempool.CodeHeap 'non-nmethods'.used:          1561.625 KiB
                 mempool.CodeHeap 'non-profiled nmethods'.used: 3323.875 KiB
                 mempool.CodeHeap 'profiled nmethods'.used:     9536.000 KiB
                 mempool.Compressed Class Space.used:           3692.328 KiB
                 mempool.G1 Eden Space.used:                    627712.000 KiB
                 mempool.G1 Old Gen.used:                       19920.031 KiB
                 mempool.G1 Survivor Space.used:                468.766 KiB
                 mempool.Metaspace.used:                        31607.352 KiB
                 mempool.total.codeheap.used:                   14421.500 KiB
                 mempool.total.used:                            697821.977 KiB

Iteration   3: 1738.735 ops/s
                 gc.alloc.rate:                                 1714.873 MB/sec
                 gc.alloc.rate.norm:                            1035817.712 B/op
                 gc.count:                                      6.000 counts
                 gc.time:                                       12.000 ms
                 mempool.CodeHeap 'non-nmethods'.used:          1562.750 KiB
                 mempool.CodeHeap 'non-profiled nmethods'.used: 3325.250 KiB
                 mempool.CodeHeap 'profiled nmethods'.used:     9542.000 KiB
                 mempool.Compressed Class Space.used:           3692.328 KiB
                 mempool.G1 Eden Space.used:                    627712.000 KiB
                 mempool.G1 Old Gen.used:                       19941.688 KiB
                 mempool.G1 Survivor Space.used:                475.172 KiB
                 mempool.Metaspace.used:                        31613.211 KiB
                 mempool.total.codeheap.used:                   14430.000 KiB
                 mempool.total.used:                            697864.398 KiB

Iteration   4: 1432.608 ops/s
                 gc.alloc.rate:                                 1413.526 MB/sec
                 gc.alloc.rate.norm:                            1035819.733 B/op
                 gc.count:                                      5.000 counts
                 gc.time:                                       11.000 ms
                 mempool.CodeHeap 'non-nmethods'.used:          1548.125 KiB
                 mempool.CodeHeap 'non-profiled nmethods'.used: 3327.000 KiB
                 mempool.CodeHeap 'profiled nmethods'.used:     9555.125 KiB
                 mempool.Compressed Class Space.used:           3692.328 KiB
                 mempool.G1 Eden Space.used:                    627712.000 KiB
                 mempool.G1 Old Gen.used:                       19957.813 KiB
                 mempool.G1 Survivor Space.used:                375.422 KiB
                 mempool.Metaspace.used:                        31618.352 KiB
                 mempool.total.codeheap.used:                   14430.250 KiB
                 mempool.total.used:                            697786.164 KiB

Iteration   5: 1397.083 ops/s
                 gc.alloc.rate:                                 1374.605 MB/sec
                 gc.alloc.rate.norm:                            1053731.201 B/op
                 gc.count:                                      4.000 counts
                 gc.time:                                       8.000 ms
                 mempool.CodeHeap 'non-nmethods'.used:          1564.375 KiB
                 mempool.CodeHeap 'non-profiled nmethods'.used: 3331.875 KiB
                 mempool.CodeHeap 'profiled nmethods'.used:     9627.125 KiB
                 mempool.Compressed Class Space.used:           3692.836 KiB
                 mempool.G1 Eden Space.used:                    627712.000 KiB
                 mempool.G1 Old Gen.used:                       19957.813 KiB
                 mempool.G1 Survivor Space.used:                455.813 KiB
                 mempool.Metaspace.used:                        31641.617 KiB
                 mempool.total.codeheap.used:                   14523.375 KiB
                 mempool.total.used:                            697983.453 KiB


# Run progress: 66.67% complete, ETA 00:01:44
# Fork: 3 of 3
Picked up JAVA_TOOL_OPTIONS: -Dfile.encoding=UTF-8
# Warmup Iteration   1: 373.045 ops/s
# Warmup Iteration   2: 1108.682 ops/s
# Warmup Iteration   3: 1294.396 ops/s
# Warmup Iteration   4: 1536.926 ops/s
# Warmup Iteration   5: 1213.528 ops/s
Iteration   1: 1259.128 ops/s
                 gc.alloc.rate:                                 1262.285 MB/sec
                 gc.alloc.rate.norm:                            1052246.344 B/op
                 gc.count:                                      4.000 counts
                 gc.time:                                       13.000 ms
                 mempool.CodeHeap 'non-nmethods'.used:          1598.125 KiB
                 mempool.CodeHeap 'non-profiled nmethods'.used: 3678.125 KiB
                 mempool.CodeHeap 'profiled nmethods'.used:     9759.000 KiB
                 mempool.Compressed Class Space.used:           3726.828 KiB
                 mempool.G1 Eden Space.used:                    626688.000 KiB
                 mempool.G1 Old Gen.used:                       18323.289 KiB
                 mempool.G1 Survivor Space.used:                2328.164 KiB
                 mempool.Metaspace.used:                        31710.008 KiB
                 mempool.total.codeheap.used:                   15035.250 KiB
                 mempool.total.used:                            697811.539 KiB

Iteration   2: 1323.760 ops/s
                 gc.alloc.rate:                                 1326.519 MB/sec
                 gc.alloc.rate.norm:                            1052124.678 B/op
                 gc.count:                                      4.000 counts
                 gc.time:                                       12.000 ms
                 mempool.CodeHeap 'non-nmethods'.used:          1559.375 KiB
                 mempool.CodeHeap 'non-profiled nmethods'.used: 3685.375 KiB
                 mempool.CodeHeap 'profiled nmethods'.used:     9792.250 KiB
                 mempool.Compressed Class Space.used:           3727.891 KiB
                 mempool.G1 Eden Space.used:                    627712.000 KiB
                 mempool.G1 Old Gen.used:                       20200.398 KiB
                 mempool.G1 Survivor Space.used:                2223.313 KiB
                 mempool.Metaspace.used:                        31720.344 KiB
                 mempool.total.codeheap.used:                   15037.000 KiB
                 mempool.total.used:                            700620.945 KiB

Iteration   3: 1364.284 ops/s
                 gc.alloc.rate:                                 1367.712 MB/sec
                 gc.alloc.rate.norm:                            1052124.293 B/op
                 gc.count:                                      5.000 counts
                 gc.time:                                       10.000 ms
                 mempool.CodeHeap 'non-nmethods'.used:          1545.000 KiB
                 mempool.CodeHeap 'non-profiled nmethods'.used: 3685.375 KiB
                 mempool.CodeHeap 'profiled nmethods'.used:     9798.250 KiB
                 mempool.Compressed Class Space.used:           3727.891 KiB
                 mempool.G1 Eden Space.used:                    627712.000 KiB
                 mempool.G1 Old Gen.used:                       20218.539 KiB
                 mempool.G1 Survivor Space.used:                476.219 KiB
                 mempool.Metaspace.used:                        31726.203 KiB
                 mempool.total.codeheap.used:                   15028.625 KiB
                 mempool.total.used:                            698889.477 KiB

Iteration   4: 1351.141 ops/s
                 gc.alloc.rate:                                 1354.597 MB/sec
                 gc.alloc.rate.norm:                            1052124.451 B/op
                 gc.count:                                      4.000 counts
                 gc.time:                                       10.000 ms
                 mempool.CodeHeap 'non-nmethods'.used:          1545.000 KiB
                 mempool.CodeHeap 'non-profiled nmethods'.used: 3687.125 KiB
                 mempool.CodeHeap 'profiled nmethods'.used:     9819.750 KiB
                 mempool.Compressed Class Space.used:           3727.891 KiB
                 mempool.G1 Eden Space.used:                    627712.000 KiB
                 mempool.G1 Old Gen.used:                       20236.164 KiB
                 mempool.G1 Survivor Space.used:                476.219 KiB
                 mempool.Metaspace.used:                        31740.063 KiB
                 mempool.total.codeheap.used:                   15051.875 KiB
                 mempool.total.used:                            698944.211 KiB

Iteration   5: 1402.059 ops/s
                 gc.alloc.rate:                                 1372.011 MB/sec
                 gc.alloc.rate.norm:                            1070293.223 B/op
                 gc.count:                                      5.000 counts
                 gc.time:                                       10.000 ms
                 mempool.CodeHeap 'non-nmethods'.used:          1562.000 KiB
                 mempool.CodeHeap 'non-profiled nmethods'.used: 3701.750 KiB
                 mempool.CodeHeap 'profiled nmethods'.used:     9871.375 KiB
                 mempool.Compressed Class Space.used:           3728.398 KiB
                 mempool.G1 Eden Space.used:                    627712.000 KiB
                 mempool.G1 Old Gen.used:                       20252.289 KiB
                 mempool.G1 Survivor Space.used:                477.844 KiB
                 mempool.Metaspace.used:                        31754.492 KiB
                 mempool.total.codeheap.used:                   15135.125 KiB
                 mempool.total.used:                            699060.148 KiB



Result "io.github.lemon_ant.jharmonizer.printerlab.PrinterBenchmark.serialize":
  1444.030 ±(99.9%) 202.067 ops/s [Average]
  (min, avg, max) = (1153.276, 1444.030, 1744.324), stdev = 189.014
  CI (99.9%): [1241.962, 1646.097] (assumes normal distribution)

Secondary result "io.github.lemon_ant.jharmonizer.printerlab.PrinterBenchmark.serialize:gc.alloc.rate":
  1428.507 ±(99.9%) 196.304 MB/sec [Average]
  (min, avg, max) = (1138.002, 1428.507, 1721.411), stdev = 183.623
  CI (99.9%): [1232.203, 1624.810] (assumes normal distribution)

Secondary result "io.github.lemon_ant.jharmonizer.printerlab.PrinterBenchmark.serialize:gc.alloc.rate.norm":
  1045014.767 ±(99.9%) 11835.905 B/op [Average]
  (min, avg, max) = (1035809.759, 1045014.767, 1070293.223), stdev = 11071.313
  CI (99.9%): [1033178.862, 1056850.672] (assumes normal distribution)

Secondary result "io.github.lemon_ant.jharmonizer.printerlab.PrinterBenchmark.serialize:gc.count":
  71.000 ±(99.9%) 0.001 counts [Sum]
  (min, avg, max) = (4.000, 4.733, 6.000), stdev = 0.704
  CI (99.9%): [71.000, 71.000] (assumes normal distribution)

Secondary result "io.github.lemon_ant.jharmonizer.printerlab.PrinterBenchmark.serialize:gc.time":
  173.000 ±(99.9%) 0.001 ms [Sum]
  (min, avg, max) = (8.000, 11.533, 17.000), stdev = 2.134
  CI (99.9%): [173.000, 173.000] (assumes normal distribution)

Secondary result "io.github.lemon_ant.jharmonizer.printerlab.PrinterBenchmark.serialize:mempool.CodeHeap 'non-nmethods'.used":
  1606.750 ±(99.9%) 0.001 KiB [Maximum]
  (min, avg, max) = (1545.000, 1565.350, 1606.750), stdev = 20.784
  CI (99.9%): [1606.750, 1606.750] (assumes normal distribution)

Secondary result "io.github.lemon_ant.jharmonizer.printerlab.PrinterBenchmark.serialize:mempool.CodeHeap 'non-profiled nmethods'.used":
  3701.750 ±(99.9%) 0.001 KiB [Maximum]
  (min, avg, max) = (3319.375, 3489.958, 3701.750), stdev = 155.023
  CI (99.9%): [3701.750, 3701.750] (assumes normal distribution)

Secondary result "io.github.lemon_ant.jharmonizer.printerlab.PrinterBenchmark.serialize:mempool.CodeHeap 'profiled nmethods'.used":
  10056.125 ±(99.9%) 0.001 KiB [Maximum]
  (min, avg, max) = (9499.625, 9784.958, 10056.125), stdev = 191.946
  CI (99.9%): [10056.125, 10056.125] (assumes normal distribution)

Secondary result "io.github.lemon_ant.jharmonizer.printerlab.PrinterBenchmark.serialize:mempool.Compressed Class Space.used":
  3728.398 ±(99.9%) 0.001 KiB [Maximum]
  (min, avg, max) = (3650.883, 3690.610, 3728.398), stdev = 32.119
  CI (99.9%): [3728.398, 3728.398] (assumes normal distribution)

Secondary result "io.github.lemon_ant.jharmonizer.printerlab.PrinterBenchmark.serialize:mempool.G1 Eden Space.used":
  627712.000 ±(99.9%) 0.001 KiB [Maximum]
  (min, avg, max) = (626688.000, 627575.467, 627712.000), stdev = 360.311
  CI (99.9%): [627712.000, 627712.000] (assumes normal distribution)

Secondary result "io.github.lemon_ant.jharmonizer.printerlab.PrinterBenchmark.serialize:mempool.G1 Old Gen.used":
  20252.289 ±(99.9%) 0.001 KiB [Maximum]
  (min, avg, max) = (18152.984, 19556.160, 20252.289), stdev = 705.218
  CI (99.9%): [20252.289, 20252.289] (assumes normal distribution)

Secondary result "io.github.lemon_ant.jharmonizer.printerlab.PrinterBenchmark.serialize:mempool.G1 Survivor Space.used":
  2338.883 ±(99.9%) 0.001 KiB [Maximum]
  (min, avg, max) = (375.422, 953.567, 2338.883), stdev = 777.509
  CI (99.9%): [2338.883, 2338.883] (assumes normal distribution)

Secondary result "io.github.lemon_ant.jharmonizer.printerlab.PrinterBenchmark.serialize:mempool.Metaspace.used":
  31754.492 ±(99.9%) 0.001 KiB [Maximum]
  (min, avg, max) = (31531.977, 31630.783, 31754.492), stdev = 79.588
  CI (99.9%): [31754.492, 31754.492] (assumes normal distribution)

Secondary result "io.github.lemon_ant.jharmonizer.printerlab.PrinterBenchmark.serialize:mempool.total.codeheap.used":
  15135.125 ±(99.9%) 0.001 KiB [Maximum]
  (min, avg, max) = (14421.500, 14840.267, 15135.125), stdev = 291.979
  CI (99.9%): [15135.125, 15135.125] (assumes normal distribution)

Secondary result "io.github.lemon_ant.jharmonizer.printerlab.PrinterBenchmark.serialize:mempool.total.used":
  700620.945 ±(99.9%) 0.001 KiB [Maximum]
  (min, avg, max) = (696584.867, 698246.854, 700620.945), stdev = 1022.007
  CI (99.9%): [700620.945, 700620.945] (assumes normal distribution)


# JMH version: 1.37
# VM version: JDK 21.0.8, OpenJDK 64-Bit Server VM, 21.0.8+9-LTS
# VM invoker: C:\Program Files\Microsoft\jdk-21.0.8.9-hotspot\bin\java.exe
# VM options: -Xms1g -Xmx1g -XX:+UseG1GC -Dfile.encoding=UTF-8 -Duser.language=en -Duser.country=US -Duser.timezone=UTC -Dprinter.lab.corpus=W:\JHarmonizer\core\printer-lab\target\measurement-0f6aa72d\baseline-run\corpus
# Blackhole mode: compiler (auto-detected, use -Djmh.blackhole.autoDetect=false to disable)
# Warmup: 5 iterations, 1 s each
# Measurement: 5 iterations, 2 s each
# Timeout: 10 min per iteration
# Threads: 4 threads, will synchronize iterations
# Benchmark mode: Throughput, ops/time
# Benchmark: io.github.lemon_ant.jharmonizer.printerlab.PrinterBenchmark.serialize
# Parameters: (workload = nested128)

# Run progress: 75.00% complete, ETA 00:01:18
# Fork: 1 of 3
Picked up JAVA_TOOL_OPTIONS: -Dfile.encoding=UTF-8
# Warmup Iteration   1: 305.868 ops/s
# Warmup Iteration   2: 826.414 ops/s
# Warmup Iteration   3: 991.054 ops/s
# Warmup Iteration   4: 1056.786 ops/s
# Warmup Iteration   5: 989.423 ops/s
Iteration   1: 848.389 ops/s
                 gc.alloc.rate:                                 1083.445 MB/sec
                 gc.alloc.rate.norm:                            1340767.347 B/op
                 gc.count:                                      3.000 counts
                 gc.time:                                       27.000 ms
                 mempool.CodeHeap 'non-nmethods'.used:          1591.375 KiB
                 mempool.CodeHeap 'non-profiled nmethods'.used: 3028.875 KiB
                 mempool.CodeHeap 'profiled nmethods'.used:     10733.125 KiB
                 mempool.Compressed Class Space.used:           3722.727 KiB
                 mempool.G1 Eden Space.used:                    618496.000 KiB
                 mempool.G1 Old Gen.used:                       8520.031 KiB
                 mempool.G1 Survivor Space.used:                9903.695 KiB
                 mempool.Metaspace.used:                        32198.734 KiB
                 mempool.total.codeheap.used:                   15353.375 KiB
                 mempool.total.used:                            688194.563 KiB

Iteration   2: 946.855 ops/s
                 gc.alloc.rate:                                 1203.221 MB/sec
                 gc.alloc.rate.norm:                            1340658.381 B/op
                 gc.count:                                      5.000 counts
                 gc.time:                                       29.000 ms
                 mempool.CodeHeap 'non-nmethods'.used:          1591.000 KiB
                 mempool.CodeHeap 'non-profiled nmethods'.used: 3101.250 KiB
                 mempool.CodeHeap 'profiled nmethods'.used:     10768.375 KiB
                 mempool.Compressed Class Space.used:           3723.789 KiB
                 mempool.G1 Eden Space.used:                    627712.000 KiB
                 mempool.G1 Old Gen.used:                       17982.227 KiB
                 mempool.G1 Survivor Space.used:                9636.328 KiB
                 mempool.Metaspace.used:                        32211.633 KiB
                 mempool.total.codeheap.used:                   15460.625 KiB
                 mempool.total.used:                            706726.602 KiB

Iteration   3: 1317.870 ops/s
                 gc.alloc.rate:                                 1683.312 MB/sec
                 gc.alloc.rate.norm:                            1340548.798 B/op
                 gc.count:                                      5.000 counts
                 gc.time:                                       12.000 ms
                 mempool.CodeHeap 'non-nmethods'.used:          1550.375 KiB
                 mempool.CodeHeap 'non-profiled nmethods'.used: 3101.250 KiB
                 mempool.CodeHeap 'profiled nmethods'.used:     10774.375 KiB
                 mempool.Compressed Class Space.used:           3723.789 KiB
                 mempool.G1 Eden Space.used:                    627712.000 KiB
                 mempool.G1 Old Gen.used:                       18003.914 KiB
                 mempool.G1 Survivor Space.used:                252.500 KiB
                 mempool.Metaspace.used:                        32217.070 KiB
                 mempool.total.codeheap.used:                   15426.000 KiB
                 mempool.total.used:                            697335.273 KiB

Iteration   4: 1243.295 ops/s
                 gc.alloc.rate:                                 1588.341 MB/sec
                 gc.alloc.rate.norm:                            1340549.568 B/op
                 gc.count:                                      5.000 counts
                 gc.time:                                       10.000 ms
                 mempool.CodeHeap 'non-nmethods'.used:          1550.375 KiB
                 mempool.CodeHeap 'non-profiled nmethods'.used: 3103.000 KiB
                 mempool.CodeHeap 'profiled nmethods'.used:     10792.750 KiB
                 mempool.Compressed Class Space.used:           3723.789 KiB
                 mempool.G1 Eden Space.used:                    627712.000 KiB
                 mempool.G1 Old Gen.used:                       18031.617 KiB
                 mempool.G1 Survivor Space.used:                197.031 KiB
                 mempool.Metaspace.used:                        32223.469 KiB
                 mempool.total.codeheap.used:                   15446.125 KiB
                 mempool.total.used:                            697334.031 KiB

Iteration   5: 1375.161 ops/s
                 gc.alloc.rate:                                 1720.067 MB/sec
                 gc.alloc.rate.norm:                            1368404.993 B/op
                 gc.count:                                      6.000 counts
                 gc.time:                                       11.000 ms
                 mempool.CodeHeap 'non-nmethods'.used:          1579.625 KiB
                 mempool.CodeHeap 'non-profiled nmethods'.used: 3133.000 KiB
                 mempool.CodeHeap 'profiled nmethods'.used:     10811.375 KiB
                 mempool.Compressed Class Space.used:           3724.297 KiB
                 mempool.G1 Eden Space.used:                    627712.000 KiB
                 mempool.G1 Old Gen.used:                       18057.195 KiB
                 mempool.G1 Survivor Space.used:                197.500 KiB
                 mempool.Metaspace.used:                        32232.039 KiB
                 mempool.total.codeheap.used:                   15524.000 KiB
                 mempool.total.used:                            697447.031 KiB


# Run progress: 83.33% complete, ETA 00:00:52
# Fork: 2 of 3
Picked up JAVA_TOOL_OPTIONS: -Dfile.encoding=UTF-8
# Warmup Iteration   1: 495.608 ops/s
# Warmup Iteration   2: 964.822 ops/s
# Warmup Iteration   3: 1153.829 ops/s
# Warmup Iteration   4: 1262.197 ops/s
# Warmup Iteration   5: 1255.304 ops/s
Iteration   1: 1234.885 ops/s
                 gc.alloc.rate:                                 1576.800 MB/sec
                 gc.alloc.rate.norm:                            1340732.251 B/op
                 gc.count:                                      6.000 counts
                 gc.time:                                       38.000 ms
                 mempool.CodeHeap 'non-nmethods'.used:          1595.625 KiB
                 mempool.CodeHeap 'non-profiled nmethods'.used: 2935.625 KiB
                 mempool.CodeHeap 'profiled nmethods'.used:     10375.750 KiB
                 mempool.Compressed Class Space.used:           3729.195 KiB
                 mempool.G1 Eden Space.used:                    627712.000 KiB
                 mempool.G1 Old Gen.used:                       17978.359 KiB
                 mempool.G1 Survivor Space.used:                9915.977 KiB
                 mempool.Metaspace.used:                        32014.188 KiB
                 mempool.total.codeheap.used:                   14907.000 KiB
                 mempool.total.used:                            706256.719 KiB

Iteration   2: 1291.802 ops/s
                 gc.alloc.rate:                                 1648.751 MB/sec
                 gc.alloc.rate.norm:                            1340586.631 B/op
                 gc.count:                                      5.000 counts
                 gc.time:                                       10.000 ms
                 mempool.CodeHeap 'non-nmethods'.used:          1584.500 KiB
                 mempool.CodeHeap 'non-profiled nmethods'.used: 2967.125 KiB
                 mempool.CodeHeap 'profiled nmethods'.used:     10404.250 KiB
                 mempool.Compressed Class Space.used:           3730.258 KiB
                 mempool.G1 Eden Space.used:                    627712.000 KiB
                 mempool.G1 Old Gen.used:                       18003.813 KiB
                 mempool.G1 Survivor Space.used:                198.789 KiB
                 mempool.Metaspace.used:                        32024.219 KiB
                 mempool.total.codeheap.used:                   14955.875 KiB
                 mempool.total.used:                            696624.953 KiB

Iteration   3: 1306.480 ops/s
                 gc.alloc.rate:                                 1667.744 MB/sec
                 gc.alloc.rate.norm:                            1340548.890 B/op
                 gc.count:                                      6.000 counts
                 gc.time:                                       12.000 ms
                 mempool.CodeHeap 'non-nmethods'.used:          1565.750 KiB
                 mempool.CodeHeap 'non-profiled nmethods'.used: 2968.000 KiB
                 mempool.CodeHeap 'profiled nmethods'.used:     10415.000 KiB
                 mempool.Compressed Class Space.used:           3730.258 KiB
                 mempool.G1 Eden Space.used:                    627712.000 KiB
                 mempool.G1 Old Gen.used:                       18023.453 KiB
                 mempool.G1 Survivor Space.used:                198.031 KiB
                 mempool.Metaspace.used:                        32029.500 KiB
                 mempool.total.codeheap.used:                   14948.750 KiB
                 mempool.total.used:                            696641.992 KiB

Iteration   4: 1016.223 ops/s
                 gc.alloc.rate:                                 1297.791 MB/sec
                 gc.alloc.rate.norm:                            1340552.588 B/op
                 gc.count:                                      4.000 counts
                 gc.time:                                       9.000 ms
                 mempool.CodeHeap 'non-nmethods'.used:          1565.750 KiB
                 mempool.CodeHeap 'non-profiled nmethods'.used: 2970.625 KiB
                 mempool.CodeHeap 'profiled nmethods'.used:     10430.000 KiB
                 mempool.Compressed Class Space.used:           3730.258 KiB
                 mempool.G1 Eden Space.used:                    627712.000 KiB
                 mempool.G1 Old Gen.used:                       18025.469 KiB
                 mempool.G1 Survivor Space.used:                202.672 KiB
                 mempool.Metaspace.used:                        32034.609 KiB
                 mempool.total.codeheap.used:                   14966.375 KiB
                 mempool.total.used:                            696671.383 KiB

Iteration   5: 1230.776 ops/s
                 gc.alloc.rate:                                 1546.058 MB/sec
                 gc.alloc.rate.norm:                            1371739.589 B/op
                 gc.count:                                      5.000 counts
                 gc.time:                                       9.000 ms
                 mempool.CodeHeap 'non-nmethods'.used:          1582.125 KiB
                 mempool.CodeHeap 'non-profiled nmethods'.used: 3001.125 KiB
                 mempool.CodeHeap 'profiled nmethods'.used:     10444.875 KiB
                 mempool.Compressed Class Space.used:           3730.766 KiB
                 mempool.G1 Eden Space.used:                    627712.000 KiB
                 mempool.G1 Old Gen.used:                       18039.578 KiB
                 mempool.G1 Survivor Space.used:                151.531 KiB
                 mempool.Metaspace.used:                        32042.750 KiB
                 mempool.total.codeheap.used:                   15028.125 KiB
                 mempool.total.used:                            696704.750 KiB


# Run progress: 91.67% complete, ETA 00:00:26
# Fork: 3 of 3
Picked up JAVA_TOOL_OPTIONS: -Dfile.encoding=UTF-8
# Warmup Iteration   1: 503.073 ops/s
# Warmup Iteration   2: 1013.993 ops/s
# Warmup Iteration   3: 1165.115 ops/s
# Warmup Iteration   4: 1010.945 ops/s
# Warmup Iteration   5: 1065.466 ops/s
Iteration   1: 1289.815 ops/s
                 gc.alloc.rate:                                 1644.509 MB/sec
                 gc.alloc.rate.norm:                            1340763.232 B/op
                 gc.count:                                      6.000 counts
                 gc.time:                                       37.000 ms
                 mempool.CodeHeap 'non-nmethods'.used:          1564.625 KiB
                 mempool.CodeHeap 'non-profiled nmethods'.used: 2833.625 KiB
                 mempool.CodeHeap 'profiled nmethods'.used:     10389.875 KiB
                 mempool.Compressed Class Space.used:           3730.898 KiB
                 mempool.G1 Eden Space.used:                    626688.000 KiB
                 mempool.G1 Old Gen.used:                       17815.766 KiB
                 mempool.G1 Survivor Space.used:                8180.172 KiB
                 mempool.Metaspace.used:                        31954.602 KiB
                 mempool.total.codeheap.used:                   14788.125 KiB
                 mempool.total.used:                            703157.563 KiB

Iteration   2: 1290.865 ops/s
                 gc.alloc.rate:                                 1647.621 MB/sec
                 gc.alloc.rate.norm:                            1340604.186 B/op
                 gc.count:                                      5.000 counts
                 gc.time:                                       12.000 ms
                 mempool.CodeHeap 'non-nmethods'.used:          1606.125 KiB
                 mempool.CodeHeap 'non-profiled nmethods'.used: 2951.750 KiB
                 mempool.CodeHeap 'profiled nmethods'.used:     10426.750 KiB
                 mempool.Compressed Class Space.used:           3731.961 KiB
                 mempool.G1 Eden Space.used:                    627712.000 KiB
                 mempool.G1 Old Gen.used:                       17948.945 KiB
                 mempool.G1 Survivor Space.used:                427.469 KiB
                 mempool.Metaspace.used:                        31971.813 KiB
                 mempool.total.codeheap.used:                   14984.625 KiB
                 mempool.total.used:                            696776.813 KiB

Iteration   3: 1328.629 ops/s
                 gc.alloc.rate:                                 1697.421 MB/sec
                 gc.alloc.rate.norm:                            1340580.704 B/op
                 gc.count:                                      6.000 counts
                 gc.time:                                       12.000 ms
                 mempool.CodeHeap 'non-nmethods'.used:          1547.250 KiB
                 mempool.CodeHeap 'non-profiled nmethods'.used: 2951.750 KiB
                 mempool.CodeHeap 'profiled nmethods'.used:     10433.750 KiB
                 mempool.Compressed Class Space.used:           3731.961 KiB
                 mempool.G1 Eden Space.used:                    627712.000 KiB
                 mempool.G1 Old Gen.used:                       17982.695 KiB
                 mempool.G1 Survivor Space.used:                197.531 KiB
                 mempool.Metaspace.used:                        31975.328 KiB
                 mempool.total.codeheap.used:                   14932.750 KiB
                 mempool.total.used:                            696532.266 KiB

Iteration   4: 1258.307 ops/s
                 gc.alloc.rate:                                 1606.768 MB/sec
                 gc.alloc.rate.norm:                            1340581.369 B/op
                 gc.count:                                      5.000 counts
                 gc.time:                                       12.000 ms
                 mempool.CodeHeap 'non-nmethods'.used:          1547.250 KiB
                 mempool.CodeHeap 'non-profiled nmethods'.used: 2953.500 KiB
                 mempool.CodeHeap 'profiled nmethods'.used:     10449.875 KiB
                 mempool.Compressed Class Space.used:           3731.961 KiB
                 mempool.G1 Eden Space.used:                    627712.000 KiB
                 mempool.G1 Old Gen.used:                       18000.836 KiB
                 mempool.G1 Survivor Space.used:                197.531 KiB
                 mempool.Metaspace.used:                        31981.898 KiB
                 mempool.total.codeheap.used:                   14950.625 KiB
                 mempool.total.used:                            696574.852 KiB

Iteration   5: 1332.032 ops/s
                 gc.alloc.rate:                                 1654.367 MB/sec
                 gc.alloc.rate.norm:                            1369400.512 B/op
                 gc.count:                                      6.000 counts
                 gc.time:                                       11.000 ms
                 mempool.CodeHeap 'non-nmethods'.used:          1563.375 KiB
                 mempool.CodeHeap 'non-profiled nmethods'.used: 2971.375 KiB
                 mempool.CodeHeap 'profiled nmethods'.used:     10474.500 KiB
                 mempool.Compressed Class Space.used:           3732.469 KiB
                 mempool.G1 Eden Space.used:                    627712.000 KiB
                 mempool.G1 Old Gen.used:                       18012.305 KiB
                 mempool.G1 Survivor Space.used:                215.156 KiB
                 mempool.Metaspace.used:                        32000.836 KiB
                 mempool.total.codeheap.used:                   15009.250 KiB
                 mempool.total.used:                            696682.016 KiB



Result "io.github.lemon_ant.jharmonizer.printerlab.PrinterBenchmark.serialize":
  1220.759 ±(99.9%) 165.890 ops/s [Average]
  (min, avg, max) = (848.389, 1220.759, 1375.161), stdev = 155.173
  CI (99.9%): [1054.869, 1386.648] (assumes normal distribution)

Secondary result "io.github.lemon_ant.jharmonizer.printerlab.PrinterBenchmark.serialize:gc.alloc.rate":
  1551.081 ±(99.9%) 207.681 MB/sec [Average]
  (min, avg, max) = (1083.445, 1551.081, 1720.067), stdev = 194.265
  CI (99.9%): [1343.400, 1758.762] (assumes normal distribution)

Secondary result "io.github.lemon_ant.jharmonizer.printerlab.PrinterBenchmark.serialize:gc.alloc.rate.norm":
  1346467.936 ±(99.9%) 12954.923 B/op [Average]
  (min, avg, max) = (1340548.798, 1346467.936, 1371739.589), stdev = 12118.043
  CI (99.9%): [1333513.013, 1359422.859] (assumes normal distribution)

Secondary result "io.github.lemon_ant.jharmonizer.printerlab.PrinterBenchmark.serialize:gc.count":
  78.000 ±(99.9%) 0.001 counts [Sum]
  (min, avg, max) = (3.000, 5.200, 6.000), stdev = 0.862
  CI (99.9%): [78.000, 78.000] (assumes normal distribution)

Secondary result "io.github.lemon_ant.jharmonizer.printerlab.PrinterBenchmark.serialize:gc.time":
  251.000 ±(99.9%) 0.001 ms [Sum]
  (min, avg, max) = (9.000, 16.733, 38.000), stdev = 10.375
  CI (99.9%): [251.000, 251.000] (assumes normal distribution)

Secondary result "io.github.lemon_ant.jharmonizer.printerlab.PrinterBenchmark.serialize:mempool.CodeHeap 'non-nmethods'.used":
  1606.125 ±(99.9%) 0.001 KiB [Maximum]
  (min, avg, max) = (1547.250, 1572.342, 1606.125), stdev = 19.164
  CI (99.9%): [1606.125, 1606.125] (assumes normal distribution)

Secondary result "io.github.lemon_ant.jharmonizer.printerlab.PrinterBenchmark.serialize:mempool.CodeHeap 'non-profiled nmethods'.used":
  3133.000 ±(99.9%) 0.001 KiB [Maximum]
  (min, avg, max) = (2833.625, 2998.125, 3133.000), stdev = 81.070
  CI (99.9%): [3133.000, 3133.000] (assumes normal distribution)

Secondary result "io.github.lemon_ant.jharmonizer.printerlab.PrinterBenchmark.serialize:mempool.CodeHeap 'profiled nmethods'.used":
  10811.375 ±(99.9%) 0.001 KiB [Maximum]
  (min, avg, max) = (10375.750, 10541.642, 10811.375), stdev = 173.846
  CI (99.9%): [10811.375, 10811.375] (assumes normal distribution)

Secondary result "io.github.lemon_ant.jharmonizer.printerlab.PrinterBenchmark.serialize:mempool.Compressed Class Space.used":
  3732.469 ±(99.9%) 0.001 KiB [Maximum]
  (min, avg, max) = (3722.727, 3728.558, 3732.469), stdev = 3.682
  CI (99.9%): [3732.469, 3732.469] (assumes normal distribution)

Secondary result "io.github.lemon_ant.jharmonizer.printerlab.PrinterBenchmark.serialize:mempool.G1 Eden Space.used":
  627712.000 ±(99.9%) 0.001 KiB [Maximum]
  (min, avg, max) = (618496.000, 627029.333, 627712.000), stdev = 2375.361
  CI (99.9%): [627712.000, 627712.000] (assumes normal distribution)

Secondary result "io.github.lemon_ant.jharmonizer.printerlab.PrinterBenchmark.serialize:mempool.G1 Old Gen.used":
  18057.195 ±(99.9%) 0.001 KiB [Maximum]
  (min, avg, max) = (8520.031, 17361.747, 18057.195), stdev = 2446.633
  CI (99.9%): [18057.195, 18057.195] (assumes normal distribution)

Secondary result "io.github.lemon_ant.jharmonizer.printerlab.PrinterBenchmark.serialize:mempool.G1 Survivor Space.used":
  9915.977 ±(99.9%) 0.001 KiB [Maximum]
  (min, avg, max) = (151.531, 2671.461, 9915.977), stdev = 4223.444
  CI (99.9%): [9915.977, 9915.977] (assumes normal distribution)

Secondary result "io.github.lemon_ant.jharmonizer.printerlab.PrinterBenchmark.serialize:mempool.Metaspace.used":
  32232.039 ±(99.9%) 0.001 KiB [Maximum]
  (min, avg, max) = (31954.602, 32074.179, 32232.039), stdev = 107.279
  CI (99.9%): [32232.039, 32232.039] (assumes normal distribution)

Secondary result "io.github.lemon_ant.jharmonizer.printerlab.PrinterBenchmark.serialize:mempool.total.codeheap.used":
  15524.000 ±(99.9%) 0.001 KiB [Maximum]
  (min, avg, max) = (14788.125, 15112.108, 15524.000), stdev = 249.417
  CI (99.9%): [15524.000, 15524.000] (assumes normal distribution)

Secondary result "io.github.lemon_ant.jharmonizer.printerlab.PrinterBenchmark.serialize:mempool.total.used":
  706726.602 ±(99.9%) 0.001 KiB [Maximum]
  (min, avg, max) = (688194.563, 697977.387, 706726.602), stdev = 4494.869
  CI (99.9%): [706726.602, 706726.602] (assumes normal distribution)


# Run complete. Total time: 00:05:10

REMEMBER: The numbers below are just data. To gain reusable insights, you need to follow up on
why the numbers are the way they are. Use profilers (see -prof, -lprof), design factorial
experiments, perform baseline and negative tests that provide experimental control, make sure
the benchmarking environment is safe on JVM/OS/HW level, ask for reviews from the domain experts.
Do not assume the numbers tell you what you want them to tell.

NOTE: Current JVM experimentally supports Compiler Blackholes, and they are in use. Please exercise
extra caution when trusting the results, look into the generated code to check the benchmark still
works, and factor in a small probability of new VM bugs. Additionally, while comparisons between
different JVMs are already problematic, the performance difference caused by different Blackhole
modes can be very significant. Please make sure you use the consistent Blackhole mode for comparisons.

Benchmark                                                                 (workload)   Mode  Cnt        Score       Error   Units
PrinterBenchmark.serialize                                                  fixtures  thrpt   15     1990.710 ±   675.138   ops/s
PrinterBenchmark.serialize:gc.alloc.rate                                    fixtures  thrpt   15      976.763 ±   329.697  MB/sec
PrinterBenchmark.serialize:gc.alloc.rate.norm                               fixtures  thrpt   15   521707.198 ±  2599.778    B/op
PrinterBenchmark.serialize:gc.count                                         fixtures  thrpt   15       51.000              counts
PrinterBenchmark.serialize:gc.time                                          fixtures  thrpt   15      394.000                  ms
PrinterBenchmark.serialize:mempool.CodeHeap 'non-nmethods'.used             fixtures  thrpt   15     1666.750                 KiB
PrinterBenchmark.serialize:mempool.CodeHeap 'non-profiled nmethods'.used    fixtures  thrpt   15     5499.500                 KiB
PrinterBenchmark.serialize:mempool.CodeHeap 'profiled nmethods'.used        fixtures  thrpt   15    14582.000                 KiB
PrinterBenchmark.serialize:mempool.Compressed Class Space.used              fixtures  thrpt   15     4336.828                 KiB
PrinterBenchmark.serialize:mempool.G1 Eden Space.used                       fixtures  thrpt   15   627712.000                 KiB
PrinterBenchmark.serialize:mempool.G1 Old Gen.used                          fixtures  thrpt   15    18347.344                 KiB
PrinterBenchmark.serialize:mempool.G1 Survivor Space.used                   fixtures  thrpt   15    10457.070                 KiB
PrinterBenchmark.serialize:mempool.Metaspace.used                           fixtures  thrpt   15    35173.836                 KiB
PrinterBenchmark.serialize:mempool.total.codeheap.used                      fixtures  thrpt   15    21684.625                 KiB
PrinterBenchmark.serialize:mempool.total.used                               fixtures  thrpt   15   714915.516                 KiB
PrinterBenchmark.serialize                                                   flat128  thrpt   15    12151.033 ±  2220.464   ops/s
PrinterBenchmark.serialize:gc.alloc.rate                                     flat128  thrpt   15     1558.099 ±   289.972  MB/sec
PrinterBenchmark.serialize:gc.alloc.rate.norm                                flat128  thrpt   15   134696.205 ±  1068.451    B/op
PrinterBenchmark.serialize:gc.count                                          flat128  thrpt   15       76.000              counts
PrinterBenchmark.serialize:gc.time                                           flat128  thrpt   15      270.000                  ms
PrinterBenchmark.serialize:mempool.CodeHeap 'non-nmethods'.used              flat128  thrpt   15     1565.625                 KiB
PrinterBenchmark.serialize:mempool.CodeHeap 'non-profiled nmethods'.used     flat128  thrpt   15     2836.000                 KiB
PrinterBenchmark.serialize:mempool.CodeHeap 'profiled nmethods'.used         flat128  thrpt   15     8674.875                 KiB
PrinterBenchmark.serialize:mempool.Compressed Class Space.used               flat128  thrpt   15     3721.148                 KiB
PrinterBenchmark.serialize:mempool.G1 Eden Space.used                        flat128  thrpt   15   627712.000                 KiB
PrinterBenchmark.serialize:mempool.G1 Old Gen.used                           flat128  thrpt   15    15530.078                 KiB
PrinterBenchmark.serialize:mempool.G1 Survivor Space.used                    flat128  thrpt   15     8112.344                 KiB
PrinterBenchmark.serialize:mempool.Metaspace.used                            flat128  thrpt   15    31416.039                 KiB
PrinterBenchmark.serialize:mempool.total.codeheap.used                       flat128  thrpt   15    13069.750                 KiB
PrinterBenchmark.serialize:mempool.total.used                                flat128  thrpt   15   698007.250                 KiB
PrinterBenchmark.serialize                                                  flat1024  thrpt   15     1444.030 ±   202.067   ops/s
PrinterBenchmark.serialize:gc.alloc.rate                                    flat1024  thrpt   15     1428.507 ±   196.304  MB/sec
PrinterBenchmark.serialize:gc.alloc.rate.norm                               flat1024  thrpt   15  1045014.767 ± 11835.905    B/op
PrinterBenchmark.serialize:gc.count                                         flat1024  thrpt   15       71.000              counts
PrinterBenchmark.serialize:gc.time                                          flat1024  thrpt   15      173.000                  ms
PrinterBenchmark.serialize:mempool.CodeHeap 'non-nmethods'.used             flat1024  thrpt   15     1606.750                 KiB
PrinterBenchmark.serialize:mempool.CodeHeap 'non-profiled nmethods'.used    flat1024  thrpt   15     3701.750                 KiB
PrinterBenchmark.serialize:mempool.CodeHeap 'profiled nmethods'.used        flat1024  thrpt   15    10056.125                 KiB
PrinterBenchmark.serialize:mempool.Compressed Class Space.used              flat1024  thrpt   15     3728.398                 KiB
PrinterBenchmark.serialize:mempool.G1 Eden Space.used                       flat1024  thrpt   15   627712.000                 KiB
PrinterBenchmark.serialize:mempool.G1 Old Gen.used                          flat1024  thrpt   15    20252.289                 KiB
PrinterBenchmark.serialize:mempool.G1 Survivor Space.used                   flat1024  thrpt   15     2338.883                 KiB
PrinterBenchmark.serialize:mempool.Metaspace.used                           flat1024  thrpt   15    31754.492                 KiB
PrinterBenchmark.serialize:mempool.total.codeheap.used                      flat1024  thrpt   15    15135.125                 KiB
PrinterBenchmark.serialize:mempool.total.used                               flat1024  thrpt   15   700620.945                 KiB
PrinterBenchmark.serialize                                                 nested128  thrpt   15     1220.759 ±   165.890   ops/s
PrinterBenchmark.serialize:gc.alloc.rate                                   nested128  thrpt   15     1551.081 ±   207.681  MB/sec
PrinterBenchmark.serialize:gc.alloc.rate.norm                              nested128  thrpt   15  1346467.936 ± 12954.923    B/op
PrinterBenchmark.serialize:gc.count                                        nested128  thrpt   15       78.000              counts
PrinterBenchmark.serialize:gc.time                                         nested128  thrpt   15      251.000                  ms
PrinterBenchmark.serialize:mempool.CodeHeap 'non-nmethods'.used            nested128  thrpt   15     1606.125                 KiB
PrinterBenchmark.serialize:mempool.CodeHeap 'non-profiled nmethods'.used   nested128  thrpt   15     3133.000                 KiB
PrinterBenchmark.serialize:mempool.CodeHeap 'profiled nmethods'.used       nested128  thrpt   15    10811.375                 KiB
PrinterBenchmark.serialize:mempool.Compressed Class Space.used             nested128  thrpt   15     3732.469                 KiB
PrinterBenchmark.serialize:mempool.G1 Eden Space.used                      nested128  thrpt   15   627712.000                 KiB
PrinterBenchmark.serialize:mempool.G1 Old Gen.used                         nested128  thrpt   15    18057.195                 KiB
PrinterBenchmark.serialize:mempool.G1 Survivor Space.used                  nested128  thrpt   15     9915.977                 KiB
PrinterBenchmark.serialize:mempool.Metaspace.used                          nested128  thrpt   15    32232.039                 KiB
PrinterBenchmark.serialize:mempool.total.codeheap.used                     nested128  thrpt   15    15524.000                 KiB
PrinterBenchmark.serialize:mempool.total.used                              nested128  thrpt   15   706726.602                 KiB

Benchmark result is saved to W:\JHarmonizer\core\printer-lab\target\measurement-0f6aa72d\baseline-run\throughput-t4.raw.json
