# SPDX-FileCopyrightText: 2026 Anton Lem <antonlem78@gmail.com>
# SPDX-License-Identifier: Apache-2.0
# JMH version: 1.37
# VM version: JDK 21.0.8, OpenJDK 64-Bit Server VM, 21.0.8+9-LTS
# VM invoker: C:\Program Files\Microsoft\jdk-21.0.8.9-hotspot\bin\java.exe
# VM options: -Xms1g -Xmx1g -XX:+UseG1GC -Dfile.encoding=UTF-8 -Duser.language=en -Duser.country=US -Duser.timezone=UTC -Dprinter.lab.corpus=W:\JHarmonizer\core\printer-lab\target\measurement-0f6aa72d\baseline-run\corpus
# Blackhole mode: compiler (auto-detected, use -Djmh.blackhole.autoDetect=false to disable)
# Warmup: 5 iterations, 1 s each
# Measurement: 5 iterations, 2 s each
# Timeout: 10 min per iteration
# Threads: 8 threads, will synchronize iterations
# Benchmark mode: Throughput, ops/time
# Benchmark: io.github.lemon_ant.jharmonizer.printerlab.PrinterBenchmark.serialize
# Parameters: (workload = fixtures)

# Run progress: 0.00% complete, ETA 00:03:00
# Fork: 1 of 3
Picked up JAVA_TOOL_OPTIONS: -Dfile.encoding=UTF-8
# Warmup Iteration   1: 573.924 ops/s
# Warmup Iteration   2: 915.355 ops/s
# Warmup Iteration   3: 1100.079 ops/s
# Warmup Iteration   4: 1294.216 ops/s
# Warmup Iteration   5: 1311.552 ops/s
Iteration   1: 1690.603 ops/s
                 gc.alloc.rate:                                 820.439 MB/sec
                 gc.alloc.rate.norm:                            519982.979 B/op
                 gc.count:                                      4.000 counts
                 gc.time:                                       57.000 ms
                 mempool.CodeHeap 'non-nmethods'.used:          1638.625 KiB
                 mempool.CodeHeap 'non-profiled nmethods'.used: 5333.375 KiB
                 mempool.CodeHeap 'profiled nmethods'.used:     14377.250 KiB
                 mempool.Compressed Class Space.used:           5293.328 KiB
                 mempool.G1 Eden Space.used:                    615424.000 KiB
                 mempool.G1 Old Gen.used:                       7998.109 KiB
                 mempool.G1 Survivor Space.used:                14119.828 KiB
                 mempool.Metaspace.used:                        38371.172 KiB
                 mempool.total.codeheap.used:                   21349.250 KiB
                 mempool.total.used:                            702555.688 KiB

Iteration   2: 1555.094 ops/s
                 gc.alloc.rate:                                 777.777 MB/sec
                 gc.alloc.rate.norm:                            519769.111 B/op
                 gc.count:                                      2.000 counts
                 gc.time:                                       30.000 ms
                 mempool.CodeHeap 'non-nmethods'.used:          1621.000 KiB
                 mempool.CodeHeap 'non-profiled nmethods'.used: 5547.000 KiB
                 mempool.CodeHeap 'profiled nmethods'.used:     14419.750 KiB
                 mempool.Compressed Class Space.used:           5294.391 KiB
                 mempool.G1 Eden Space.used:                    614400.000 KiB
                 mempool.G1 Old Gen.used:                       9863.281 KiB
                 mempool.G1 Survivor Space.used:                14119.828 KiB
                 mempool.Metaspace.used:                        38389.164 KiB
                 mempool.total.codeheap.used:                   21587.750 KiB
                 mempool.total.used:                            703654.414 KiB

Iteration   3: 3352.354 ops/s
                 gc.alloc.rate:                                 1653.461 MB/sec
                 gc.alloc.rate.norm:                            519733.190 B/op
                 gc.count:                                      6.000 counts
                 gc.time:                                       38.000 ms
                 mempool.CodeHeap 'non-nmethods'.used:          1572.750 KiB
                 mempool.CodeHeap 'non-profiled nmethods'.used: 5547.000 KiB
                 mempool.CodeHeap 'profiled nmethods'.used:     14420.875 KiB
                 mempool.Compressed Class Space.used:           5294.391 KiB
                 mempool.G1 Eden Space.used:                    627712.000 KiB
                 mempool.G1 Old Gen.used:                       21450.320 KiB
                 mempool.G1 Survivor Space.used:                12288.000 KiB
                 mempool.Metaspace.used:                        38390.109 KiB
                 mempool.total.codeheap.used:                   21540.625 KiB
                 mempool.total.used:                            726675.445 KiB

Iteration   4: 3219.200 ops/s
                 gc.alloc.rate:                                 1585.741 MB/sec
                 gc.alloc.rate.norm:                            519733.535 B/op
                 gc.count:                                      6.000 counts
                 gc.time:                                       19.000 ms
                 mempool.CodeHeap 'non-nmethods'.used:          1587.625 KiB
                 mempool.CodeHeap 'non-profiled nmethods'.used: 5554.000 KiB
                 mempool.CodeHeap 'profiled nmethods'.used:     14440.000 KiB
                 mempool.Compressed Class Space.used:           5294.391 KiB
                 mempool.G1 Eden Space.used:                    627712.000 KiB
                 mempool.G1 Old Gen.used:                       21547.359 KiB
                 mempool.G1 Survivor Space.used:                147.797 KiB
                 mempool.Metaspace.used:                        38395.352 KiB
                 mempool.total.codeheap.used:                   21581.625 KiB
                 mempool.total.used:                            714678.523 KiB

Iteration   5: 3025.623 ops/s
                 gc.alloc.rate:                                 1255.543 MB/sec
                 gc.alloc.rate.norm:                            526655.731 B/op
                 gc.count:                                      6.000 counts
                 gc.time:                                       14.000 ms
                 mempool.CodeHeap 'non-nmethods'.used:          1603.125 KiB
                 mempool.CodeHeap 'non-profiled nmethods'.used: 5630.750 KiB
                 mempool.CodeHeap 'profiled nmethods'.used:     14545.875 KiB
                 mempool.Compressed Class Space.used:           5294.898 KiB
                 mempool.G1 Eden Space.used:                    627712.000 KiB
                 mempool.G1 Old Gen.used:                       21571.547 KiB
                 mempool.G1 Survivor Space.used:                63.953 KiB
                 mempool.Metaspace.used:                        38410.797 KiB
                 mempool.total.codeheap.used:                   21779.750 KiB
                 mempool.total.used:                            714832.945 KiB


# Run progress: 8.33% complete, ETA 00:05:46
# Fork: 2 of 3
Picked up JAVA_TOOL_OPTIONS: -Dfile.encoding=UTF-8
# Warmup Iteration   1: 451.811 ops/s
# Warmup Iteration   2: 655.334 ops/s
# Warmup Iteration   3: 679.246 ops/s
# Warmup Iteration   4: 1101.925 ops/s
# Warmup Iteration   5: 1508.992 ops/s
Iteration   1: 1951.786 ops/s
                 gc.alloc.rate:                                 950.190 MB/sec
                 gc.alloc.rate.norm:                            519992.264 B/op
                 gc.count:                                      3.000 counts
                 gc.time:                                       34.000 ms
                 mempool.CodeHeap 'non-nmethods'.used:          1672.500 KiB
                 mempool.CodeHeap 'non-profiled nmethods'.used: 5148.625 KiB
                 mempool.CodeHeap 'profiled nmethods'.used:     14145.500 KiB
                 mempool.Compressed Class Space.used:           5194.945 KiB
                 mempool.G1 Eden Space.used:                    615424.000 KiB
                 mempool.G1 Old Gen.used:                       8032.805 KiB
                 mempool.G1 Survivor Space.used:                14120.836 KiB
                 mempool.Metaspace.used:                        38086.367 KiB
                 mempool.total.codeheap.used:                   20966.625 KiB
                 mempool.total.used:                            701825.578 KiB

Iteration   2: 2369.255 ops/s
                 gc.alloc.rate:                                 702.239 MB/sec
                 gc.alloc.rate.norm:                            519778.382 B/op
                 gc.count:                                      5.000 counts
                 gc.time:                                       61.000 ms
                 mempool.CodeHeap 'non-nmethods'.used:          1629.125 KiB
                 mempool.CodeHeap 'non-profiled nmethods'.used: 5419.250 KiB
                 mempool.CodeHeap 'profiled nmethods'.used:     14187.625 KiB
                 mempool.Compressed Class Space.used:           5196.008 KiB
                 mempool.G1 Eden Space.used:                    620544.000 KiB
                 mempool.G1 Old Gen.used:                       16052.438 KiB
                 mempool.G1 Survivor Space.used:                14120.836 KiB
                 mempool.Metaspace.used:                        38104.305 KiB
                 mempool.total.codeheap.used:                   21236.000 KiB
                 mempool.total.used:                            715253.586 KiB

Iteration   3: 3469.463 ops/s
                 gc.alloc.rate:                                 1716.865 MB/sec
                 gc.alloc.rate.norm:                            519733.143 B/op
                 gc.count:                                      5.000 counts
                 gc.time:                                       22.000 ms
                 mempool.CodeHeap 'non-nmethods'.used:          1586.125 KiB
                 mempool.CodeHeap 'non-profiled nmethods'.used: 5422.125 KiB
                 mempool.CodeHeap 'profiled nmethods'.used:     14205.250 KiB
                 mempool.Compressed Class Space.used:           5196.008 KiB
                 mempool.G1 Eden Space.used:                    627712.000 KiB
                 mempool.G1 Old Gen.used:                       21496.508 KiB
                 mempool.G1 Survivor Space.used:                5120.000 KiB
                 mempool.Metaspace.used:                        38107.906 KiB
                 mempool.total.codeheap.used:                   21213.500 KiB
                 mempool.total.used:                            718845.922 KiB

Iteration   4: 3622.356 ops/s
                 gc.alloc.rate:                                 1804.334 MB/sec
                 gc.alloc.rate.norm:                            519732.885 B/op
                 gc.count:                                      6.000 counts
                 gc.time:                                       13.000 ms
                 mempool.CodeHeap 'non-nmethods'.used:          1571.500 KiB
                 mempool.CodeHeap 'non-profiled nmethods'.used: 5422.875 KiB
                 mempool.CodeHeap 'profiled nmethods'.used:     14217.500 KiB
                 mempool.Compressed Class Space.used:           5196.008 KiB
                 mempool.G1 Eden Space.used:                    627712.000 KiB
                 mempool.G1 Old Gen.used:                       21544.438 KiB
                 mempool.G1 Survivor Space.used:                77.383 KiB
                 mempool.Metaspace.used:                        38111.328 KiB
                 mempool.total.codeheap.used:                   21211.875 KiB
                 mempool.total.used:                            713853.031 KiB

Iteration   5: 3888.362 ops/s
                 gc.alloc.rate:                                 1836.424 MB/sec
                 gc.alloc.rate.norm:                            526698.702 B/op
                 gc.count:                                      7.000 counts
                 gc.time:                                       15.000 ms
                 mempool.CodeHeap 'non-nmethods'.used:          1589.375 KiB
                 mempool.CodeHeap 'non-profiled nmethods'.used: 5439.375 KiB
                 mempool.CodeHeap 'profiled nmethods'.used:     14352.750 KiB
                 mempool.Compressed Class Space.used:           5196.516 KiB
                 mempool.G1 Eden Space.used:                    627712.000 KiB
                 mempool.G1 Old Gen.used:                       21554.516 KiB
                 mempool.G1 Survivor Space.used:                70.875 KiB
                 mempool.Metaspace.used:                        38127.836 KiB
                 mempool.total.codeheap.used:                   21381.500 KiB
                 mempool.total.used:                            714043.242 KiB


# Run progress: 16.67% complete, ETA 00:05:27
# Fork: 3 of 3
Picked up JAVA_TOOL_OPTIONS: -Dfile.encoding=UTF-8
# Warmup Iteration   1: 404.278 ops/s
# Warmup Iteration   2: 562.133 ops/s
# Warmup Iteration   3: 545.155 ops/s
# Warmup Iteration   4: 603.688 ops/s
# Warmup Iteration   5: 1154.406 ops/s
Iteration   1: 1894.325 ops/s
                 gc.alloc.rate:                                 924.158 MB/sec
                 gc.alloc.rate.norm:                            520104.198 B/op
                 gc.count:                                      4.000 counts
                 gc.time:                                       49.000 ms
                 mempool.CodeHeap 'non-nmethods'.used:          1641.000 KiB
                 mempool.CodeHeap 'non-profiled nmethods'.used: 5150.875 KiB
                 mempool.CodeHeap 'profiled nmethods'.used:     14144.125 KiB
                 mempool.Compressed Class Space.used:           5270.445 KiB
                 mempool.G1 Eden Space.used:                    615424.000 KiB
                 mempool.G1 Old Gen.used:                       8367.594 KiB
                 mempool.G1 Survivor Space.used:                13909.203 KiB
                 mempool.Metaspace.used:                        38221.734 KiB
                 mempool.total.codeheap.used:                   20936.000 KiB
                 mempool.total.used:                            702128.977 KiB

Iteration   2: 2315.297 ops/s
                 gc.alloc.rate:                                 1147.985 MB/sec
                 gc.alloc.rate.norm:                            519830.896 B/op
                 gc.count:                                      4.000 counts
                 gc.time:                                       55.000 ms
                 mempool.CodeHeap 'non-nmethods'.used:          1630.000 KiB
                 mempool.CodeHeap 'non-profiled nmethods'.used: 5477.375 KiB
                 mempool.CodeHeap 'profiled nmethods'.used:     14183.375 KiB
                 mempool.Compressed Class Space.used:           5271.508 KiB
                 mempool.G1 Eden Space.used:                    615424.000 KiB
                 mempool.G1 Old Gen.used:                       10272.250 KiB
                 mempool.G1 Survivor Space.used:                13611.422 KiB
                 mempool.Metaspace.used:                        38238.195 KiB
                 mempool.total.codeheap.used:                   21290.750 KiB
                 mempool.total.used:                            704108.125 KiB

Iteration   3: 3588.700 ops/s
                 gc.alloc.rate:                                 1772.779 MB/sec
                 gc.alloc.rate.norm:                            519732.910 B/op
                 gc.count:                                      6.000 counts
                 gc.time:                                       39.000 ms
                 mempool.CodeHeap 'non-nmethods'.used:          1568.000 KiB
                 mempool.CodeHeap 'non-profiled nmethods'.used: 5477.375 KiB
                 mempool.CodeHeap 'profiled nmethods'.used:     14186.625 KiB
                 mempool.Compressed Class Space.used:           5271.508 KiB
                 mempool.G1 Eden Space.used:                    627712.000 KiB
                 mempool.G1 Old Gen.used:                       21722.797 KiB
                 mempool.G1 Survivor Space.used:                11858.906 KiB
                 mempool.Metaspace.used:                        38239.672 KiB
                 mempool.total.codeheap.used:                   21232.000 KiB
                 mempool.total.used:                            726036.883 KiB

Iteration   4: 3792.968 ops/s
                 gc.alloc.rate:                                 1865.456 MB/sec
                 gc.alloc.rate.norm:                            519732.666 B/op
                 gc.count:                                      6.000 counts
                 gc.time:                                       13.000 ms
                 mempool.CodeHeap 'non-nmethods'.used:          1582.875 KiB
                 mempool.CodeHeap 'non-profiled nmethods'.used: 5483.625 KiB
                 mempool.CodeHeap 'profiled nmethods'.used:     14216.750 KiB
                 mempool.Compressed Class Space.used:           5271.508 KiB
                 mempool.G1 Eden Space.used:                    627712.000 KiB
                 mempool.G1 Old Gen.used:                       21792.383 KiB
                 mempool.G1 Survivor Space.used:                103.195 KiB
                 mempool.Metaspace.used:                        38249.336 KiB
                 mempool.total.codeheap.used:                   21283.250 KiB
                 mempool.total.used:                            714411.672 KiB

Iteration   5: 3998.883 ops/s
                 gc.alloc.rate:                                 1903.494 MB/sec
                 gc.alloc.rate.norm:                            526373.925 B/op
                 gc.count:                                      7.000 counts
                 gc.time:                                       15.000 ms
                 mempool.CodeHeap 'non-nmethods'.used:          1585.625 KiB
                 mempool.CodeHeap 'non-profiled nmethods'.used: 5495.250 KiB
                 mempool.CodeHeap 'profiled nmethods'.used:     14325.375 KiB
                 mempool.Compressed Class Space.used:           5272.016 KiB
                 mempool.G1 Eden Space.used:                    627712.000 KiB
                 mempool.G1 Old Gen.used:                       21798.430 KiB
                 mempool.G1 Survivor Space.used:                64.813 KiB
                 mempool.Metaspace.used:                        38262.781 KiB
                 mempool.total.codeheap.used:                   21406.250 KiB
                 mempool.total.used:                            714516.289 KiB



Result "io.github.lemon_ant.jharmonizer.printerlab.PrinterBenchmark.serialize":
  2915.618 ±(99.9%) 922.579 ops/s [Average]
  (min, avg, max) = (1555.094, 2915.618, 3998.883), stdev = 862.981
  CI (99.9%): [1993.039, 3838.197] (assumes normal distribution)

Secondary result "io.github.lemon_ant.jharmonizer.printerlab.PrinterBenchmark.serialize:gc.alloc.rate":
  1381.126 ±(99.9%) 484.874 MB/sec [Average]
  (min, avg, max) = (702.239, 1381.126, 1903.494), stdev = 453.552
  CI (99.9%): [896.251, 1866.000] (assumes normal distribution)

Secondary result "io.github.lemon_ant.jharmonizer.printerlab.PrinterBenchmark.serialize:gc.alloc.rate.norm":
  521172.301 ±(99.9%) 2993.284 B/op [Average]
  (min, avg, max) = (519732.666, 521172.301, 526698.702), stdev = 2799.920
  CI (99.9%): [518179.017, 524165.585] (assumes normal distribution)

Secondary result "io.github.lemon_ant.jharmonizer.printerlab.PrinterBenchmark.serialize:gc.count":
  77.000 ±(99.9%) 0.001 counts [Sum]
  (min, avg, max) = (2.000, 5.133, 7.000), stdev = 1.457
  CI (99.9%): [77.000, 77.000] (assumes normal distribution)

Secondary result "io.github.lemon_ant.jharmonizer.printerlab.PrinterBenchmark.serialize:gc.time":
  474.000 ±(99.9%) 0.001 ms [Sum]
  (min, avg, max) = (13.000, 31.600, 61.000), stdev = 17.459
  CI (99.9%): [474.000, 474.000] (assumes normal distribution)

Secondary result "io.github.lemon_ant.jharmonizer.printerlab.PrinterBenchmark.serialize:mempool.CodeHeap 'non-nmethods'.used":
  1672.500 ±(99.9%) 0.001 KiB [Maximum]
  (min, avg, max) = (1568.000, 1605.283, 1672.500), stdev = 31.335
  CI (99.9%): [1672.500, 1672.500] (assumes normal distribution)

Secondary result "io.github.lemon_ant.jharmonizer.printerlab.PrinterBenchmark.serialize:mempool.CodeHeap 'non-profiled nmethods'.used":
  5630.750 ±(99.9%) 0.001 KiB [Maximum]
  (min, avg, max) = (5148.625, 5436.592, 5630.750), stdev = 136.476
  CI (99.9%): [5630.750, 5630.750] (assumes normal distribution)

Secondary result "io.github.lemon_ant.jharmonizer.printerlab.PrinterBenchmark.serialize:mempool.CodeHeap 'profiled nmethods'.used":
  14545.875 ±(99.9%) 0.001 KiB [Maximum]
  (min, avg, max) = (14144.125, 14291.242, 14545.875), stdev = 127.395
  CI (99.9%): [14545.875, 14545.875] (assumes normal distribution)

Secondary result "io.github.lemon_ant.jharmonizer.printerlab.PrinterBenchmark.serialize:mempool.Compressed Class Space.used":
  5294.898 ±(99.9%) 0.001 KiB [Maximum]
  (min, avg, max) = (5194.945, 5253.858, 5294.898), stdev = 43.514
  CI (99.9%): [5294.898, 5294.898] (assumes normal distribution)

Secondary result "io.github.lemon_ant.jharmonizer.printerlab.PrinterBenchmark.serialize:mempool.G1 Eden Space.used":
  627712.000 ±(99.9%) 0.001 KiB [Maximum]
  (min, avg, max) = (614400.000, 623069.867, 627712.000), stdev = 6031.633
  CI (99.9%): [627712.000, 627712.000] (assumes normal distribution)

Secondary result "io.github.lemon_ant.jharmonizer.printerlab.PrinterBenchmark.serialize:mempool.G1 Old Gen.used":
  21798.430 ±(99.9%) 0.001 KiB [Maximum]
  (min, avg, max) = (7998.109, 17004.318, 21798.430), stdev = 6119.930
  CI (99.9%): [21798.430, 21798.430] (assumes normal distribution)

Secondary result "io.github.lemon_ant.jharmonizer.printerlab.PrinterBenchmark.serialize:mempool.G1 Survivor Space.used":
  14120.836 ±(99.9%) 0.001 KiB [Maximum]
  (min, avg, max) = (63.953, 7586.458, 14120.836), stdev = 6712.735
  CI (99.9%): [14120.836, 14120.836] (assumes normal distribution)

Secondary result "io.github.lemon_ant.jharmonizer.printerlab.PrinterBenchmark.serialize:mempool.Metaspace.used":
  38410.797 ±(99.9%) 0.001 KiB [Maximum]
  (min, avg, max) = (38086.367, 38247.070, 38410.797), stdev = 120.739
  CI (99.9%): [38410.797, 38410.797] (assumes normal distribution)

Secondary result "io.github.lemon_ant.jharmonizer.printerlab.PrinterBenchmark.serialize:mempool.total.codeheap.used":
  21779.750 ±(99.9%) 0.001 KiB [Maximum]
  (min, avg, max) = (20936.000, 21333.117, 21779.750), stdev = 227.101
  CI (99.9%): [21779.750, 21779.750] (assumes normal distribution)

Secondary result "io.github.lemon_ant.jharmonizer.printerlab.PrinterBenchmark.serialize:mempool.total.used":
  726675.445 ±(99.9%) 0.001 KiB [Maximum]
  (min, avg, max) = (701825.578, 712494.688, 726675.445), stdev = 8120.620
  CI (99.9%): [726675.445, 726675.445] (assumes normal distribution)


# JMH version: 1.37
# VM version: JDK 21.0.8, OpenJDK 64-Bit Server VM, 21.0.8+9-LTS
# VM invoker: C:\Program Files\Microsoft\jdk-21.0.8.9-hotspot\bin\java.exe
# VM options: -Xms1g -Xmx1g -XX:+UseG1GC -Dfile.encoding=UTF-8 -Duser.language=en -Duser.country=US -Duser.timezone=UTC -Dprinter.lab.corpus=W:\JHarmonizer\core\printer-lab\target\measurement-0f6aa72d\baseline-run\corpus
# Blackhole mode: compiler (auto-detected, use -Djmh.blackhole.autoDetect=false to disable)
# Warmup: 5 iterations, 1 s each
# Measurement: 5 iterations, 2 s each
# Timeout: 10 min per iteration
# Threads: 8 threads, will synchronize iterations
# Benchmark mode: Throughput, ops/time
# Benchmark: io.github.lemon_ant.jharmonizer.printerlab.PrinterBenchmark.serialize
# Parameters: (workload = flat128)

# Run progress: 25.00% complete, ETA 00:04:43
# Fork: 1 of 3
Picked up JAVA_TOOL_OPTIONS: -Dfile.encoding=UTF-8
# Warmup Iteration   1: 3588.448 ops/s
# Warmup Iteration   2: 6892.216 ops/s
# Warmup Iteration   3: 7282.768 ops/s
# Warmup Iteration   4: 8270.434 ops/s
# Warmup Iteration   5: 14648.699 ops/s
Iteration   1: 13549.963 ops/s
                 gc.alloc.rate:                                 1752.156 MB/sec
                 gc.alloc.rate.norm:                            135880.804 B/op
                 gc.count:                                      6.000 counts
                 gc.time:                                       41.000 ms
                 mempool.CodeHeap 'non-nmethods'.used:          1560.000 KiB
                 mempool.CodeHeap 'non-profiled nmethods'.used: 3161.625 KiB
                 mempool.CodeHeap 'profiled nmethods'.used:     8854.375 KiB
                 mempool.Compressed Class Space.used:           4515.391 KiB
                 mempool.G1 Eden Space.used:                    626688.000 KiB
                 mempool.G1 Old Gen.used:                       16721.781 KiB
                 mempool.G1 Survivor Space.used:                9161.258 KiB
                 mempool.Metaspace.used:                        34021.609 KiB
                 mempool.total.codeheap.used:                   13576.000 KiB
                 mempool.total.used:                            704684.039 KiB

Iteration   2: 14188.248 ops/s
                 gc.alloc.rate:                                 1817.766 MB/sec
                 gc.alloc.rate.norm:                            135838.792 B/op
                 gc.count:                                      7.000 counts
                 gc.time:                                       16.000 ms
                 mempool.CodeHeap 'non-nmethods'.used:          1574.500 KiB
                 mempool.CodeHeap 'non-profiled nmethods'.used: 3175.625 KiB
                 mempool.CodeHeap 'profiled nmethods'.used:     8900.375 KiB
                 mempool.Compressed Class Space.used:           4516.453 KiB
                 mempool.G1 Eden Space.used:                    627712.000 KiB
                 mempool.G1 Old Gen.used:                       16893.031 KiB
                 mempool.G1 Survivor Space.used:                331.805 KiB
                 mempool.Metaspace.used:                        34038.016 KiB
                 mempool.total.codeheap.used:                   13650.500 KiB
                 mempool.total.used:                            697141.805 KiB

Iteration   3: 14714.534 ops/s
                 gc.alloc.rate:                                 1905.425 MB/sec
                 gc.alloc.rate.norm:                            135892.115 B/op
                 gc.count:                                      6.000 counts
                 gc.time:                                       13.000 ms
                 mempool.CodeHeap 'non-nmethods'.used:          1562.375 KiB
                 mempool.CodeHeap 'non-profiled nmethods'.used: 3181.625 KiB
                 mempool.CodeHeap 'profiled nmethods'.used:     8913.375 KiB
                 mempool.Compressed Class Space.used:           4516.453 KiB
                 mempool.G1 Eden Space.used:                    627712.000 KiB
                 mempool.G1 Old Gen.used:                       16901.094 KiB
                 mempool.G1 Survivor Space.used:                106.719 KiB
                 mempool.Metaspace.used:                        34041.078 KiB
                 mempool.total.codeheap.used:                   13657.375 KiB
                 mempool.total.used:                            696934.719 KiB

Iteration   4: 14584.443 ops/s
                 gc.alloc.rate:                                 1880.257 MB/sec
                 gc.alloc.rate.norm:                            135802.809 B/op
                 gc.count:                                      7.000 counts
                 gc.time:                                       20.000 ms
                 mempool.CodeHeap 'non-nmethods'.used:          1559.750 KiB
                 mempool.CodeHeap 'non-profiled nmethods'.used: 3183.250 KiB
                 mempool.CodeHeap 'profiled nmethods'.used:     8928.500 KiB
                 mempool.Compressed Class Space.used:           4516.453 KiB
                 mempool.G1 Eden Space.used:                    627712.000 KiB
                 mempool.G1 Old Gen.used:                       16916.594 KiB
                 mempool.G1 Survivor Space.used:                103.797 KiB
                 mempool.Metaspace.used:                        34045.555 KiB
                 mempool.total.codeheap.used:                   13671.500 KiB
                 mempool.total.used:                            696965.898 KiB

Iteration   5: 13652.470 ops/s
                 gc.alloc.rate:                                 1736.224 MB/sec
                 gc.alloc.rate.norm:                            136268.439 B/op
                 gc.count:                                      6.000 counts
                 gc.time:                                       12.000 ms
                 mempool.CodeHeap 'non-nmethods'.used:          1560.750 KiB
                 mempool.CodeHeap 'non-profiled nmethods'.used: 3190.125 KiB
                 mempool.CodeHeap 'profiled nmethods'.used:     8969.625 KiB
                 mempool.Compressed Class Space.used:           4516.961 KiB
                 mempool.G1 Eden Space.used:                    627712.000 KiB
                 mempool.G1 Old Gen.used:                       16924.656 KiB
                 mempool.G1 Survivor Space.used:                130.266 KiB
                 mempool.Metaspace.used:                        34060.281 KiB
                 mempool.total.codeheap.used:                   13720.500 KiB
                 mempool.total.used:                            697064.664 KiB


# Run progress: 33.33% complete, ETA 00:04:01
# Fork: 2 of 3
Picked up JAVA_TOOL_OPTIONS: -Dfile.encoding=UTF-8
# Warmup Iteration   1: 953.488 ops/s
# Warmup Iteration   2: 6703.643 ops/s
# Warmup Iteration   3: 7851.361 ops/s
# Warmup Iteration   4: 12434.632 ops/s
# Warmup Iteration   5: 14397.065 ops/s
Iteration   1: 14548.806 ops/s
                 gc.alloc.rate:                                 1873.860 MB/sec
                 gc.alloc.rate.norm:                            135897.219 B/op
                 gc.count:                                      7.000 counts
                 gc.time:                                       45.000 ms
                 mempool.CodeHeap 'non-nmethods'.used:          1561.875 KiB
                 mempool.CodeHeap 'non-profiled nmethods'.used: 3186.125 KiB
                 mempool.CodeHeap 'profiled nmethods'.used:     8882.375 KiB
                 mempool.Compressed Class Space.used:           4468.438 KiB
                 mempool.G1 Eden Space.used:                    627712.000 KiB
                 mempool.G1 Old Gen.used:                       17455.531 KiB
                 mempool.G1 Survivor Space.used:                9168.250 KiB
                 mempool.Metaspace.used:                        33915.719 KiB
                 mempool.total.codeheap.used:                   13630.375 KiB
                 mempool.total.used:                            706350.313 KiB

Iteration   2: 16124.510 ops/s
                 gc.alloc.rate:                                 2081.762 MB/sec
                 gc.alloc.rate.norm:                            135896.596 B/op
                 gc.count:                                      7.000 counts
                 gc.time:                                       17.000 ms
                 mempool.CodeHeap 'non-nmethods'.used:          1563.500 KiB
                 mempool.CodeHeap 'non-profiled nmethods'.used: 3203.625 KiB
                 mempool.CodeHeap 'profiled nmethods'.used:     8927.000 KiB
                 mempool.Compressed Class Space.used:           4469.500 KiB
                 mempool.G1 Eden Space.used:                    627712.000 KiB
                 mempool.G1 Old Gen.used:                       17481.219 KiB
                 mempool.G1 Survivor Space.used:                125.727 KiB
                 mempool.Metaspace.used:                        33938.195 KiB
                 mempool.total.codeheap.used:                   13694.125 KiB
                 mempool.total.used:                            697420.766 KiB

Iteration   3: 17102.378 ops/s
                 gc.alloc.rate:                                 2210.606 MB/sec
                 gc.alloc.rate.norm:                            135865.479 B/op
                 gc.count:                                      7.000 counts
                 gc.time:                                       18.000 ms
                 mempool.CodeHeap 'non-nmethods'.used:          1561.750 KiB
                 mempool.CodeHeap 'non-profiled nmethods'.used: 3206.500 KiB
                 mempool.CodeHeap 'profiled nmethods'.used:     8941.125 KiB
                 mempool.Compressed Class Space.used:           4469.500 KiB
                 mempool.G1 Eden Space.used:                    627712.000 KiB
                 mempool.G1 Old Gen.used:                       17485.250 KiB
                 mempool.G1 Survivor Space.used:                109.000 KiB
                 mempool.Metaspace.used:                        33942.281 KiB
                 mempool.total.codeheap.used:                   13709.375 KiB
                 mempool.total.used:                            697427.406 KiB

Iteration   4: 16528.572 ops/s
                 gc.alloc.rate:                                 2140.262 MB/sec
                 gc.alloc.rate.norm:                            135865.233 B/op
                 gc.count:                                      8.000 counts
                 gc.time:                                       19.000 ms
                 mempool.CodeHeap 'non-nmethods'.used:          1547.250 KiB
                 mempool.CodeHeap 'non-profiled nmethods'.used: 3207.250 KiB
                 mempool.CodeHeap 'profiled nmethods'.used:     8953.000 KiB
                 mempool.Compressed Class Space.used:           4469.500 KiB
                 mempool.G1 Eden Space.used:                    627712.000 KiB
                 mempool.G1 Old Gen.used:                       17504.781 KiB
                 mempool.G1 Survivor Space.used:                117.219 KiB
                 mempool.Metaspace.used:                        33945.969 KiB
                 mempool.total.codeheap.used:                   13707.500 KiB
                 mempool.total.used:                            697456.969 KiB

Iteration   5: 16012.816 ops/s
                 gc.alloc.rate:                                 2059.783 MB/sec
                 gc.alloc.rate.norm:                            136273.154 B/op
                 gc.count:                                      7.000 counts
                 gc.time:                                       15.000 ms
                 mempool.CodeHeap 'non-nmethods'.used:          1561.000 KiB
                 mempool.CodeHeap 'non-profiled nmethods'.used: 3208.875 KiB
                 mempool.CodeHeap 'profiled nmethods'.used:     8991.250 KiB
                 mempool.Compressed Class Space.used:           4470.008 KiB
                 mempool.G1 Eden Space.used:                    627712.000 KiB
                 mempool.G1 Old Gen.used:                       17512.844 KiB
                 mempool.G1 Survivor Space.used:                117.219 KiB
                 mempool.Metaspace.used:                        33957.039 KiB
                 mempool.total.codeheap.used:                   13761.125 KiB
                 mempool.total.used:                            697530.234 KiB


# Run progress: 41.67% complete, ETA 00:03:30
# Fork: 3 of 3
Picked up JAVA_TOOL_OPTIONS: -Dfile.encoding=UTF-8
# Warmup Iteration   1: 3077.660 ops/s
# Warmup Iteration   2: 6655.128 ops/s
# Warmup Iteration   3: 7848.969 ops/s
# Warmup Iteration   4: 13080.310 ops/s
# Warmup Iteration   5: 14672.656 ops/s
Iteration   1: 15771.184 ops/s
                 gc.alloc.rate:                                 2044.700 MB/sec
                 gc.alloc.rate.norm:                            135876.666 B/op
                 gc.count:                                      7.000 counts
                 gc.time:                                       44.000 ms
                 mempool.CodeHeap 'non-nmethods'.used:          1563.000 KiB
                 mempool.CodeHeap 'non-profiled nmethods'.used: 3192.375 KiB
                 mempool.CodeHeap 'profiled nmethods'.used:     8729.875 KiB
                 mempool.Compressed Class Space.used:           4554.227 KiB
                 mempool.G1 Eden Space.used:                    627712.000 KiB
                 mempool.G1 Old Gen.used:                       17200.469 KiB
                 mempool.G1 Survivor Space.used:                9146.883 KiB
                 mempool.Metaspace.used:                        34171.680 KiB
                 mempool.total.codeheap.used:                   13485.250 KiB
                 mempool.total.used:                            706270.508 KiB

Iteration   2: 17231.554 ops/s
                 gc.alloc.rate:                                 2217.883 MB/sec
                 gc.alloc.rate.norm:                            135836.582 B/op
                 gc.count:                                      8.000 counts
                 gc.time:                                       17.000 ms
                 mempool.CodeHeap 'non-nmethods'.used:          1565.500 KiB
                 mempool.CodeHeap 'non-profiled nmethods'.used: 3212.625 KiB
                 mempool.CodeHeap 'profiled nmethods'.used:     8771.875 KiB
                 mempool.Compressed Class Space.used:           4555.289 KiB
                 mempool.G1 Eden Space.used:                    627712.000 KiB
                 mempool.G1 Old Gen.used:                       17234.500 KiB
                 mempool.G1 Survivor Space.used:                128.531 KiB
                 mempool.Metaspace.used:                        34186.352 KiB
                 mempool.total.codeheap.used:                   13550.000 KiB
                 mempool.total.used:                            697366.672 KiB

Iteration   3: 17168.906 ops/s
                 gc.alloc.rate:                                 2215.555 MB/sec
                 gc.alloc.rate.norm:                            135802.028 B/op
                 gc.count:                                      7.000 counts
                 gc.time:                                       16.000 ms
                 mempool.CodeHeap 'non-nmethods'.used:          1563.750 KiB
                 mempool.CodeHeap 'non-profiled nmethods'.used: 3217.500 KiB
                 mempool.CodeHeap 'profiled nmethods'.used:     8789.625 KiB
                 mempool.Compressed Class Space.used:           4555.289 KiB
                 mempool.G1 Eden Space.used:                    627712.000 KiB
                 mempool.G1 Old Gen.used:                       17238.531 KiB
                 mempool.G1 Survivor Space.used:                118.250 KiB
                 mempool.Metaspace.used:                        34190.266 KiB
                 mempool.total.codeheap.used:                   13570.875 KiB
                 mempool.total.used:                            697385.211 KiB

Iteration   4: 17334.088 ops/s
                 gc.alloc.rate:                                 2233.899 MB/sec
                 gc.alloc.rate.norm:                            135801.568 B/op
                 gc.count:                                      8.000 counts
                 gc.time:                                       21.000 ms
                 mempool.CodeHeap 'non-nmethods'.used:          1563.625 KiB
                 mempool.CodeHeap 'non-profiled nmethods'.used: 3220.500 KiB
                 mempool.CodeHeap 'profiled nmethods'.used:     8801.875 KiB
                 mempool.Compressed Class Space.used:           4555.289 KiB
                 mempool.G1 Eden Space.used:                    627712.000 KiB
                 mempool.G1 Old Gen.used:                       17258.063 KiB
                 mempool.G1 Survivor Space.used:                114.406 KiB
                 mempool.Metaspace.used:                        34193.953 KiB
                 mempool.total.codeheap.used:                   13586.000 KiB
                 mempool.total.used:                            697419.711 KiB

Iteration   5: 17303.995 ops/s
                 gc.alloc.rate:                                 2211.008 MB/sec
                 gc.alloc.rate.norm:                            136170.368 B/op
                 gc.count:                                      7.000 counts
                 gc.time:                                       16.000 ms
                 mempool.CodeHeap 'non-nmethods'.used:          1549.250 KiB
                 mempool.CodeHeap 'non-profiled nmethods'.used: 3220.500 KiB
                 mempool.CodeHeap 'profiled nmethods'.used:     8870.000 KiB
                 mempool.Compressed Class Space.used:           4555.797 KiB
                 mempool.G1 Eden Space.used:                    627712.000 KiB
                 mempool.G1 Old Gen.used:                       17264.109 KiB
                 mempool.G1 Survivor Space.used:                117.313 KiB
                 mempool.Metaspace.used:                        34211.164 KiB
                 mempool.total.codeheap.used:                   13639.750 KiB
                 mempool.total.used:                            697500.133 KiB



Result "io.github.lemon_ant.jharmonizer.printerlab.PrinterBenchmark.serialize":
  15721.098 ±(99.9%) 1493.336 ops/s [Average]
  (min, avg, max) = (13549.963, 15721.098, 17334.088), stdev = 1396.867
  CI (99.9%): [14227.762, 17214.433] (assumes normal distribution)

Secondary result "io.github.lemon_ant.jharmonizer.printerlab.PrinterBenchmark.serialize:gc.alloc.rate":
  2025.410 ±(99.9%) 194.452 MB/sec [Average]
  (min, avg, max) = (1736.224, 2025.410, 2233.899), stdev = 181.890
  CI (99.9%): [1830.958, 2219.862] (assumes normal distribution)

Secondary result "io.github.lemon_ant.jharmonizer.printerlab.PrinterBenchmark.serialize:gc.alloc.rate.norm":
  135931.190 ±(99.9%) 174.591 B/op [Average]
  (min, avg, max) = (135801.568, 135931.190, 136273.154), stdev = 163.313
  CI (99.9%): [135756.599, 136105.781] (assumes normal distribution)

Secondary result "io.github.lemon_ant.jharmonizer.printerlab.PrinterBenchmark.serialize:gc.count":
  105.000 ±(99.9%) 0.001 counts [Sum]
  (min, avg, max) = (6.000, 7.000, 8.000), stdev = 0.655
  CI (99.9%): [105.000, 105.000] (assumes normal distribution)

Secondary result "io.github.lemon_ant.jharmonizer.printerlab.PrinterBenchmark.serialize:gc.time":
  330.000 ±(99.9%) 0.001 ms [Sum]
  (min, avg, max) = (12.000, 22.000, 45.000), stdev = 11.314
  CI (99.9%): [330.000, 330.000] (assumes normal distribution)

Secondary result "io.github.lemon_ant.jharmonizer.printerlab.PrinterBenchmark.serialize:mempool.CodeHeap 'non-nmethods'.used":
  1574.500 ±(99.9%) 0.001 KiB [Maximum]
  (min, avg, max) = (1547.250, 1561.192, 1574.500), stdev = 6.322
  CI (99.9%): [1574.500, 1574.500] (assumes normal distribution)

Secondary result "io.github.lemon_ant.jharmonizer.printerlab.PrinterBenchmark.serialize:mempool.CodeHeap 'non-profiled nmethods'.used":
  3220.500 ±(99.9%) 0.001 KiB [Maximum]
  (min, avg, max) = (3161.625, 3197.875, 3220.500), stdev = 17.845
  CI (99.9%): [3220.500, 3220.500] (assumes normal distribution)

Secondary result "io.github.lemon_ant.jharmonizer.printerlab.PrinterBenchmark.serialize:mempool.CodeHeap 'profiled nmethods'.used":
  8991.250 ±(99.9%) 0.001 KiB [Maximum]
  (min, avg, max) = (8729.875, 8881.617, 8991.250), stdev = 77.822
  CI (99.9%): [8991.250, 8991.250] (assumes normal distribution)

Secondary result "io.github.lemon_ant.jharmonizer.printerlab.PrinterBenchmark.serialize:mempool.Compressed Class Space.used":
  4555.797 ±(99.9%) 0.001 KiB [Maximum]
  (min, avg, max) = (4468.438, 4513.636, 4555.797), stdev = 36.310
  CI (99.9%): [4555.797, 4555.797] (assumes normal distribution)

Secondary result "io.github.lemon_ant.jharmonizer.printerlab.PrinterBenchmark.serialize:mempool.G1 Eden Space.used":
  627712.000 ±(99.9%) 0.001 KiB [Maximum]
  (min, avg, max) = (626688.000, 627643.733, 627712.000), stdev = 264.396
  CI (99.9%): [627712.000, 627712.000] (assumes normal distribution)

Secondary result "io.github.lemon_ant.jharmonizer.printerlab.PrinterBenchmark.serialize:mempool.G1 Old Gen.used":
  17512.844 ±(99.9%) 0.001 KiB [Maximum]
  (min, avg, max) = (16721.781, 17199.497, 17512.844), stdev = 266.601
  CI (99.9%): [17512.844, 17512.844] (assumes normal distribution)

Secondary result "io.github.lemon_ant.jharmonizer.printerlab.PrinterBenchmark.serialize:mempool.G1 Survivor Space.used":
  9168.250 ±(99.9%) 0.001 KiB [Maximum]
  (min, avg, max) = (103.797, 1939.776, 9168.250), stdev = 3736.611
  CI (99.9%): [9168.250, 9168.250] (assumes normal distribution)

Secondary result "io.github.lemon_ant.jharmonizer.printerlab.PrinterBenchmark.serialize:mempool.Metaspace.used":
  34211.164 ±(99.9%) 0.001 KiB [Maximum]
  (min, avg, max) = (33915.719, 34057.277, 34211.164), stdev = 107.480
  CI (99.9%): [34211.164, 34211.164] (assumes normal distribution)

Secondary result "io.github.lemon_ant.jharmonizer.printerlab.PrinterBenchmark.serialize:mempool.total.codeheap.used":
  13761.125 ±(99.9%) 0.001 KiB [Maximum]
  (min, avg, max) = (13485.250, 13640.683, 13761.125), stdev = 75.013
  CI (99.9%): [13761.125, 13761.125] (assumes normal distribution)

Secondary result "io.github.lemon_ant.jharmonizer.printerlab.PrinterBenchmark.serialize:mempool.total.used":
  706350.313 ±(99.9%) 0.001 KiB [Maximum]
  (min, avg, max) = (696934.719, 698994.603, 706350.313), stdev = 3528.729
  CI (99.9%): [706350.313, 706350.313] (assumes normal distribution)


# JMH version: 1.37
# VM version: JDK 21.0.8, OpenJDK 64-Bit Server VM, 21.0.8+9-LTS
# VM invoker: C:\Program Files\Microsoft\jdk-21.0.8.9-hotspot\bin\java.exe
# VM options: -Xms1g -Xmx1g -XX:+UseG1GC -Dfile.encoding=UTF-8 -Duser.language=en -Duser.country=US -Duser.timezone=UTC -Dprinter.lab.corpus=W:\JHarmonizer\core\printer-lab\target\measurement-0f6aa72d\baseline-run\corpus
# Blackhole mode: compiler (auto-detected, use -Djmh.blackhole.autoDetect=false to disable)
# Warmup: 5 iterations, 1 s each
# Measurement: 5 iterations, 2 s each
# Timeout: 10 min per iteration
# Threads: 8 threads, will synchronize iterations
# Benchmark mode: Throughput, ops/time
# Benchmark: io.github.lemon_ant.jharmonizer.printerlab.PrinterBenchmark.serialize
# Parameters: (workload = flat1024)

# Run progress: 50.00% complete, ETA 00:02:55
# Fork: 1 of 3
Picked up JAVA_TOOL_OPTIONS: -Dfile.encoding=UTF-8
# Warmup Iteration   1: 1448.006 ops/s
# Warmup Iteration   2: 1556.329 ops/s
# Warmup Iteration   3: 1705.485 ops/s
# Warmup Iteration   4: 1381.340 ops/s
# Warmup Iteration   5: 1526.794 ops/s
Iteration   1: 1740.984 ops/s
                 gc.alloc.rate:                                 1744.366 MB/sec
                 gc.alloc.rate.norm:                            1051961.844 B/op
                 gc.count:                                      6.000 counts
                 gc.time:                                       19.000 ms
                 mempool.CodeHeap 'non-nmethods'.used:          1546.750 KiB
                 mempool.CodeHeap 'non-profiled nmethods'.used: 3919.125 KiB
                 mempool.CodeHeap 'profiled nmethods'.used:     9992.625 KiB
                 mempool.Compressed Class Space.used:           4327.758 KiB
                 mempool.G1 Eden Space.used:                    627712.000 KiB
                 mempool.G1 Old Gen.used:                       26325.602 KiB
                 mempool.G1 Survivor Space.used:                2767.719 KiB
                 mempool.Metaspace.used:                        33687.148 KiB
                 mempool.total.codeheap.used:                   15458.500 KiB
                 mempool.total.used:                            710278.727 KiB

Iteration   2: 1714.489 ops/s
                 gc.alloc.rate:                                 1720.958 MB/sec
                 gc.alloc.rate.norm:                            1051961.925 B/op
                 gc.count:                                      6.000 counts
                 gc.time:                                       20.000 ms
                 mempool.CodeHeap 'non-nmethods'.used:          1546.750 KiB
                 mempool.CodeHeap 'non-profiled nmethods'.used: 3922.500 KiB
                 mempool.CodeHeap 'profiled nmethods'.used:     10026.250 KiB
                 mempool.Compressed Class Space.used:           4328.820 KiB
                 mempool.G1 Eden Space.used:                    627712.000 KiB
                 mempool.G1 Old Gen.used:                       26343.742 KiB
                 mempool.G1 Survivor Space.used:                882.969 KiB
                 mempool.Metaspace.used:                        33700.664 KiB
                 mempool.total.codeheap.used:                   15495.500 KiB
                 mempool.total.used:                            708463.695 KiB

Iteration   3: 1716.307 ops/s
                 gc.alloc.rate:                                 1715.051 MB/sec
                 gc.alloc.rate.norm:                            1051962.207 B/op
                 gc.count:                                      6.000 counts
                 gc.time:                                       16.000 ms
                 mempool.CodeHeap 'non-nmethods'.used:          1561.500 KiB
                 mempool.CodeHeap 'non-profiled nmethods'.used: 3924.125 KiB
                 mempool.CodeHeap 'profiled nmethods'.used:     10028.875 KiB
                 mempool.Compressed Class Space.used:           4328.820 KiB
                 mempool.G1 Eden Space.used:                    627712.000 KiB
                 mempool.G1 Old Gen.used:                       26359.352 KiB
                 mempool.G1 Survivor Space.used:                882.969 KiB
                 mempool.Metaspace.used:                        33703.523 KiB
                 mempool.total.codeheap.used:                   15514.500 KiB
                 mempool.total.used:                            708501.164 KiB

Iteration   4: 1730.861 ops/s
                 gc.alloc.rate:                                 1733.124 MB/sec
                 gc.alloc.rate.norm:                            1051962.092 B/op
                 gc.count:                                      6.000 counts
                 gc.time:                                       16.000 ms
                 mempool.CodeHeap 'non-nmethods'.used:          1546.750 KiB
                 mempool.CodeHeap 'non-profiled nmethods'.used: 3924.875 KiB
                 mempool.CodeHeap 'profiled nmethods'.used:     10053.500 KiB
                 mempool.Compressed Class Space.used:           4328.820 KiB
                 mempool.G1 Eden Space.used:                    627712.000 KiB
                 mempool.G1 Old Gen.used:                       26374.852 KiB
                 mempool.G1 Survivor Space.used:                830.984 KiB
                 mempool.Metaspace.used:                        33711.219 KiB
                 mempool.total.codeheap.used:                   15525.125 KiB
                 mempool.total.used:                            708483.000 KiB

Iteration   5: 1826.342 ops/s
                 gc.alloc.rate:                                 1786.478 MB/sec
                 gc.alloc.rate.norm:                            1078340.866 B/op
                 gc.count:                                      7.000 counts
                 gc.time:                                       18.000 ms
                 mempool.CodeHeap 'non-nmethods'.used:          1565.000 KiB
                 mempool.CodeHeap 'non-profiled nmethods'.used: 3938.250 KiB
                 mempool.CodeHeap 'profiled nmethods'.used:     10094.500 KiB
                 mempool.Compressed Class Space.used:           4329.328 KiB
                 mempool.G1 Eden Space.used:                    627712.000 KiB
                 mempool.G1 Old Gen.used:                       26380.898 KiB
                 mempool.G1 Survivor Space.used:                890.344 KiB
                 mempool.Metaspace.used:                        33722.898 KiB
                 mempool.total.codeheap.used:                   15597.750 KiB
                 mempool.total.used:                            708633.219 KiB


# Run progress: 58.33% complete, ETA 00:02:28
# Fork: 2 of 3
Picked up JAVA_TOOL_OPTIONS: -Dfile.encoding=UTF-8
# Warmup Iteration   1: 1214.244 ops/s
# Warmup Iteration   2: 1438.397 ops/s
# Warmup Iteration   3: 726.483 ops/s
# Warmup Iteration   4: 837.532 ops/s
# Warmup Iteration   5: 765.114 ops/s
Iteration   1: 1336.499 ops/s
                 gc.alloc.rate:                                 1352.065 MB/sec
                 gc.alloc.rate.norm:                            1052093.159 B/op
                 gc.count:                                      5.000 counts
                 gc.time:                                       20.000 ms
                 mempool.CodeHeap 'non-nmethods'.used:          1606.375 KiB
                 mempool.CodeHeap 'non-profiled nmethods'.used: 4130.000 KiB
                 mempool.CodeHeap 'profiled nmethods'.used:     10394.250 KiB
                 mempool.Compressed Class Space.used:           4411.852 KiB
                 mempool.G1 Eden Space.used:                    625664.000 KiB
                 mempool.G1 Old Gen.used:                       24513.375 KiB
                 mempool.G1 Survivor Space.used:                4177.250 KiB
                 mempool.Metaspace.used:                        34020.578 KiB
                 mempool.total.codeheap.used:                   16130.625 KiB
                 mempool.total.used:                            708917.680 KiB

Iteration   2: 1637.543 ops/s
                 gc.alloc.rate:                                 1632.722 MB/sec
                 gc.alloc.rate.norm:                            1052018.783 B/op
                 gc.count:                                      5.000 counts
                 gc.time:                                       29.000 ms
                 mempool.CodeHeap 'non-nmethods'.used:          1560.125 KiB
                 mempool.CodeHeap 'non-profiled nmethods'.used: 4136.250 KiB
                 mempool.CodeHeap 'profiled nmethods'.used:     10427.875 KiB
                 mempool.Compressed Class Space.used:           4412.914 KiB
                 mempool.G1 Eden Space.used:                    627712.000 KiB
                 mempool.G1 Old Gen.used:                       26259.445 KiB
                 mempool.G1 Survivor Space.used:                2358.461 KiB
                 mempool.Metaspace.used:                        34034.094 KiB
                 mempool.total.codeheap.used:                   16124.250 KiB
                 mempool.total.used:                            710901.164 KiB

Iteration   3: 1753.406 ops/s
                 gc.alloc.rate:                                 1758.138 MB/sec
                 gc.alloc.rate.norm:                            1052018.121 B/op
                 gc.count:                                      6.000 counts
                 gc.time:                                       18.000 ms
                 mempool.CodeHeap 'non-nmethods'.used:          1545.750 KiB
                 mempool.CodeHeap 'non-profiled nmethods'.used: 4136.250 KiB
                 mempool.CodeHeap 'profiled nmethods'.used:     10448.250 KiB
                 mempool.Compressed Class Space.used:           4412.914 KiB
                 mempool.G1 Eden Space.used:                    627712.000 KiB
                 mempool.G1 Old Gen.used:                       26283.117 KiB
                 mempool.G1 Survivor Space.used:                710.570 KiB
                 mempool.Metaspace.used:                        34038.414 KiB
                 mempool.total.codeheap.used:                   16130.250 KiB
                 mempool.total.used:                            709287.266 KiB

Iteration   4: 1712.262 ops/s
                 gc.alloc.rate:                                 1717.632 MB/sec
                 gc.alloc.rate.norm:                            1052018.331 B/op
                 gc.count:                                      6.000 counts
                 gc.time:                                       14.000 ms
                 mempool.CodeHeap 'non-nmethods'.used:          1545.750 KiB
                 mempool.CodeHeap 'non-profiled nmethods'.used: 4137.000 KiB
                 mempool.CodeHeap 'profiled nmethods'.used:     10470.875 KiB
                 mempool.Compressed Class Space.used:           4412.914 KiB
                 mempool.G1 Eden Space.used:                    627712.000 KiB
                 mempool.G1 Old Gen.used:                       26306.680 KiB
                 mempool.G1 Survivor Space.used:                714.297 KiB
                 mempool.Metaspace.used:                        34047.539 KiB
                 mempool.total.codeheap.used:                   16153.625 KiB
                 mempool.total.used:                            709347.055 KiB

Iteration   5: 1865.761 ops/s
                 gc.alloc.rate:                                 1814.509 MB/sec
                 gc.alloc.rate.norm:                            1078363.899 B/op
                 gc.count:                                      7.000 counts
                 gc.time:                                       17.000 ms
                 mempool.CodeHeap 'non-nmethods'.used:          1562.750 KiB
                 mempool.CodeHeap 'non-profiled nmethods'.used: 4155.250 KiB
                 mempool.CodeHeap 'profiled nmethods'.used:     10523.375 KiB
                 mempool.Compressed Class Space.used:           4413.422 KiB
                 mempool.G1 Eden Space.used:                    627712.000 KiB
                 mempool.G1 Old Gen.used:                       26312.727 KiB
                 mempool.G1 Survivor Space.used:                788.359 KiB
                 mempool.Metaspace.used:                        34064.273 KiB
                 mempool.total.codeheap.used:                   16241.375 KiB
                 mempool.total.used:                            709532.156 KiB


# Run progress: 66.67% complete, ETA 00:02:00
# Fork: 3 of 3
Picked up JAVA_TOOL_OPTIONS: -Dfile.encoding=UTF-8
# Warmup Iteration   1: 1344.756 ops/s
# Warmup Iteration   2: 1742.455 ops/s
# Warmup Iteration   3: 1691.105 ops/s
# Warmup Iteration   4: 1533.250 ops/s
# Warmup Iteration   5: 1688.582 ops/s
Iteration   1: 1876.465 ops/s
                 gc.alloc.rate:                                 1963.020 MB/sec
                 gc.alloc.rate.norm:                            1101241.502 B/op
                 gc.count:                                      7.000 counts
                 gc.time:                                       21.000 ms
                 mempool.CodeHeap 'non-nmethods'.used:          1545.375 KiB
                 mempool.CodeHeap 'non-profiled nmethods'.used: 4243.625 KiB
                 mempool.CodeHeap 'profiled nmethods'.used:     9990.625 KiB
                 mempool.Compressed Class Space.used:           4251.977 KiB
                 mempool.G1 Eden Space.used:                    627712.000 KiB
                 mempool.G1 Old Gen.used:                       25937.023 KiB
                 mempool.G1 Survivor Space.used:                2556.016 KiB
                 mempool.Metaspace.used:                        33484.641 KiB
                 mempool.total.codeheap.used:                   15779.625 KiB
                 mempool.total.used:                            709721.281 KiB

Iteration   2: 1890.364 ops/s
                 gc.alloc.rate:                                 1980.813 MB/sec
                 gc.alloc.rate.norm:                            1101241.521 B/op
                 gc.count:                                      7.000 counts
                 gc.time:                                       24.000 ms
                 mempool.CodeHeap 'non-nmethods'.used:          1545.375 KiB
                 mempool.CodeHeap 'non-profiled nmethods'.used: 4246.125 KiB
                 mempool.CodeHeap 'profiled nmethods'.used:     10022.875 KiB
                 mempool.Compressed Class Space.used:           4253.039 KiB
                 mempool.G1 Eden Space.used:                    627712.000 KiB
                 mempool.G1 Old Gen.used:                       25962.711 KiB
                 mempool.G1 Survivor Space.used:                887.906 KiB
                 mempool.Metaspace.used:                        33502.391 KiB
                 mempool.total.codeheap.used:                   15814.375 KiB
                 mempool.total.used:                            708132.422 KiB

Iteration   3: 1859.223 ops/s
                 gc.alloc.rate:                                 1950.336 MB/sec
                 gc.alloc.rate.norm:                            1101241.566 B/op
                 gc.count:                                      6.000 counts
                 gc.time:                                       18.000 ms
                 mempool.CodeHeap 'non-nmethods'.used:          1558.875 KiB
                 mempool.CodeHeap 'non-profiled nmethods'.used: 4246.875 KiB
                 mempool.CodeHeap 'profiled nmethods'.used:     10047.125 KiB
                 mempool.Compressed Class Space.used:           4253.039 KiB
                 mempool.G1 Eden Space.used:                    627712.000 KiB
                 mempool.G1 Old Gen.used:                       25966.742 KiB
                 mempool.G1 Survivor Space.used:                945.469 KiB
                 mempool.Metaspace.used:                        33510.164 KiB
                 mempool.total.codeheap.used:                   15852.875 KiB
                 mempool.total.used:                            708240.289 KiB

Iteration   4: 1674.768 ops/s
                 gc.alloc.rate:                                 1753.713 MB/sec
                 gc.alloc.rate.norm:                            1101242.505 B/op
                 gc.count:                                      6.000 counts
                 gc.time:                                       15.000 ms
                 mempool.CodeHeap 'non-nmethods'.used:          1559.250 KiB
                 mempool.CodeHeap 'non-profiled nmethods'.used: 4248.500 KiB
                 mempool.CodeHeap 'profiled nmethods'.used:     10060.750 KiB
                 mempool.Compressed Class Space.used:           4253.039 KiB
                 mempool.G1 Eden Space.used:                    627712.000 KiB
                 mempool.G1 Old Gen.used:                       25980.852 KiB
                 mempool.G1 Survivor Space.used:                889.180 KiB
                 mempool.Metaspace.used:                        33515.469 KiB
                 mempool.total.codeheap.used:                   15868.500 KiB
                 mempool.total.used:                            708219.039 KiB

Iteration   5: 1767.708 ops/s
                 gc.alloc.rate:                                 1816.629 MB/sec
                 gc.alloc.rate.norm:                            1130445.985 B/op
                 gc.count:                                      7.000 counts
                 gc.time:                                       18.000 ms
                 mempool.CodeHeap 'non-nmethods'.used:          1562.125 KiB
                 mempool.CodeHeap 'non-profiled nmethods'.used: 4270.250 KiB
                 mempool.CodeHeap 'profiled nmethods'.used:     10120.750 KiB
                 mempool.Compressed Class Space.used:           4253.547 KiB
                 mempool.G1 Eden Space.used:                    627712.000 KiB
                 mempool.G1 Old Gen.used:                       25986.898 KiB
                 mempool.G1 Survivor Space.used:                805.875 KiB
                 mempool.Metaspace.used:                        33536.305 KiB
                 mempool.total.codeheap.used:                   15953.125 KiB
                 mempool.total.used:                            708247.750 KiB



Result "io.github.lemon_ant.jharmonizer.printerlab.PrinterBenchmark.serialize":
  1740.199 ±(99.9%) 145.491 ops/s [Average]
  (min, avg, max) = (1336.499, 1740.199, 1890.364), stdev = 136.092
  CI (99.9%): [1594.708, 1885.690] (assumes normal distribution)

Secondary result "io.github.lemon_ant.jharmonizer.printerlab.PrinterBenchmark.serialize:gc.alloc.rate":
  1762.637 ±(99.9%) 162.116 MB/sec [Average]
  (min, avg, max) = (1352.065, 1762.637, 1980.813), stdev = 151.643
  CI (99.9%): [1600.521, 1924.753] (assumes normal distribution)

Secondary result "io.github.lemon_ant.jharmonizer.printerlab.PrinterBenchmark.serialize:gc.alloc.rate.norm":
  1073874.287 ±(99.9%) 28663.740 B/op [Average]
  (min, avg, max) = (1051961.844, 1073874.287, 1130445.985), stdev = 26812.080
  CI (99.9%): [1045210.547, 1102538.027] (assumes normal distribution)

Secondary result "io.github.lemon_ant.jharmonizer.printerlab.PrinterBenchmark.serialize:gc.count":
  93.000 ±(99.9%) 0.001 counts [Sum]
  (min, avg, max) = (5.000, 6.200, 7.000), stdev = 0.676
  CI (99.9%): [93.000, 93.000] (assumes normal distribution)

Secondary result "io.github.lemon_ant.jharmonizer.printerlab.PrinterBenchmark.serialize:gc.time":
  283.000 ±(99.9%) 0.001 ms [Sum]
  (min, avg, max) = (14.000, 18.867, 29.000), stdev = 3.758
  CI (99.9%): [283.000, 283.000] (assumes normal distribution)

Secondary result "io.github.lemon_ant.jharmonizer.printerlab.PrinterBenchmark.serialize:mempool.CodeHeap 'non-nmethods'.used":
  1606.375 ±(99.9%) 0.001 KiB [Maximum]
  (min, avg, max) = (1545.375, 1557.233, 1606.375), stdev = 15.670
  CI (99.9%): [1606.375, 1606.375] (assumes normal distribution)

Secondary result "io.github.lemon_ant.jharmonizer.printerlab.PrinterBenchmark.serialize:mempool.CodeHeap 'non-profiled nmethods'.used":
  4270.250 ±(99.9%) 0.001 KiB [Maximum]
  (min, avg, max) = (3919.125, 4105.267, 4270.250), stdev = 139.926
  CI (99.9%): [4270.250, 4270.250] (assumes normal distribution)

Secondary result "io.github.lemon_ant.jharmonizer.printerlab.PrinterBenchmark.serialize:mempool.CodeHeap 'profiled nmethods'.used":
  10523.375 ±(99.9%) 0.001 KiB [Maximum]
  (min, avg, max) = (9990.625, 10180.167, 10523.375), stdev = 204.005
  CI (99.9%): [10523.375, 10523.375] (assumes normal distribution)

Secondary result "io.github.lemon_ant.jharmonizer.printerlab.PrinterBenchmark.serialize:mempool.Compressed Class Space.used":
  4413.422 ±(99.9%) 0.001 KiB [Maximum]
  (min, avg, max) = (4251.977, 4331.480, 4413.422), stdev = 67.592
  CI (99.9%): [4413.422, 4413.422] (assumes normal distribution)

Secondary result "io.github.lemon_ant.jharmonizer.printerlab.PrinterBenchmark.serialize:mempool.G1 Eden Space.used":
  627712.000 ±(99.9%) 0.001 KiB [Maximum]
  (min, avg, max) = (625664.000, 627575.467, 627712.000), stdev = 528.791
  CI (99.9%): [627712.000, 627712.000] (assumes normal distribution)

Secondary result "io.github.lemon_ant.jharmonizer.printerlab.PrinterBenchmark.serialize:mempool.G1 Old Gen.used":
  26380.898 ±(99.9%) 0.001 KiB [Maximum]
  (min, avg, max) = (24513.375, 26086.268, 26380.898), stdev = 469.319
  CI (99.9%): [26380.898, 26380.898] (assumes normal distribution)

Secondary result "io.github.lemon_ant.jharmonizer.printerlab.PrinterBenchmark.serialize:mempool.G1 Survivor Space.used":
  4177.250 ±(99.9%) 0.001 KiB [Maximum]
  (min, avg, max) = (710.570, 1405.891, 4177.250), stdev = 1047.405
  CI (99.9%): [4177.250, 4177.250] (assumes normal distribution)

Secondary result "io.github.lemon_ant.jharmonizer.printerlab.PrinterBenchmark.serialize:mempool.Metaspace.used":
  34064.273 ±(99.9%) 0.001 KiB [Maximum]
  (min, avg, max) = (33484.641, 33751.955, 34064.273), stdev = 227.572
  CI (99.9%): [34064.273, 34064.273] (assumes normal distribution)

Secondary result "io.github.lemon_ant.jharmonizer.printerlab.PrinterBenchmark.serialize:mempool.total.codeheap.used":
  16241.375 ±(99.9%) 0.001 KiB [Maximum]
  (min, avg, max) = (15458.500, 15842.667, 16241.375), stdev = 274.505
  CI (99.9%): [16241.375, 16241.375] (assumes normal distribution)

Secondary result "io.github.lemon_ant.jharmonizer.printerlab.PrinterBenchmark.serialize:mempool.total.used":
  710901.164 ±(99.9%) 0.001 KiB [Maximum]
  (min, avg, max) = (708132.422, 708993.727, 710901.164), stdev = 832.641
  CI (99.9%): [710901.164, 710901.164] (assumes normal distribution)


# JMH version: 1.37
# VM version: JDK 21.0.8, OpenJDK 64-Bit Server VM, 21.0.8+9-LTS
# VM invoker: C:\Program Files\Microsoft\jdk-21.0.8.9-hotspot\bin\java.exe
# VM options: -Xms1g -Xmx1g -XX:+UseG1GC -Dfile.encoding=UTF-8 -Duser.language=en -Duser.country=US -Duser.timezone=UTC -Dprinter.lab.corpus=W:\JHarmonizer\core\printer-lab\target\measurement-0f6aa72d\baseline-run\corpus
# Blackhole mode: compiler (auto-detected, use -Djmh.blackhole.autoDetect=false to disable)
# Warmup: 5 iterations, 1 s each
# Measurement: 5 iterations, 2 s each
# Timeout: 10 min per iteration
# Threads: 8 threads, will synchronize iterations
# Benchmark mode: Throughput, ops/time
# Benchmark: io.github.lemon_ant.jharmonizer.printerlab.PrinterBenchmark.serialize
# Parameters: (workload = nested128)

# Run progress: 75.00% complete, ETA 00:01:31
# Fork: 1 of 3
Picked up JAVA_TOOL_OPTIONS: -Dfile.encoding=UTF-8
# Warmup Iteration   1: 774.639 ops/s
# Warmup Iteration   2: 1269.795 ops/s
# Warmup Iteration   3: 1418.898 ops/s
# Warmup Iteration   4: 1403.538 ops/s
# Warmup Iteration   5: 1463.080 ops/s
Iteration   1: 1282.228 ops/s
                 gc.alloc.rate:                                 1629.593 MB/sec
                 gc.alloc.rate.norm:                            1340686.657 B/op
                 gc.count:                                      6.000 counts
                 gc.time:                                       15.000 ms
                 mempool.CodeHeap 'non-nmethods'.used:          1611.500 KiB
                 mempool.CodeHeap 'non-profiled nmethods'.used: 3319.500 KiB
                 mempool.CodeHeap 'profiled nmethods'.used:     11055.000 KiB
                 mempool.Compressed Class Space.used:           4441.445 KiB
                 mempool.G1 Eden Space.used:                    627712.000 KiB
                 mempool.G1 Old Gen.used:                       22216.359 KiB
                 mempool.G1 Survivor Space.used:                2249.195 KiB
                 mempool.Metaspace.used:                        34394.523 KiB
                 mempool.total.codeheap.used:                   15986.000 KiB
                 mempool.total.used:                            706999.523 KiB

Iteration   2: 1303.983 ops/s
                 gc.alloc.rate:                                 1664.848 MB/sec
                 gc.alloc.rate.norm:                            1340557.189 B/op
                 gc.count:                                      6.000 counts
                 gc.time:                                       13.000 ms
                 mempool.CodeHeap 'non-nmethods'.used:          1553.125 KiB
                 mempool.CodeHeap 'non-profiled nmethods'.used: 3323.750 KiB
                 mempool.CodeHeap 'profiled nmethods'.used:     11097.750 KiB
                 mempool.Compressed Class Space.used:           4442.508 KiB
                 mempool.G1 Eden Space.used:                    627712.000 KiB
                 mempool.G1 Old Gen.used:                       22222.406 KiB
                 mempool.G1 Survivor Space.used:                345.273 KiB
                 mempool.Metaspace.used:                        34417.203 KiB
                 mempool.total.codeheap.used:                   15974.625 KiB
                 mempool.total.used:                            705114.016 KiB

Iteration   3: 1271.619 ops/s
                 gc.alloc.rate:                                 1622.056 MB/sec
                 gc.alloc.rate.norm:                            1340557.692 B/op
                 gc.count:                                      5.000 counts
                 gc.time:                                       10.000 ms
                 mempool.CodeHeap 'non-nmethods'.used:          1553.125 KiB
                 mempool.CodeHeap 'non-profiled nmethods'.used: 3323.750 KiB
                 mempool.CodeHeap 'profiled nmethods'.used:     11110.750 KiB
                 mempool.Compressed Class Space.used:           4442.508 KiB
                 mempool.G1 Eden Space.used:                    627712.000 KiB
                 mempool.G1 Old Gen.used:                       22238.016 KiB
                 mempool.G1 Survivor Space.used:                330.813 KiB
                 mempool.Metaspace.used:                        34420.336 KiB
                 mempool.total.codeheap.used:                   15987.625 KiB
                 mempool.total.used:                            705131.297 KiB

Iteration   4: 1339.772 ops/s
                 gc.alloc.rate:                                 1714.897 MB/sec
                 gc.alloc.rate.norm:                            1340557.094 B/op
                 gc.count:                                      6.000 counts
                 gc.time:                                       13.000 ms
                 mempool.CodeHeap 'non-nmethods'.used:          1566.875 KiB
                 mempool.CodeHeap 'non-profiled nmethods'.used: 3325.375 KiB
                 mempool.CodeHeap 'profiled nmethods'.used:     11130.375 KiB
                 mempool.Compressed Class Space.used:           4442.508 KiB
                 mempool.G1 Eden Space.used:                    627712.000 KiB
                 mempool.G1 Old Gen.used:                       22263.594 KiB
                 mempool.G1 Survivor Space.used:                330.719 KiB
                 mempool.Metaspace.used:                        34427.336 KiB
                 mempool.total.codeheap.used:                   16022.625 KiB
                 mempool.total.used:                            705198.781 KiB

Iteration   5: 1349.813 ops/s
                 gc.alloc.rate:                                 1641.526 MB/sec
                 gc.alloc.rate.norm:                            1395258.231 B/op
                 gc.count:                                      6.000 counts
                 gc.time:                                       12.000 ms
                 mempool.CodeHeap 'non-nmethods'.used:          1583.875 KiB
                 mempool.CodeHeap 'non-profiled nmethods'.used: 3380.750 KiB
                 mempool.CodeHeap 'profiled nmethods'.used:     11155.625 KiB
                 mempool.Compressed Class Space.used:           4443.016 KiB
                 mempool.G1 Eden Space.used:                    627712.000 KiB
                 mempool.G1 Old Gen.used:                       22267.625 KiB
                 mempool.G1 Survivor Space.used:                329.695 KiB
                 mempool.Metaspace.used:                        34437.563 KiB
                 mempool.total.codeheap.used:                   16120.250 KiB
                 mempool.total.used:                            705310.148 KiB


# Run progress: 83.33% complete, ETA 00:01:00
# Fork: 2 of 3
Picked up JAVA_TOOL_OPTIONS: -Dfile.encoding=UTF-8
# Warmup Iteration   1: 866.029 ops/s
# Warmup Iteration   2: 1479.465 ops/s
# Warmup Iteration   3: 1479.190 ops/s
# Warmup Iteration   4: 1547.661 ops/s
# Warmup Iteration   5: 1475.350 ops/s
Iteration   1: 1528.830 ops/s
                 gc.alloc.rate:                                 1941.279 MB/sec
                 gc.alloc.rate.norm:                            1340682.304 B/op
                 gc.count:                                      7.000 counts
                 gc.time:                                       18.000 ms
                 mempool.CodeHeap 'non-nmethods'.used:          1610.875 KiB
                 mempool.CodeHeap 'non-profiled nmethods'.used: 3468.125 KiB
                 mempool.CodeHeap 'profiled nmethods'.used:     11260.500 KiB
                 mempool.Compressed Class Space.used:           4492.188 KiB
                 mempool.G1 Eden Space.used:                    627712.000 KiB
                 mempool.G1 Old Gen.used:                       21907.906 KiB
                 mempool.G1 Survivor Space.used:                771.906 KiB
                 mempool.Metaspace.used:                        34643.250 KiB
                 mempool.total.codeheap.used:                   16339.500 KiB
                 mempool.total.used:                            705866.750 KiB

Iteration   2: 1626.313 ops/s
                 gc.alloc.rate:                                 2073.586 MB/sec
                 gc.alloc.rate.norm:                            1340546.950 B/op
                 gc.count:                                      7.000 counts
                 gc.time:                                       18.000 ms
                 mempool.CodeHeap 'non-nmethods'.used:          1552.750 KiB
                 mempool.CodeHeap 'non-profiled nmethods'.used: 3470.625 KiB
                 mempool.CodeHeap 'profiled nmethods'.used:     11294.750 KiB
                 mempool.Compressed Class Space.used:           4493.250 KiB
                 mempool.G1 Eden Space.used:                    627712.000 KiB
                 mempool.G1 Old Gen.used:                       21927.547 KiB
                 mempool.G1 Survivor Space.used:                355.828 KiB
                 mempool.Metaspace.used:                        34655.203 KiB
                 mempool.total.codeheap.used:                   16318.125 KiB
                 mempool.total.used:                            705461.953 KiB

Iteration   3: 1573.132 ops/s
                 gc.alloc.rate:                                 2013.462 MB/sec
                 gc.alloc.rate.norm:                            1340547.142 B/op
                 gc.count:                                      7.000 counts
                 gc.time:                                       17.000 ms
                 mempool.CodeHeap 'non-nmethods'.used:          1552.750 KiB
                 mempool.CodeHeap 'non-profiled nmethods'.used: 3470.625 KiB
                 mempool.CodeHeap 'profiled nmethods'.used:     11310.625 KiB
                 mempool.Compressed Class Space.used:           4493.250 KiB
                 mempool.G1 Eden Space.used:                    627712.000 KiB
                 mempool.G1 Old Gen.used:                       21933.594 KiB
                 mempool.G1 Survivor Space.used:                332.750 KiB
                 mempool.Metaspace.used:                        34658.766 KiB
                 mempool.total.codeheap.used:                   16334.000 KiB
                 mempool.total.used:                            705464.359 KiB

Iteration   4: 1621.540 ops/s
                 gc.alloc.rate:                                 2063.313 MB/sec
                 gc.alloc.rate.norm:                            1340547.068 B/op
                 gc.count:                                      7.000 counts
                 gc.time:                                       16.000 ms
                 mempool.CodeHeap 'non-nmethods'.used:          1552.750 KiB
                 mempool.CodeHeap 'non-profiled nmethods'.used: 3471.375 KiB
                 mempool.CodeHeap 'profiled nmethods'.used:     11346.625 KiB
                 mempool.Compressed Class Space.used:           4493.250 KiB
                 mempool.G1 Eden Space.used:                    627712.000 KiB
                 mempool.G1 Old Gen.used:                       21953.125 KiB
                 mempool.G1 Survivor Space.used:                332.750 KiB
                 mempool.Metaspace.used:                        34665.250 KiB
                 mempool.total.codeheap.used:                   16370.750 KiB
                 mempool.total.used:                            705527.125 KiB

Iteration   5: 1483.422 ops/s
                 gc.alloc.rate:                                 1819.067 MB/sec
                 gc.alloc.rate.norm:                            1390844.798 B/op
                 gc.count:                                      7.000 counts
                 gc.time:                                       17.000 ms
                 mempool.CodeHeap 'non-nmethods'.used:          1579.250 KiB
                 mempool.CodeHeap 'non-profiled nmethods'.used: 3502.250 KiB
                 mempool.CodeHeap 'profiled nmethods'.used:     11384.875 KiB
                 mempool.Compressed Class Space.used:           4493.758 KiB
                 mempool.G1 Eden Space.used:                    627712.000 KiB
                 mempool.G1 Old Gen.used:                       21957.156 KiB
                 mempool.G1 Survivor Space.used:                368.008 KiB
                 mempool.Metaspace.used:                        34685.727 KiB
                 mempool.total.codeheap.used:                   16466.375 KiB
                 mempool.total.used:                            705683.023 KiB


# Run progress: 91.67% complete, ETA 00:00:30
# Fork: 3 of 3
Picked up JAVA_TOOL_OPTIONS: -Dfile.encoding=UTF-8
# Warmup Iteration   1: 734.928 ops/s
# Warmup Iteration   2: 1261.553 ops/s
# Warmup Iteration   3: 1504.618 ops/s
# Warmup Iteration   4: 1477.105 ops/s
# Warmup Iteration   5: 1436.131 ops/s
Iteration   1: 1418.939 ops/s
                 gc.alloc.rate:                                 1801.715 MB/sec
                 gc.alloc.rate.norm:                            1340699.212 B/op
                 gc.count:                                      6.000 counts
                 gc.time:                                       13.000 ms
                 mempool.CodeHeap 'non-nmethods'.used:          1611.375 KiB
                 mempool.CodeHeap 'non-profiled nmethods'.used: 3304.625 KiB
                 mempool.CodeHeap 'profiled nmethods'.used:     11090.875 KiB
                 mempool.Compressed Class Space.used:           4482.281 KiB
                 mempool.G1 Eden Space.used:                    627712.000 KiB
                 mempool.G1 Old Gen.used:                       23784.078 KiB
                 mempool.G1 Survivor Space.used:                659.625 KiB
                 mempool.Metaspace.used:                        34586.719 KiB
                 mempool.total.codeheap.used:                   16006.875 KiB
                 mempool.total.used:                            707231.578 KiB

Iteration   2: 1426.557 ops/s
                 gc.alloc.rate:                                 1822.174 MB/sec
                 gc.alloc.rate.norm:                            1340548.468 B/op
                 gc.count:                                      6.000 counts
                 gc.time:                                       13.000 ms
                 mempool.CodeHeap 'non-nmethods'.used:          1553.125 KiB
                 mempool.CodeHeap 'non-profiled nmethods'.used: 3307.125 KiB
                 mempool.CodeHeap 'profiled nmethods'.used:     11126.625 KiB
                 mempool.Compressed Class Space.used:           4483.344 KiB
                 mempool.G1 Eden Space.used:                    627712.000 KiB
                 mempool.G1 Old Gen.used:                       23803.719 KiB
                 mempool.G1 Survivor Space.used:                355.891 KiB
                 mempool.Metaspace.used:                        34601.141 KiB
                 mempool.total.codeheap.used:                   15986.875 KiB
                 mempool.total.used:                            706942.969 KiB

Iteration   3: 1487.391 ops/s
                 gc.alloc.rate:                                 1892.451 MB/sec
                 gc.alloc.rate.norm:                            1340547.788 B/op
                 gc.count:                                      7.000 counts
                 gc.time:                                       15.000 ms
                 mempool.CodeHeap 'non-nmethods'.used:          1553.125 KiB
                 mempool.CodeHeap 'non-profiled nmethods'.used: 3307.125 KiB
                 mempool.CodeHeap 'profiled nmethods'.used:     11143.875 KiB
                 mempool.Compressed Class Space.used:           4483.344 KiB
                 mempool.G1 Eden Space.used:                    627712.000 KiB
                 mempool.G1 Old Gen.used:                       23811.781 KiB
                 mempool.G1 Survivor Space.used:                327.695 KiB
                 mempool.Metaspace.used:                        34604.742 KiB
                 mempool.total.codeheap.used:                   16004.125 KiB
                 mempool.total.used:                            706943.688 KiB

Iteration   4: 1516.018 ops/s
                 gc.alloc.rate:                                 1920.574 MB/sec
                 gc.alloc.rate.norm:                            1340547.534 B/op
                 gc.count:                                      6.000 counts
                 gc.time:                                       13.000 ms
                 mempool.CodeHeap 'non-nmethods'.used:          1567.875 KiB
                 mempool.CodeHeap 'non-profiled nmethods'.used: 3310.500 KiB
                 mempool.CodeHeap 'profiled nmethods'.used:     11167.000 KiB
                 mempool.Compressed Class Space.used:           4483.344 KiB
                 mempool.G1 Eden Space.used:                    627712.000 KiB
                 mempool.G1 Old Gen.used:                       23829.922 KiB
                 mempool.G1 Survivor Space.used:                350.719 KiB
                 mempool.Metaspace.used:                        34612.688 KiB
                 mempool.total.codeheap.used:                   16045.375 KiB
                 mempool.total.used:                            707034.047 KiB

Iteration   5: 1543.866 ops/s
                 gc.alloc.rate:                                 1891.273 MB/sec
                 gc.alloc.rate.norm:                            1388629.151 B/op
                 gc.count:                                      7.000 counts
                 gc.time:                                       15.000 ms
                 mempool.CodeHeap 'non-nmethods'.used:          1583.875 KiB
                 mempool.CodeHeap 'non-profiled nmethods'.used: 3358.250 KiB
                 mempool.CodeHeap 'profiled nmethods'.used:     11196.000 KiB
                 mempool.Compressed Class Space.used:           4483.852 KiB
                 mempool.G1 Eden Space.used:                    627712.000 KiB
                 mempool.G1 Old Gen.used:                       23835.969 KiB
                 mempool.G1 Survivor Space.used:                391.625 KiB
                 mempool.Metaspace.used:                        34623.297 KiB
                 mempool.total.codeheap.used:                   16138.125 KiB
                 mempool.total.used:                            707184.867 KiB



Result "io.github.lemon_ant.jharmonizer.printerlab.PrinterBenchmark.serialize":
  1451.562 ±(99.9%) 128.582 ops/s [Average]
  (min, avg, max) = (1271.619, 1451.562, 1626.313), stdev = 120.275
  CI (99.9%): [1322.980, 1580.143] (assumes normal distribution)

Secondary result "io.github.lemon_ant.jharmonizer.printerlab.PrinterBenchmark.serialize:gc.alloc.rate":
  1834.121 ±(99.9%) 165.580 MB/sec [Average]
  (min, avg, max) = (1622.056, 1834.121, 2073.586), stdev = 154.883
  CI (99.9%): [1668.541, 1999.701] (assumes normal distribution)

Secondary result "io.github.lemon_ant.jharmonizer.printerlab.PrinterBenchmark.serialize:gc.alloc.rate.norm":
  1350783.819 ±(99.9%) 22611.969 B/op [Average]
  (min, avg, max) = (1340546.950, 1350783.819, 1395258.231), stdev = 21151.250
  CI (99.9%): [1328171.850, 1373395.787] (assumes normal distribution)

Secondary result "io.github.lemon_ant.jharmonizer.printerlab.PrinterBenchmark.serialize:gc.count":
  96.000 ±(99.9%) 0.001 counts [Sum]
  (min, avg, max) = (5.000, 6.400, 7.000), stdev = 0.632
  CI (99.9%): [96.000, 96.000] (assumes normal distribution)

Secondary result "io.github.lemon_ant.jharmonizer.printerlab.PrinterBenchmark.serialize:gc.time":
  218.000 ±(99.9%) 0.001 ms [Sum]
  (min, avg, max) = (10.000, 14.533, 18.000), stdev = 2.356
  CI (99.9%): [218.000, 218.000] (assumes normal distribution)

Secondary result "io.github.lemon_ant.jharmonizer.printerlab.PrinterBenchmark.serialize:mempool.CodeHeap 'non-nmethods'.used":
  1611.500 ±(99.9%) 0.001 KiB [Maximum]
  (min, avg, max) = (1552.750, 1572.417, 1611.500), stdev = 23.198
  CI (99.9%): [1611.500, 1611.500] (assumes normal distribution)

Secondary result "io.github.lemon_ant.jharmonizer.printerlab.PrinterBenchmark.serialize:mempool.CodeHeap 'non-profiled nmethods'.used":
  3502.250 ±(99.9%) 0.001 KiB [Maximum]
  (min, avg, max) = (3304.625, 3376.250, 3502.250), stdev = 76.464
  CI (99.9%): [3502.250, 3502.250] (assumes normal distribution)

Secondary result "io.github.lemon_ant.jharmonizer.printerlab.PrinterBenchmark.serialize:mempool.CodeHeap 'profiled nmethods'.used":
  11384.875 ±(99.9%) 0.001 KiB [Maximum]
  (min, avg, max) = (11055.000, 11191.417, 11384.875), stdev = 102.559
  CI (99.9%): [11384.875, 11384.875] (assumes normal distribution)

Secondary result "io.github.lemon_ant.jharmonizer.printerlab.PrinterBenchmark.serialize:mempool.Compressed Class Space.used":
  4493.758 ±(99.9%) 0.001 KiB [Maximum]
  (min, avg, max) = (4441.445, 4472.923, 4493.758), stdev = 22.738
  CI (99.9%): [4493.758, 4493.758] (assumes normal distribution)

Secondary result "io.github.lemon_ant.jharmonizer.printerlab.PrinterBenchmark.serialize:mempool.G1 Eden Space.used":
  627712.000 ±(99.9%) 0.001 KiB [Maximum]
  (min, avg, max) = (627712.000, 627712.000, 627712.000), stdev = 0.001
  CI (99.9%): [627712.000, 627712.000] (assumes normal distribution)

Secondary result "io.github.lemon_ant.jharmonizer.printerlab.PrinterBenchmark.serialize:mempool.G1 Old Gen.used":
  23835.969 ±(99.9%) 0.001 KiB [Maximum]
  (min, avg, max) = (21907.906, 22663.520, 23835.969), stdev = 851.495
  CI (99.9%): [23835.969, 23835.969] (assumes normal distribution)

Secondary result "io.github.lemon_ant.jharmonizer.printerlab.PrinterBenchmark.serialize:mempool.G1 Survivor Space.used":
  2249.195 ±(99.9%) 0.001 KiB [Maximum]
  (min, avg, max) = (327.695, 522.166, 2249.195), stdev = 495.738
  CI (99.9%): [2249.195, 2249.195] (assumes normal distribution)

Secondary result "io.github.lemon_ant.jharmonizer.printerlab.PrinterBenchmark.serialize:mempool.Metaspace.used":
  34685.727 ±(99.9%) 0.001 KiB [Maximum]
  (min, avg, max) = (34394.523, 34562.249, 34685.727), stdev = 108.107
  CI (99.9%): [34685.727, 34685.727] (assumes normal distribution)

Secondary result "io.github.lemon_ant.jharmonizer.printerlab.PrinterBenchmark.serialize:mempool.total.codeheap.used":
  16466.375 ±(99.9%) 0.001 KiB [Maximum]
  (min, avg, max) = (15974.625, 16140.083, 16466.375), stdev = 174.432
  CI (99.9%): [16466.375, 16466.375] (assumes normal distribution)

Secondary result "io.github.lemon_ant.jharmonizer.printerlab.PrinterBenchmark.serialize:mempool.total.used":
  707231.578 ±(99.9%) 0.001 KiB [Maximum]
  (min, avg, max) = (705114.016, 706072.942, 707231.578), stdev = 856.264
  CI (99.9%): [707231.578, 707231.578] (assumes normal distribution)


# Run complete. Total time: 00:06:00

REMEMBER: The numbers below are just data. To gain reusable insights, you need to follow up on
why the numbers are the way they are. Use profilers (see -prof, -lprof), design factorial
experiments, perform baseline and negative tests that provide experimental control, make sure
the benchmarking environment is safe on JVM/OS/HW level, ask for reviews from the domain experts.
Do not assume the numbers tell you what you want them to tell.

NOTE: Current JVM experimentally supports Compiler Blackholes, and they are in use. Please exercise
extra caution when trusting the results, look into the generated code to check the benchmark still
works, and factor in a small probability of new VM bugs. Additionally, while comparisons between
different JVMs are already problematic, the performance difference caused by different Blackhole
modes can be very significant. Please make sure you use the consistent Blackhole mode for comparisons.

Benchmark                                                                 (workload)   Mode  Cnt        Score       Error   Units
PrinterBenchmark.serialize                                                  fixtures  thrpt   15     2915.618 ±   922.579   ops/s
PrinterBenchmark.serialize:gc.alloc.rate                                    fixtures  thrpt   15     1381.126 ±   484.874  MB/sec
PrinterBenchmark.serialize:gc.alloc.rate.norm                               fixtures  thrpt   15   521172.301 ±  2993.284    B/op
PrinterBenchmark.serialize:gc.count                                         fixtures  thrpt   15       77.000              counts
PrinterBenchmark.serialize:gc.time                                          fixtures  thrpt   15      474.000                  ms
PrinterBenchmark.serialize:mempool.CodeHeap 'non-nmethods'.used             fixtures  thrpt   15     1672.500                 KiB
PrinterBenchmark.serialize:mempool.CodeHeap 'non-profiled nmethods'.used    fixtures  thrpt   15     5630.750                 KiB
PrinterBenchmark.serialize:mempool.CodeHeap 'profiled nmethods'.used        fixtures  thrpt   15    14545.875                 KiB
PrinterBenchmark.serialize:mempool.Compressed Class Space.used              fixtures  thrpt   15     5294.898                 KiB
PrinterBenchmark.serialize:mempool.G1 Eden Space.used                       fixtures  thrpt   15   627712.000                 KiB
PrinterBenchmark.serialize:mempool.G1 Old Gen.used                          fixtures  thrpt   15    21798.430                 KiB
PrinterBenchmark.serialize:mempool.G1 Survivor Space.used                   fixtures  thrpt   15    14120.836                 KiB
PrinterBenchmark.serialize:mempool.Metaspace.used                           fixtures  thrpt   15    38410.797                 KiB
PrinterBenchmark.serialize:mempool.total.codeheap.used                      fixtures  thrpt   15    21779.750                 KiB
PrinterBenchmark.serialize:mempool.total.used                               fixtures  thrpt   15   726675.445                 KiB
PrinterBenchmark.serialize                                                   flat128  thrpt   15    15721.098 ±  1493.336   ops/s
PrinterBenchmark.serialize:gc.alloc.rate                                     flat128  thrpt   15     2025.410 ±   194.452  MB/sec
PrinterBenchmark.serialize:gc.alloc.rate.norm                                flat128  thrpt   15   135931.190 ±   174.591    B/op
PrinterBenchmark.serialize:gc.count                                          flat128  thrpt   15      105.000              counts
PrinterBenchmark.serialize:gc.time                                           flat128  thrpt   15      330.000                  ms
PrinterBenchmark.serialize:mempool.CodeHeap 'non-nmethods'.used              flat128  thrpt   15     1574.500                 KiB
PrinterBenchmark.serialize:mempool.CodeHeap 'non-profiled nmethods'.used     flat128  thrpt   15     3220.500                 KiB
PrinterBenchmark.serialize:mempool.CodeHeap 'profiled nmethods'.used         flat128  thrpt   15     8991.250                 KiB
PrinterBenchmark.serialize:mempool.Compressed Class Space.used               flat128  thrpt   15     4555.797                 KiB
PrinterBenchmark.serialize:mempool.G1 Eden Space.used                        flat128  thrpt   15   627712.000                 KiB
PrinterBenchmark.serialize:mempool.G1 Old Gen.used                           flat128  thrpt   15    17512.844                 KiB
PrinterBenchmark.serialize:mempool.G1 Survivor Space.used                    flat128  thrpt   15     9168.250                 KiB
PrinterBenchmark.serialize:mempool.Metaspace.used                            flat128  thrpt   15    34211.164                 KiB
PrinterBenchmark.serialize:mempool.total.codeheap.used                       flat128  thrpt   15    13761.125                 KiB
PrinterBenchmark.serialize:mempool.total.used                                flat128  thrpt   15   706350.313                 KiB
PrinterBenchmark.serialize                                                  flat1024  thrpt   15     1740.199 ±   145.491   ops/s
PrinterBenchmark.serialize:gc.alloc.rate                                    flat1024  thrpt   15     1762.637 ±   162.116  MB/sec
PrinterBenchmark.serialize:gc.alloc.rate.norm                               flat1024  thrpt   15  1073874.287 ± 28663.740    B/op
PrinterBenchmark.serialize:gc.count                                         flat1024  thrpt   15       93.000              counts
PrinterBenchmark.serialize:gc.time                                          flat1024  thrpt   15      283.000                  ms
PrinterBenchmark.serialize:mempool.CodeHeap 'non-nmethods'.used             flat1024  thrpt   15     1606.375                 KiB
PrinterBenchmark.serialize:mempool.CodeHeap 'non-profiled nmethods'.used    flat1024  thrpt   15     4270.250                 KiB
PrinterBenchmark.serialize:mempool.CodeHeap 'profiled nmethods'.used        flat1024  thrpt   15    10523.375                 KiB
PrinterBenchmark.serialize:mempool.Compressed Class Space.used              flat1024  thrpt   15     4413.422                 KiB
PrinterBenchmark.serialize:mempool.G1 Eden Space.used                       flat1024  thrpt   15   627712.000                 KiB
PrinterBenchmark.serialize:mempool.G1 Old Gen.used                          flat1024  thrpt   15    26380.898                 KiB
PrinterBenchmark.serialize:mempool.G1 Survivor Space.used                   flat1024  thrpt   15     4177.250                 KiB
PrinterBenchmark.serialize:mempool.Metaspace.used                           flat1024  thrpt   15    34064.273                 KiB
PrinterBenchmark.serialize:mempool.total.codeheap.used                      flat1024  thrpt   15    16241.375                 KiB
PrinterBenchmark.serialize:mempool.total.used                               flat1024  thrpt   15   710901.164                 KiB
PrinterBenchmark.serialize                                                 nested128  thrpt   15     1451.562 ±   128.582   ops/s
PrinterBenchmark.serialize:gc.alloc.rate                                   nested128  thrpt   15     1834.121 ±   165.580  MB/sec
PrinterBenchmark.serialize:gc.alloc.rate.norm                              nested128  thrpt   15  1350783.819 ± 22611.969    B/op
PrinterBenchmark.serialize:gc.count                                        nested128  thrpt   15       96.000              counts
PrinterBenchmark.serialize:gc.time                                         nested128  thrpt   15      218.000                  ms
PrinterBenchmark.serialize:mempool.CodeHeap 'non-nmethods'.used            nested128  thrpt   15     1611.500                 KiB
PrinterBenchmark.serialize:mempool.CodeHeap 'non-profiled nmethods'.used   nested128  thrpt   15     3502.250                 KiB
PrinterBenchmark.serialize:mempool.CodeHeap 'profiled nmethods'.used       nested128  thrpt   15    11384.875                 KiB
PrinterBenchmark.serialize:mempool.Compressed Class Space.used             nested128  thrpt   15     4493.758                 KiB
PrinterBenchmark.serialize:mempool.G1 Eden Space.used                      nested128  thrpt   15   627712.000                 KiB
PrinterBenchmark.serialize:mempool.G1 Old Gen.used                         nested128  thrpt   15    23835.969                 KiB
PrinterBenchmark.serialize:mempool.G1 Survivor Space.used                  nested128  thrpt   15     2249.195                 KiB
PrinterBenchmark.serialize:mempool.Metaspace.used                          nested128  thrpt   15    34685.727                 KiB
PrinterBenchmark.serialize:mempool.total.codeheap.used                     nested128  thrpt   15    16466.375                 KiB
PrinterBenchmark.serialize:mempool.total.used                              nested128  thrpt   15   707231.578                 KiB

Benchmark result is saved to W:\JHarmonizer\core\printer-lab\target\measurement-0f6aa72d\baseline-run\throughput-t8.raw.json
