# SPDX-FileCopyrightText: 2026 Anton Lem <antonlem78@gmail.com>
# SPDX-License-Identifier: Apache-2.0
# JMH version: 1.37
# VM version: JDK 21.0.8, OpenJDK 64-Bit Server VM, 21.0.8+9-LTS
# VM invoker: C:\Program Files\Microsoft\jdk-21.0.8.9-hotspot\bin\java.exe
# VM options: -Xms1g -Xmx1g -XX:+UseG1GC -Dfile.encoding=UTF-8 -Duser.language=en -Duser.country=US -Duser.timezone=UTC -Dprinter.lab.corpus=W:\JHarmonizer\core\printer-lab\target\measurement-0f6aa72d\candidate-run\corpus
# Blackhole mode: compiler (auto-detected, use -Djmh.blackhole.autoDetect=false to disable)
# Warmup: 5 iterations, 1 s each
# Measurement: 5 iterations, 2 s each
# Timeout: 10 min per iteration
# Threads: 1 thread, will synchronize iterations
# Benchmark mode: Sampling time
# Benchmark: io.github.lemon_ant.jharmonizer.printerlab.PrinterBenchmark.serialize
# Parameters: (workload = fixtures)

# Run progress: 0.00% complete, ETA 00:03:00
# Fork: 1 of 3
Picked up JAVA_TOOL_OPTIONS: -Dfile.encoding=UTF-8
# Warmup Iteration   1: 1351.413 ±(99.9%) 134.756 us/op
# Warmup Iteration   2: 693.282 ±(99.9%) 35.694 us/op
# Warmup Iteration   3: 597.823 ±(99.9%) 26.671 us/op
# Warmup Iteration   4: 266.383 ±(99.9%) 12.123 us/op
# Warmup Iteration   5: 209.914 ±(99.9%) 9.698 us/op
Iteration   1: 191.628 ±(99.9%) 4.680 us/op
                 gc.alloc.rate:                                 868.207 MB/sec
                 gc.alloc.rate.norm:                            175610.506 B/op
                 gc.count:                                      3.000 counts
                 gc.time:                                       18.000 ms
                 mempool.CodeHeap 'non-nmethods'.used:          1631.625 KiB
                 mempool.CodeHeap 'non-profiled nmethods'.used: 2763.375 KiB
                 mempool.CodeHeap 'profiled nmethods'.used:     8927.625 KiB
                 mempool.Compressed Class Space.used:           3527.195 KiB
                 mempool.G1 Eden Space.used:                    621568.000 KiB
                 mempool.G1 Old Gen.used:                       8658.031 KiB
                 mempool.G1 Survivor Space.used:                7168.000 KiB
                 mempool.Metaspace.used:                        31650.055 KiB
                 mempool.total.codeheap.used:                   13322.625 KiB
                 mempool.total.used:                            685893.906 KiB
                 p0.00:                                         121.088 us/op
                 p0.50:                                         150.784 us/op
                 p0.90:                                         302.592 us/op
                 p0.95:                                         369.562 us/op
                 p0.99:                                         558.879 us/op
                 p0.999:                                        1106.297 us/op
                 p0.9999:                                       6772.018 us/op
                 p1.00:                                         6774.784 us/op

Iteration   2: 194.474 ±(99.9%) 5.218 us/op
                 gc.alloc.rate:                                 856.174 MB/sec
                 gc.alloc.rate.norm:                            175615.515 B/op
                 gc.count:                                      3.000 counts
                 gc.time:                                       21.000 ms
                 mempool.CodeHeap 'non-nmethods'.used:          1583.625 KiB
                 mempool.CodeHeap 'non-profiled nmethods'.used: 2771.750 KiB
                 mempool.CodeHeap 'profiled nmethods'.used:     8971.875 KiB
                 mempool.Compressed Class Space.used:           3528.258 KiB
                 mempool.G1 Eden Space.used:                    621568.000 KiB
                 mempool.G1 Old Gen.used:                       8658.031 KiB
                 mempool.G1 Survivor Space.used:                7483.656 KiB
                 mempool.Metaspace.used:                        31660.703 KiB
                 mempool.total.codeheap.used:                   13327.250 KiB
                 mempool.total.used:                            686225.898 KiB
                 p0.00:                                         121.344 us/op
                 p0.50:                                         156.160 us/op
                 p0.90:                                         306.688 us/op
                 p0.95:                                         376.832 us/op
                 p0.99:                                         551.270 us/op
                 p0.999:                                        936.417 us/op
                 p0.9999:                                       9563.021 us/op
                 p1.00:                                         9633.792 us/op

Iteration   3: 190.219 ±(99.9%) 4.320 us/op
                 gc.alloc.rate:                                 877.078 MB/sec
                 gc.alloc.rate.norm:                            175609.840 B/op
                 gc.count:                                      2.000 counts
                 gc.time:                                       14.000 ms
                 mempool.CodeHeap 'non-nmethods'.used:          1581.000 KiB
                 mempool.CodeHeap 'non-profiled nmethods'.used: 2774.750 KiB
                 mempool.CodeHeap 'profiled nmethods'.used:     8980.000 KiB
                 mempool.Compressed Class Space.used:           3528.258 KiB
                 mempool.G1 Eden Space.used:                    620544.000 KiB
                 mempool.G1 Old Gen.used:                       8658.031 KiB
                 mempool.G1 Survivor Space.used:                7483.656 KiB
                 mempool.Metaspace.used:                        31660.703 KiB
                 mempool.total.codeheap.used:                   13335.750 KiB
                 mempool.total.used:                            685210.398 KiB
                 p0.00:                                         120.960 us/op
                 p0.50:                                         153.344 us/op
                 p0.90:                                         299.008 us/op
                 p0.95:                                         370.278 us/op
                 p0.99:                                         552.591 us/op
                 p0.999:                                        960.430 us/op
                 p0.9999:                                       7929.378 us/op
                 p1.00:                                         8003.584 us/op

Iteration   4: 268.223 ±(99.9%) 10.146 us/op
                 gc.alloc.rate:                                 621.701 MB/sec
                 gc.alloc.rate.norm:                            175625.954 B/op
                 gc.count:                                      3.000 counts
                 gc.time:                                       24.000 ms
                 mempool.CodeHeap 'non-nmethods'.used:          1587.625 KiB
                 mempool.CodeHeap 'non-profiled nmethods'.used: 2791.750 KiB
                 mempool.CodeHeap 'profiled nmethods'.used:     8993.625 KiB
                 mempool.Compressed Class Space.used:           3528.258 KiB
                 mempool.G1 Eden Space.used:                    622592.000 KiB
                 mempool.G1 Old Gen.used:                       13849.789 KiB
                 mempool.G1 Survivor Space.used:                7514.461 KiB
                 mempool.Metaspace.used:                        31663.609 KiB
                 mempool.total.codeheap.used:                   13373.000 KiB
                 mempool.total.used:                            692521.117 KiB
                 p0.00:                                         124.672 us/op
                 p0.50:                                         195.072 us/op
                 p0.90:                                         446.976 us/op
                 p0.95:                                         542.720 us/op
                 p0.99:                                         1002.844 us/op
                 p0.999:                                        3159.966 us/op
                 p0.9999:                                       10633.216 us/op
                 p1.00:                                         10633.216 us/op

Iteration   5: 196.960 ±(99.9%) 3.772 us/op
                 gc.alloc.rate:                                 835.290 MB/sec
                 gc.alloc.rate.norm:                            175945.577 B/op
                 gc.count:                                      2.000 counts
                 gc.time:                                       6.000 ms
                 mempool.CodeHeap 'non-nmethods'.used:          1585.750 KiB
                 mempool.CodeHeap 'non-profiled nmethods'.used: 2812.625 KiB
                 mempool.CodeHeap 'profiled nmethods'.used:     9096.625 KiB
                 mempool.Compressed Class Space.used:           3528.258 KiB
                 mempool.G1 Eden Space.used:                    626688.000 KiB
                 mempool.G1 Old Gen.used:                       15465.336 KiB
                 mempool.G1 Survivor Space.used:                2445.102 KiB
                 mempool.Metaspace.used:                        31687.594 KiB
                 mempool.total.codeheap.used:                   13495.000 KiB
                 mempool.total.used:                            693309.289 KiB
                 p0.00:                                         122.112 us/op
                 p0.50:                                         152.064 us/op
                 p0.90:                                         320.000 us/op
                 p0.95:                                         388.403 us/op
                 p0.99:                                         601.088 us/op
                 p0.999:                                        1298.678 us/op
                 p0.9999:                                       3607.391 us/op
                 p1.00:                                         3616.768 us/op


# Run progress: 8.33% complete, ETA 00:04:20
# Fork: 2 of 3
Picked up JAVA_TOOL_OPTIONS: -Dfile.encoding=UTF-8
# Warmup Iteration   1: 1580.757 ±(99.9%) 151.058 us/op
# Warmup Iteration   2: 1112.373 ±(99.9%) 81.643 us/op
# Warmup Iteration   3: 624.306 ±(99.9%) 36.677 us/op
# Warmup Iteration   4: 340.159 ±(99.9%) 29.118 us/op
# Warmup Iteration   5: 602.910 ±(99.9%) 77.842 us/op
Iteration   1: 566.571 ±(99.9%) 98.797 us/op
                 gc.alloc.rate:                                 290.343 MB/sec
                 gc.alloc.rate.norm:                            175943.767 B/op
                 gc.count:                                      1.000 counts
                 gc.time:                                       15.000 ms
                 mempool.CodeHeap 'non-nmethods'.used:          1632.375 KiB
                 mempool.CodeHeap 'non-profiled nmethods'.used: 2749.000 KiB
                 mempool.CodeHeap 'profiled nmethods'.used:     8758.125 KiB
                 mempool.Compressed Class Space.used:           3527.250 KiB
                 mempool.G1 Eden Space.used:                    621568.000 KiB
                 mempool.G1 Old Gen.used:                       9028.438 KiB
                 mempool.G1 Survivor Space.used:                7168.000 KiB
                 mempool.Metaspace.used:                        31635.625 KiB
                 mempool.total.codeheap.used:                   13139.500 KiB
                 mempool.total.used:                            686066.813 KiB
                 p0.00:                                         147.200 us/op
                 p0.50:                                         385.024 us/op
                 p0.90:                                         764.928 us/op
                 p0.95:                                         1338.368 us/op
                 p0.99:                                         3494.707 us/op
                 p0.999:                                        22448.701 us/op
                 p0.9999:                                       91226.112 us/op
                 p1.00:                                         91226.112 us/op

Iteration   2: 218.777 ±(99.9%) 5.395 us/op
                 gc.alloc.rate:                                 760.061 MB/sec
                 gc.alloc.rate.norm:                            175878.718 B/op
                 gc.count:                                      2.000 counts
                 gc.time:                                       11.000 ms
                 mempool.CodeHeap 'non-nmethods'.used:          1594.750 KiB
                 mempool.CodeHeap 'non-profiled nmethods'.used: 2766.625 KiB
                 mempool.CodeHeap 'profiled nmethods'.used:     8784.000 KiB
                 mempool.Compressed Class Space.used:           3528.313 KiB
                 mempool.G1 Eden Space.used:                    621568.000 KiB
                 mempool.G1 Old Gen.used:                       9028.438 KiB
                 mempool.G1 Survivor Space.used:                7168.000 KiB
                 mempool.Metaspace.used:                        31644.594 KiB
                 mempool.total.codeheap.used:                   13145.375 KiB
                 mempool.total.used:                            686082.719 KiB
                 p0.00:                                         128.128 us/op
                 p0.50:                                         158.976 us/op
                 p0.90:                                         378.368 us/op
                 p0.95:                                         455.680 us/op
                 p0.99:                                         673.833 us/op
                 p0.999:                                        1116.832 us/op
                 p0.9999:                                       6242.304 us/op
                 p1.00:                                         6242.304 us/op

Iteration   3: 202.588 ±(99.9%) 5.864 us/op
                 gc.alloc.rate:                                 822.874 MB/sec
                 gc.alloc.rate.norm:                            175876.248 B/op
                 gc.count:                                      3.000 counts
                 gc.time:                                       19.000 ms
                 mempool.CodeHeap 'non-nmethods'.used:          1584.000 KiB
                 mempool.CodeHeap 'non-profiled nmethods'.used: 2770.750 KiB
                 mempool.CodeHeap 'profiled nmethods'.used:     8788.750 KiB
                 mempool.Compressed Class Space.used:           3528.313 KiB
                 mempool.G1 Eden Space.used:                    621568.000 KiB
                 mempool.G1 Old Gen.used:                       9028.438 KiB
                 mempool.G1 Survivor Space.used:                7647.484 KiB
                 mempool.Metaspace.used:                        31646.023 KiB
                 mempool.total.codeheap.used:                   13143.500 KiB
                 mempool.total.used:                            686561.758 KiB
                 p0.00:                                         122.112 us/op
                 p0.50:                                         156.672 us/op
                 p0.90:                                         336.742 us/op
                 p0.95:                                         410.624 us/op
                 p0.99:                                         620.739 us/op
                 p0.999:                                        1149.512 us/op
                 p0.9999:                                       8011.776 us/op
                 p1.00:                                         8011.776 us/op

Iteration   4: 239.755 ±(99.9%) 8.813 us/op
                 gc.alloc.rate:                                 696.922 MB/sec
                 gc.alloc.rate.norm:                            175885.201 B/op
                 gc.count:                                      2.000 counts
                 gc.time:                                       13.000 ms
                 mempool.CodeHeap 'non-nmethods'.used:          1582.750 KiB
                 mempool.CodeHeap 'non-profiled nmethods'.used: 2774.750 KiB
                 mempool.CodeHeap 'profiled nmethods'.used:     8810.875 KiB
                 mempool.Compressed Class Space.used:           3528.313 KiB
                 mempool.G1 Eden Space.used:                    621568.000 KiB
                 mempool.G1 Old Gen.used:                       9028.438 KiB
                 mempool.G1 Survivor Space.used:                7660.773 KiB
                 mempool.Metaspace.used:                        31651.117 KiB
                 mempool.total.codeheap.used:                   13168.375 KiB
                 mempool.total.used:                            686605.016 KiB
                 p0.00:                                         123.904 us/op
                 p0.50:                                         171.264 us/op
                 p0.90:                                         396.800 us/op
                 p0.95:                                         473.472 us/op
                 p0.99:                                         843.162 us/op
                 p0.999:                                        2826.568 us/op
                 p0.9999:                                       9437.184 us/op
                 p1.00:                                         9437.184 us/op

Iteration   5: 225.897 ±(99.9%) 6.729 us/op
                 gc.alloc.rate:                                 729.564 MB/sec
                 gc.alloc.rate.norm:                            176267.071 B/op
                 gc.count:                                      3.000 counts
                 gc.time:                                       19.000 ms
                 mempool.CodeHeap 'non-nmethods'.used:          1583.750 KiB
                 mempool.CodeHeap 'non-profiled nmethods'.used: 2785.875 KiB
                 mempool.CodeHeap 'profiled nmethods'.used:     8924.125 KiB
                 mempool.Compressed Class Space.used:           3528.313 KiB
                 mempool.G1 Eden Space.used:                    620544.000 KiB
                 mempool.G1 Old Gen.used:                       10862.695 KiB
                 mempool.G1 Survivor Space.used:                7714.906 KiB
                 mempool.Metaspace.used:                        31668.172 KiB
                 mempool.total.codeheap.used:                   13293.750 KiB
                 mempool.total.used:                            687611.836 KiB
                 p0.00:                                         130.176 us/op
                 p0.50:                                         162.048 us/op
                 p0.90:                                         380.928 us/op
                 p0.95:                                         458.368 us/op
                 p0.99:                                         749.056 us/op
                 p0.999:                                        2393.088 us/op
                 p0.9999:                                       7184.384 us/op
                 p1.00:                                         7184.384 us/op


# Run progress: 16.67% complete, ETA 00:03:51
# Fork: 3 of 3
Picked up JAVA_TOOL_OPTIONS: -Dfile.encoding=UTF-8
# Warmup Iteration   1: 1313.728 ±(99.9%) 133.449 us/op
# Warmup Iteration   2: 735.310 ±(99.9%) 39.050 us/op
# Warmup Iteration   3: 565.080 ±(99.9%) 25.046 us/op
# Warmup Iteration   4: 198.598 ±(99.9%) 8.890 us/op
# Warmup Iteration   5: 248.424 ±(99.9%) 8.844 us/op
Iteration   1: 342.274 ±(99.9%) 11.248 us/op
                 gc.alloc.rate:                                 484.521 MB/sec
                 gc.alloc.rate.norm:                            175632.491 B/op
                 gc.count:                                      2.000 counts
                 gc.time:                                       16.000 ms
                 mempool.CodeHeap 'non-nmethods'.used:          1633.125 KiB
                 mempool.CodeHeap 'non-profiled nmethods'.used: 2730.000 KiB
                 mempool.CodeHeap 'profiled nmethods'.used:     8877.750 KiB
                 mempool.Compressed Class Space.used:           3526.359 KiB
                 mempool.G1 Eden Space.used:                    621568.000 KiB
                 mempool.G1 Old Gen.used:                       8947.031 KiB
                 mempool.G1 Survivor Space.used:                7168.000 KiB
                 mempool.Metaspace.used:                        31645.578 KiB
                 mempool.total.codeheap.used:                   13240.875 KiB
                 mempool.total.used:                            686095.844 KiB
                 p0.00:                                         142.080 us/op
                 p0.50:                                         301.824 us/op
                 p0.90:                                         524.288 us/op
                 p0.95:                                         634.880 us/op
                 p0.99:                                         1005.251 us/op
                 p0.999:                                        2501.329 us/op
                 p0.9999:                                       10190.848 us/op
                 p1.00:                                         10190.848 us/op

Iteration   2: 214.140 ±(99.9%) 5.339 us/op
                 gc.alloc.rate:                                 777.006 MB/sec
                 gc.alloc.rate.norm:                            175613.779 B/op
                 gc.count:                                      2.000 counts
                 gc.time:                                       12.000 ms
                 mempool.CodeHeap 'non-nmethods'.used:          1585.750 KiB
                 mempool.CodeHeap 'non-profiled nmethods'.used: 2737.750 KiB
                 mempool.CodeHeap 'profiled nmethods'.used:     8903.625 KiB
                 mempool.Compressed Class Space.used:           3527.422 KiB
                 mempool.G1 Eden Space.used:                    621568.000 KiB
                 mempool.G1 Old Gen.used:                       8947.031 KiB
                 mempool.G1 Survivor Space.used:                7680.172 KiB
                 mempool.Metaspace.used:                        31654.797 KiB
                 mempool.total.codeheap.used:                   13227.125 KiB
                 mempool.total.used:                            686604.547 KiB
                 p0.00:                                         128.000 us/op
                 p0.50:                                         161.792 us/op
                 p0.90:                                         357.376 us/op
                 p0.95:                                         426.496 us/op
                 p0.99:                                         614.400 us/op
                 p0.999:                                        1636.491 us/op
                 p0.9999:                                       7086.080 us/op
                 p1.00:                                         7086.080 us/op

Iteration   3: 273.717 ±(99.9%) 8.353 us/op
                 gc.alloc.rate:                                 608.596 MB/sec
                 gc.alloc.rate.norm:                            175677.599 B/op
                 gc.count:                                      2.000 counts
                 gc.time:                                       13.000 ms
                 mempool.CodeHeap 'non-nmethods'.used:          1583.000 KiB
                 mempool.CodeHeap 'non-profiled nmethods'.used: 2740.375 KiB
                 mempool.CodeHeap 'profiled nmethods'.used:     8930.000 KiB
                 mempool.Compressed Class Space.used:           3527.422 KiB
                 mempool.G1 Eden Space.used:                    621568.000 KiB
                 mempool.G1 Old Gen.used:                       8947.031 KiB
                 mempool.G1 Survivor Space.used:                7480.359 KiB
                 mempool.Metaspace.used:                        31656.695 KiB
                 mempool.total.codeheap.used:                   13253.375 KiB
                 mempool.total.used:                            686432.883 KiB
                 p0.00:                                         138.496 us/op
                 p0.50:                                         211.968 us/op
                 p0.90:                                         443.904 us/op
                 p0.95:                                         513.920 us/op
                 p0.99:                                         926.720 us/op
                 p0.999:                                        2180.506 us/op
                 p0.9999:                                       7569.408 us/op
                 p1.00:                                         7569.408 us/op

Iteration   4: 365.448 ±(99.9%) 19.111 us/op
                 gc.alloc.rate:                                 456.618 MB/sec
                 gc.alloc.rate.norm:                            175716.568 B/op
                 gc.count:                                      2.000 counts
                 gc.time:                                       14.000 ms
                 mempool.CodeHeap 'non-nmethods'.used:          1589.750 KiB
                 mempool.CodeHeap 'non-profiled nmethods'.used: 2750.625 KiB
                 mempool.CodeHeap 'profiled nmethods'.used:     8944.125 KiB
                 mempool.Compressed Class Space.used:           3527.422 KiB
                 mempool.G1 Eden Space.used:                    621568.000 KiB
                 mempool.G1 Old Gen.used:                       8947.031 KiB
                 mempool.G1 Survivor Space.used:                7656.672 KiB
                 mempool.Metaspace.used:                        31658.336 KiB
                 mempool.total.codeheap.used:                   13284.500 KiB
                 mempool.total.used:                            686641.961 KiB
                 p0.00:                                         143.872 us/op
                 p0.50:                                         299.520 us/op
                 p0.90:                                         562.483 us/op
                 p0.95:                                         715.776 us/op
                 p0.99:                                         1498.501 us/op
                 p0.999:                                        6488.375 us/op
                 p0.9999:                                       16318.464 us/op
                 p1.00:                                         16318.464 us/op

Iteration   5: 333.885 ±(99.9%) 11.758 us/op
                 gc.alloc.rate:                                 490.151 MB/sec
                 gc.alloc.rate.norm:                            176199.407 B/op
                 gc.count:                                      1.000 counts
                 gc.time:                                       8.000 ms
                 mempool.CodeHeap 'non-nmethods'.used:          1584.750 KiB
                 mempool.CodeHeap 'non-profiled nmethods'.used: 2764.000 KiB
                 mempool.CodeHeap 'profiled nmethods'.used:     9065.750 KiB
                 mempool.Compressed Class Space.used:           3527.422 KiB
                 mempool.G1 Eden Space.used:                    620544.000 KiB
                 mempool.G1 Old Gen.used:                       8947.031 KiB
                 mempool.G1 Survivor Space.used:                7655.430 KiB
                 mempool.Metaspace.used:                        31684.641 KiB
                 mempool.total.codeheap.used:                   13414.500 KiB
                 mempool.total.used:                            685773.023 KiB
                 p0.00:                                         141.312 us/op
                 p0.50:                                         269.312 us/op
                 p0.90:                                         541.696 us/op
                 p0.95:                                         690.842 us/op
                 p0.99:                                         1357.107 us/op
                 p0.999:                                        3104.510 us/op
                 p0.9999:                                       9207.808 us/op
                 p1.00:                                         9207.808 us/op



Result "io.github.lemon_ant.jharmonizer.printerlab.PrinterBenchmark.serialize":
  N = 122605
  mean =    244.828 ±(99.9%) 3.505 us/op

  Histogram, us/op:
    [     0.000,  10000.000) = 122596 
    [ 10000.000,  20000.000) = 6 
    [ 20000.000,  30000.000) = 2 
    [ 30000.000,  40000.000) = 0 
    [ 40000.000,  50000.000) = 0 
    [ 50000.000,  60000.000) = 0 
    [ 60000.000,  70000.000) = 0 
    [ 70000.000,  80000.000) = 0 
    [ 80000.000,  90000.000) = 0 

  Percentiles, us/op:
      p(0.0000) =    120.960 us/op
     p(50.0000) =    173.056 us/op
     p(90.0000) =    415.744 us/op
     p(95.0000) =    501.760 us/op
     p(99.0000) =    860.160 us/op
     p(99.9000) =   2976.055 us/op
     p(99.9900) =   9377.409 us/op
     p(99.9990) =  76381.414 us/op
     p(99.9999) =  91226.112 us/op
    p(100.0000) =  91226.112 us/op

Secondary result "io.github.lemon_ant.jharmonizer.printerlab.PrinterBenchmark.serialize:gc.alloc.rate":
  678.340 ±(99.9%) 192.268 MB/sec [Average]
  (min, avg, max) = (290.343, 678.340, 877.078), stdev = 179.848
  CI (99.9%): [486.072, 870.608] (assumes normal distribution)

Secondary result "io.github.lemon_ant.jharmonizer.printerlab.PrinterBenchmark.serialize:gc.alloc.rate.norm":
  175806.549 ±(99.9%) 231.986 B/op [Average]
  (min, avg, max) = (175609.840, 175806.549, 176267.071), stdev = 217.000
  CI (99.9%): [175574.564, 176038.535] (assumes normal distribution)

Secondary result "io.github.lemon_ant.jharmonizer.printerlab.PrinterBenchmark.serialize:gc.count":
  33.000 ±(99.9%) 0.001 counts [Sum]
  (min, avg, max) = (1.000, 2.200, 3.000), stdev = 0.676
  CI (99.9%): [33.000, 33.000] (assumes normal distribution)

Secondary result "io.github.lemon_ant.jharmonizer.printerlab.PrinterBenchmark.serialize:gc.time":
  223.000 ±(99.9%) 0.001 ms [Sum]
  (min, avg, max) = (6.000, 14.867, 24.000), stdev = 4.809
  CI (99.9%): [223.000, 223.000] (assumes normal distribution)

Secondary result "io.github.lemon_ant.jharmonizer.printerlab.PrinterBenchmark.serialize:mempool.CodeHeap 'non-nmethods'.used":
  1633.125 ±(99.9%) 0.001 KiB [Maximum]
  (min, avg, max) = (1581.000, 1594.908, 1633.125), stdev = 19.670
  CI (99.9%): [1633.125, 1633.125] (assumes normal distribution)

Secondary result "io.github.lemon_ant.jharmonizer.printerlab.PrinterBenchmark.serialize:mempool.CodeHeap 'non-profiled nmethods'.used":
  2812.625 ±(99.9%) 0.001 KiB [Maximum]
  (min, avg, max) = (2730.000, 2765.600, 2812.625), stdev = 21.918
  CI (99.9%): [2812.625, 2812.625] (assumes normal distribution)

Secondary result "io.github.lemon_ant.jharmonizer.printerlab.PrinterBenchmark.serialize:mempool.CodeHeap 'profiled nmethods'.used":
  9096.625 ±(99.9%) 0.001 KiB [Maximum]
  (min, avg, max) = (8758.125, 8917.125, 9096.625), stdev = 100.240
  CI (99.9%): [9096.625, 9096.625] (assumes normal distribution)

Secondary result "io.github.lemon_ant.jharmonizer.printerlab.PrinterBenchmark.serialize:mempool.Compressed Class Space.used":
  3528.313 ±(99.9%) 0.001 KiB [Maximum]
  (min, avg, max) = (3526.359, 3527.785, 3528.313), stdev = 0.610
  CI (99.9%): [3528.313, 3528.313] (assumes normal distribution)

Secondary result "io.github.lemon_ant.jharmonizer.printerlab.PrinterBenchmark.serialize:mempool.G1 Eden Space.used":
  626688.000 ±(99.9%) 0.001 KiB [Maximum]
  (min, avg, max) = (620544.000, 621772.800, 626688.000), stdev = 1458.462
  CI (99.9%): [626688.000, 626688.000] (assumes normal distribution)

Secondary result "io.github.lemon_ant.jharmonizer.printerlab.PrinterBenchmark.serialize:mempool.G1 Old Gen.used":
  15465.336 ±(99.9%) 0.001 KiB [Maximum]
  (min, avg, max) = (8658.031, 9800.055, 15465.336), stdev = 2062.548
  CI (99.9%): [15465.336, 15465.336] (assumes normal distribution)

Secondary result "io.github.lemon_ant.jharmonizer.printerlab.PrinterBenchmark.serialize:mempool.G1 Survivor Space.used":
  7714.906 ±(99.9%) 0.001 KiB [Maximum]
  (min, avg, max) = (2445.102, 7139.645, 7714.906), stdev = 1315.325
  CI (99.9%): [7714.906, 7714.906] (assumes normal distribution)

Secondary result "io.github.lemon_ant.jharmonizer.printerlab.PrinterBenchmark.serialize:mempool.Metaspace.used":
  31687.594 ±(99.9%) 0.001 KiB [Maximum]
  (min, avg, max) = (31635.625, 31657.883, 31687.594), stdev = 14.232
  CI (99.9%): [31687.594, 31687.594] (assumes normal distribution)

Secondary result "io.github.lemon_ant.jharmonizer.printerlab.PrinterBenchmark.serialize:mempool.total.codeheap.used":
  13495.000 ±(99.9%) 0.001 KiB [Maximum]
  (min, avg, max) = (13139.500, 13277.633, 13495.000), stdev = 104.962
  CI (99.9%): [13495.000, 13495.000] (assumes normal distribution)

Secondary result "io.github.lemon_ant.jharmonizer.printerlab.PrinterBenchmark.serialize:mempool.total.used":
  693309.289 ±(99.9%) 0.001 KiB [Maximum]
  (min, avg, max) = (685210.398, 687175.801, 693309.289), stdev = 2393.674
  CI (99.9%): [693309.289, 693309.289] (assumes normal distribution)


# JMH version: 1.37
# VM version: JDK 21.0.8, OpenJDK 64-Bit Server VM, 21.0.8+9-LTS
# VM invoker: C:\Program Files\Microsoft\jdk-21.0.8.9-hotspot\bin\java.exe
# VM options: -Xms1g -Xmx1g -XX:+UseG1GC -Dfile.encoding=UTF-8 -Duser.language=en -Duser.country=US -Duser.timezone=UTC -Dprinter.lab.corpus=W:\JHarmonizer\core\printer-lab\target\measurement-0f6aa72d\candidate-run\corpus
# Blackhole mode: compiler (auto-detected, use -Djmh.blackhole.autoDetect=false to disable)
# Warmup: 5 iterations, 1 s each
# Measurement: 5 iterations, 2 s each
# Timeout: 10 min per iteration
# Threads: 1 thread, will synchronize iterations
# Benchmark mode: Sampling time
# Benchmark: io.github.lemon_ant.jharmonizer.printerlab.PrinterBenchmark.serialize
# Parameters: (workload = flat128)

# Run progress: 25.00% complete, ETA 00:03:28
# Fork: 1 of 3
Picked up JAVA_TOOL_OPTIONS: -Dfile.encoding=UTF-8
# Warmup Iteration   1: 1293.893 ±(99.9%) 302.176 us/op
# Warmup Iteration   2: 267.517 ±(99.9%) 46.641 us/op
# Warmup Iteration   3: 265.375 ±(99.9%) 38.860 us/op
# Warmup Iteration   4: 444.464 ±(99.9%) 109.116 us/op
# Warmup Iteration   5: 374.946 ±(99.9%) 187.762 us/op
Iteration   1: 380.631 ±(99.9%) 109.028 us/op
                 gc.alloc.rate:                                 284.750 MB/sec
                 gc.alloc.rate.norm:                            116532.575 B/op
                 gc.count:                                      1.000 counts
                 gc.time:                                       6.000 ms
                 mempool.CodeHeap 'non-nmethods'.used:          1607.375 KiB
                 mempool.CodeHeap 'non-profiled nmethods'.used: 2112.250 KiB
                 mempool.CodeHeap 'profiled nmethods'.used:     7123.250 KiB
                 mempool.Compressed Class Space.used:           3140.703 KiB
                 mempool.G1 Eden Space.used:                    622592.000 KiB
                 mempool.G1 Old Gen.used:                       9159.305 KiB
                 mempool.G1 Survivor Space.used:                6273.625 KiB
                 mempool.Metaspace.used:                        29286.883 KiB
                 mempool.total.codeheap.used:                   10842.875 KiB
                 mempool.total.used:                            681295.391 KiB
                 p0.00:                                         76.672 us/op
                 p0.50:                                         192.640 us/op
                 p0.90:                                         398.848 us/op
                 p0.95:                                         668.621 us/op
                 p0.99:                                         2709.750 us/op
                 p0.999:                                        34539.274 us/op
                 p0.9999:                                       132775.936 us/op
                 p1.00:                                         132775.936 us/op

Iteration   2: 270.677 ±(99.9%) 38.904 us/op
                 gc.alloc.rate:                                 406.501 MB/sec
                 gc.alloc.rate.norm:                            116507.761 B/op
                 gc.count:                                      1.000 counts
                 gc.time:                                       7.000 ms
                 mempool.CodeHeap 'non-nmethods'.used:          1565.875 KiB
                 mempool.CodeHeap 'non-profiled nmethods'.used: 2116.250 KiB
                 mempool.CodeHeap 'profiled nmethods'.used:     7150.125 KiB
                 mempool.Compressed Class Space.used:           3141.242 KiB
                 mempool.G1 Eden Space.used:                    621568.000 KiB
                 mempool.G1 Old Gen.used:                       9159.305 KiB
                 mempool.G1 Survivor Space.used:                6542.203 KiB
                 mempool.Metaspace.used:                        29302.453 KiB
                 mempool.total.codeheap.used:                   10832.250 KiB
                 mempool.total.used:                            680545.453 KiB
                 p0.00:                                         73.984 us/op
                 p0.50:                                         182.272 us/op
                 p0.90:                                         333.824 us/op
                 p0.95:                                         466.432 us/op
                 p0.99:                                         1774.797 us/op
                 p0.999:                                        16771.318 us/op
                 p0.9999:                                       42139.648 us/op
                 p1.00:                                         42139.648 us/op

Iteration   3: 138.929 ±(99.9%) 4.054 us/op
                 gc.alloc.rate:                                 793.940 MB/sec
                 gc.alloc.rate.norm:                            116425.472 B/op
                 gc.count:                                      3.000 counts
                 gc.time:                                       17.000 ms
                 mempool.CodeHeap 'non-nmethods'.used:          1571.875 KiB
                 mempool.CodeHeap 'non-profiled nmethods'.used: 2127.375 KiB
                 mempool.CodeHeap 'profiled nmethods'.used:     7183.625 KiB
                 mempool.Compressed Class Space.used:           3141.242 KiB
                 mempool.G1 Eden Space.used:                    621568.000 KiB
                 mempool.G1 Old Gen.used:                       9159.305 KiB
                 mempool.G1 Survivor Space.used:                6891.633 KiB
                 mempool.Metaspace.used:                        29304.484 KiB
                 mempool.total.codeheap.used:                   10882.875 KiB
                 mempool.total.used:                            680947.539 KiB
                 p0.00:                                         66.944 us/op
                 p0.50:                                         114.816 us/op
                 p0.90:                                         213.760 us/op
                 p0.95:                                         256.358 us/op
                 p0.99:                                         517.673 us/op
                 p0.999:                                        1949.016 us/op
                 p0.9999:                                       6187.182 us/op
                 p1.00:                                         6307.840 us/op

Iteration   4: 207.634 ±(99.9%) 14.884 us/op
                 gc.alloc.rate:                                 532.025 MB/sec
                 gc.alloc.rate.norm:                            116412.693 B/op
                 gc.count:                                      1.000 counts
                 gc.time:                                       6.000 ms
                 mempool.CodeHeap 'non-nmethods'.used:          1550.625 KiB
                 mempool.CodeHeap 'non-profiled nmethods'.used: 2128.125 KiB
                 mempool.CodeHeap 'profiled nmethods'.used:     7200.375 KiB
                 mempool.Compressed Class Space.used:           3141.242 KiB
                 mempool.G1 Eden Space.used:                    622592.000 KiB
                 mempool.G1 Old Gen.used:                       9159.305 KiB
                 mempool.G1 Survivor Space.used:                6568.523 KiB
                 mempool.Metaspace.used:                        29306.531 KiB
                 mempool.total.codeheap.used:                   10879.125 KiB
                 mempool.total.used:                            681646.727 KiB
                 p0.00:                                         67.968 us/op
                 p0.50:                                         149.760 us/op
                 p0.90:                                         293.376 us/op
                 p0.95:                                         407.040 us/op
                 p0.99:                                         1534.792 us/op
                 p0.999:                                        5923.422 us/op
                 p0.9999:                                       17989.632 us/op
                 p1.00:                                         17989.632 us/op

Iteration   5: 242.877 ±(99.9%) 40.824 us/op
                 gc.alloc.rate:                                 448.149 MB/sec
                 gc.alloc.rate.norm:                            116603.496 B/op
                 gc.count:                                      2.000 counts
                 gc.time:                                       16.000 ms
                 mempool.CodeHeap 'non-nmethods'.used:          1570.125 KiB
                 mempool.CodeHeap 'non-profiled nmethods'.used: 2151.875 KiB
                 mempool.CodeHeap 'profiled nmethods'.used:     7229.375 KiB
                 mempool.Compressed Class Space.used:           3141.242 KiB
                 mempool.G1 Eden Space.used:                    621568.000 KiB
                 mempool.G1 Old Gen.used:                       9159.305 KiB
                 mempool.G1 Survivor Space.used:                6736.969 KiB
                 mempool.Metaspace.used:                        29315.992 KiB
                 mempool.total.codeheap.used:                   10951.375 KiB
                 mempool.total.used:                            680872.883 KiB
                 p0.00:                                         68.736 us/op
                 p0.50:                                         173.824 us/op
                 p0.90:                                         324.608 us/op
                 p0.95:                                         471.936 us/op
                 p0.99:                                         1581.056 us/op
                 p0.999:                                        5195.407 us/op
                 p0.9999:                                       96337.920 us/op
                 p1.00:                                         96337.920 us/op


# Run progress: 33.33% complete, ETA 00:03:02
# Fork: 2 of 3
Picked up JAVA_TOOL_OPTIONS: -Dfile.encoding=UTF-8
# Warmup Iteration   1: 582.323 ±(99.9%) 82.476 us/op
# Warmup Iteration   2: 200.957 ±(99.9%) 8.021 us/op
# Warmup Iteration   3: 142.198 ±(99.9%) 4.934 us/op
# Warmup Iteration   4: 93.405 ±(99.9%) 3.407 us/op
# Warmup Iteration   5: 93.942 ±(99.9%) 2.678 us/op
Iteration   1: 99.516 ±(99.9%) 5.580 us/op
                 gc.alloc.rate:                                 1109.999 MB/sec
                 gc.alloc.rate.norm:                            116390.600 B/op
                 gc.count:                                      3.000 counts
                 gc.time:                                       16.000 ms
                 mempool.CodeHeap 'non-nmethods'.used:          1569.125 KiB
                 mempool.CodeHeap 'non-profiled nmethods'.used: 2107.375 KiB
                 mempool.CodeHeap 'profiled nmethods'.used:     7048.750 KiB
                 mempool.Compressed Class Space.used:           3142.188 KiB
                 mempool.G1 Eden Space.used:                    622592.000 KiB
                 mempool.G1 Old Gen.used:                       8933.578 KiB
                 mempool.G1 Survivor Space.used:                6275.258 KiB
                 mempool.Metaspace.used:                        29328.625 KiB
                 mempool.total.codeheap.used:                   10725.250 KiB
                 mempool.total.used:                            680996.898 KiB
                 p0.00:                                         60.352 us/op
                 p0.50:                                         78.464 us/op
                 p0.90:                                         152.576 us/op
                 p0.95:                                         185.088 us/op
                 p0.99:                                         273.920 us/op
                 p0.999:                                        468.260 us/op
                 p0.9999:                                       5906.396 us/op
                 p1.00:                                         32309.248 us/op

Iteration   2: 93.379 ±(99.9%) 2.156 us/op
                 gc.alloc.rate:                                 1183.330 MB/sec
                 gc.alloc.rate.norm:                            116357.099 B/op
                 gc.count:                                      4.000 counts
                 gc.time:                                       23.000 ms
                 mempool.CodeHeap 'non-nmethods'.used:          1564.875 KiB
                 mempool.CodeHeap 'non-profiled nmethods'.used: 2113.375 KiB
                 mempool.CodeHeap 'profiled nmethods'.used:     7074.625 KiB
                 mempool.Compressed Class Space.used:           3143.383 KiB
                 mempool.G1 Eden Space.used:                    622592.000 KiB
                 mempool.G1 Old Gen.used:                       10574.578 KiB
                 mempool.G1 Survivor Space.used:                6282.969 KiB
                 mempool.Metaspace.used:                        29337.977 KiB
                 mempool.total.codeheap.used:                   10752.875 KiB
                 mempool.total.used:                            682683.781 KiB
                 p0.00:                                         60.672 us/op
                 p0.50:                                         75.392 us/op
                 p0.90:                                         142.848 us/op
                 p0.95:                                         176.128 us/op
                 p0.99:                                         253.517 us/op
                 p0.999:                                        423.767 us/op
                 p0.9999:                                       6333.194 us/op
                 p1.00:                                         6955.008 us/op

Iteration   3: 97.961 ±(99.9%) 1.536 us/op
                 gc.alloc.rate:                                 1126.627 MB/sec
                 gc.alloc.rate.norm:                            116359.109 B/op
                 gc.count:                                      4.000 counts
                 gc.time:                                       13.000 ms
                 mempool.CodeHeap 'non-nmethods'.used:          1549.625 KiB
                 mempool.CodeHeap 'non-profiled nmethods'.used: 2113.375 KiB
                 mempool.CodeHeap 'profiled nmethods'.used:     7074.625 KiB
                 mempool.Compressed Class Space.used:           3143.383 KiB
                 mempool.G1 Eden Space.used:                    627712.000 KiB
                 mempool.G1 Old Gen.used:                       14830.563 KiB
                 mempool.G1 Survivor Space.used:                4963.703 KiB
                 mempool.Metaspace.used:                        29339.852 KiB
                 mempool.total.codeheap.used:                   10737.625 KiB
                 mempool.total.used:                            690727.125 KiB
                 p0.00:                                         60.800 us/op
                 p0.50:                                         79.872 us/op
                 p0.90:                                         153.856 us/op
                 p0.95:                                         184.832 us/op
                 p0.99:                                         264.914 us/op
                 p0.999:                                        451.861 us/op
                 p0.9999:                                       2968.164 us/op
                 p1.00:                                         5447.680 us/op

Iteration   4: 94.805 ±(99.9%) 1.237 us/op
                 gc.alloc.rate:                                 1164.763 MB/sec
                 gc.alloc.rate.norm:                            116355.907 B/op
                 gc.count:                                      4.000 counts
                 gc.time:                                       9.000 ms
                 mempool.CodeHeap 'non-nmethods'.used:          1549.625 KiB
                 mempool.CodeHeap 'non-profiled nmethods'.used: 2114.125 KiB
                 mempool.CodeHeap 'profiled nmethods'.used:     7087.000 KiB
                 mempool.Compressed Class Space.used:           3143.383 KiB
                 mempool.G1 Eden Space.used:                    627712.000 KiB
                 mempool.G1 Old Gen.used:                       15057.523 KiB
                 mempool.G1 Survivor Space.used:                728.070 KiB
                 mempool.Metaspace.used:                        29343.953 KiB
                 mempool.total.codeheap.used:                   10750.750 KiB
                 mempool.total.used:                            686735.680 KiB
                 p0.00:                                         61.248 us/op
                 p0.50:                                         77.184 us/op
                 p0.90:                                         146.688 us/op
                 p0.95:                                         181.760 us/op
                 p0.99:                                         264.453 us/op
                 p0.999:                                        411.855 us/op
                 p0.9999:                                       2493.523 us/op
                 p1.00:                                         2662.400 us/op

Iteration   5: 268.498 ±(99.9%) 512.156 us/op
                 gc.alloc.rate:                                 410.986 MB/sec
                 gc.alloc.rate.norm:                            116452.209 B/op
                 gc.count:                                      3.000 counts
                 gc.time:                                       7.000 ms
                 mempool.CodeHeap 'non-nmethods'.used:          1564.250 KiB
                 mempool.CodeHeap 'non-profiled nmethods'.used: 2119.125 KiB
                 mempool.CodeHeap 'profiled nmethods'.used:     7134.125 KiB
                 mempool.Compressed Class Space.used:           3143.383 KiB
                 mempool.G1 Eden Space.used:                    627712.000 KiB
                 mempool.G1 Old Gen.used:                       15250.242 KiB
                 mempool.G1 Survivor Space.used:                572.516 KiB
                 mempool.Metaspace.used:                        29354.586 KiB
                 mempool.total.codeheap.used:                   10817.500 KiB
                 mempool.total.used:                            686850.227 KiB
                 p0.00:                                         61.440 us/op
                 p0.50:                                         84.480 us/op
                 p0.90:                                         181.248 us/op
                 p0.95:                                         215.808 us/op
                 p0.99:                                         336.855 us/op
                 p0.999:                                        1547.043 us/op
                 p0.9999:                                       812487.842 us/op
                 p1.00:                                         2638217.216 us/op


# Run progress: 41.67% complete, ETA 00:02:42
# Fork: 3 of 3
Picked up JAVA_TOOL_OPTIONS: -Dfile.encoding=UTF-8
# Warmup Iteration   1: 501.076 ±(99.9%) 33.693 us/op
# Warmup Iteration   2: 144.860 ±(99.9%) 4.595 us/op
# Warmup Iteration   3: 140.468 ±(99.9%) 3.974 us/op
# Warmup Iteration   4: 93.153 ±(99.9%) 2.593 us/op
# Warmup Iteration   5: 87.954 ±(99.9%) 2.724 us/op
Iteration   1: 126.914 ±(99.9%) 4.836 us/op
                 gc.alloc.rate:                                 870.128 MB/sec
                 gc.alloc.rate.norm:                            116365.855 B/op
                 gc.count:                                      3.000 counts
                 gc.time:                                       23.000 ms
                 mempool.CodeHeap 'non-nmethods'.used:          1605.750 KiB
                 mempool.CodeHeap 'non-profiled nmethods'.used: 2159.750 KiB
                 mempool.CodeHeap 'profiled nmethods'.used:     7094.000 KiB
                 mempool.Compressed Class Space.used:           3140.750 KiB
                 mempool.G1 Eden Space.used:                    622592.000 KiB
                 mempool.G1 Old Gen.used:                       8669.188 KiB
                 mempool.G1 Survivor Space.used:                6550.313 KiB
                 mempool.Metaspace.used:                        29296.336 KiB
                 mempool.total.codeheap.used:                   10859.500 KiB
                 mempool.total.used:                            681108.086 KiB
                 p0.00:                                         62.464 us/op
                 p0.50:                                         108.288 us/op
                 p0.90:                                         194.048 us/op
                 p0.95:                                         222.976 us/op
                 p0.99:                                         372.224 us/op
                 p0.999:                                        1513.206 us/op
                 p0.9999:                                       10443.809 us/op
                 p1.00:                                         11239.424 us/op

Iteration   2: 90.426 ±(99.9%) 2.066 us/op
                 gc.alloc.rate:                                 1221.557 MB/sec
                 gc.alloc.rate.norm:                            116414.466 B/op
                 gc.count:                                      4.000 counts
                 gc.time:                                       22.000 ms
                 mempool.CodeHeap 'non-nmethods'.used:          1568.250 KiB
                 mempool.CodeHeap 'non-profiled nmethods'.used: 2180.750 KiB
                 mempool.CodeHeap 'profiled nmethods'.used:     7122.500 KiB
                 mempool.Compressed Class Space.used:           3141.289 KiB
                 mempool.G1 Eden Space.used:                    622592.000 KiB
                 mempool.G1 Old Gen.used:                       10379.180 KiB
                 mempool.G1 Survivor Space.used:                6550.313 KiB
                 mempool.Metaspace.used:                        29305.031 KiB
                 mempool.total.codeheap.used:                   10871.500 KiB
                 mempool.total.used:                            682839.313 KiB
                 p0.00:                                         57.792 us/op
                 p0.50:                                         70.784 us/op
                 p0.90:                                         140.032 us/op
                 p0.95:                                         173.568 us/op
                 p0.99:                                         260.173 us/op
                 p0.999:                                        636.611 us/op
                 p0.9999:                                       5943.665 us/op
                 p1.00:                                         6053.888 us/op

Iteration   3: 99.871 ±(99.9%) 6.204 us/op
                 gc.alloc.rate:                                 1107.169 MB/sec
                 gc.alloc.rate.norm:                            116434.440 B/op
                 gc.count:                                      4.000 counts
                 gc.time:                                       15.000 ms
                 mempool.CodeHeap 'non-nmethods'.used:          1570.250 KiB
                 mempool.CodeHeap 'non-profiled nmethods'.used: 2189.375 KiB
                 mempool.CodeHeap 'profiled nmethods'.used:     7122.500 KiB
                 mempool.Compressed Class Space.used:           3141.289 KiB
                 mempool.G1 Eden Space.used:                    627712.000 KiB
                 mempool.G1 Old Gen.used:                       14452.883 KiB
                 mempool.G1 Survivor Space.used:                4941.297 KiB
                 mempool.Metaspace.used:                        29307.242 KiB
                 mempool.total.codeheap.used:                   10882.125 KiB
                 mempool.total.used:                            690436.836 KiB
                 p0.00:                                         57.792 us/op
                 p0.50:                                         71.296 us/op
                 p0.90:                                         145.664 us/op
                 p0.95:                                         177.920 us/op
                 p0.99:                                         294.400 us/op
                 p0.999:                                        2452.275 us/op
                 p0.9999:                                       11449.713 us/op
                 p1.00:                                         21102.592 us/op

Iteration   4: 113.844 ±(99.9%) 10.043 us/op
                 gc.alloc.rate:                                 971.083 MB/sec
                 gc.alloc.rate.norm:                            116436.935 B/op
                 gc.count:                                      3.000 counts
                 gc.time:                                       31.000 ms
                 mempool.CodeHeap 'non-nmethods'.used:          1549.000 KiB
                 mempool.CodeHeap 'non-profiled nmethods'.used: 2190.875 KiB
                 mempool.CodeHeap 'profiled nmethods'.used:     7183.500 KiB
                 mempool.Compressed Class Space.used:           3141.289 KiB
                 mempool.G1 Eden Space.used:                    627712.000 KiB
                 mempool.G1 Old Gen.used:                       14660.281 KiB
                 mempool.G1 Survivor Space.used:                721.578 KiB
                 mempool.Metaspace.used:                        29316.031 KiB
                 mempool.total.codeheap.used:                   10923.375 KiB
                 mempool.total.used:                            686474.555 KiB
                 p0.00:                                         62.592 us/op
                 p0.50:                                         74.240 us/op
                 p0.90:                                         156.160 us/op
                 p0.95:                                         188.672 us/op
                 p0.99:                                         332.288 us/op
                 p0.999:                                        3683.615 us/op
                 p0.9999:                                       19240.164 us/op
                 p1.00:                                         22773.760 us/op

Iteration   5: 157.647 ±(99.9%) 19.846 us/op
                 gc.alloc.rate:                                 690.853 MB/sec
                 gc.alloc.rate.norm:                            116563.239 B/op
                 gc.count:                                      2.000 counts
                 gc.time:                                       5.000 ms
                 mempool.CodeHeap 'non-nmethods'.used:          1564.500 KiB
                 mempool.CodeHeap 'non-profiled nmethods'.used: 2199.000 KiB
                 mempool.CodeHeap 'profiled nmethods'.used:     7217.875 KiB
                 mempool.Compressed Class Space.used:           3141.289 KiB
                 mempool.G1 Eden Space.used:                    627712.000 KiB
                 mempool.G1 Old Gen.used:                       14758.938 KiB
                 mempool.G1 Survivor Space.used:                852.813 KiB
                 mempool.Metaspace.used:                        29325.805 KiB
                 mempool.total.codeheap.used:                   10981.375 KiB
                 mempool.total.used:                            686772.219 KiB
                 p0.00:                                         64.640 us/op
                 p0.50:                                         123.392 us/op
                 p0.90:                                         187.648 us/op
                 p0.95:                                         243.712 us/op
                 p0.99:                                         628.388 us/op
                 p0.999:                                        9073.951 us/op
                 p0.9999:                                       33486.026 us/op
                 p1.00:                                         34340.864 us/op



Result "io.github.lemon_ant.jharmonizer.printerlab.PrinterBenchmark.serialize":
  N = 232995
  mean =    139.615 ±(99.9%) 37.429 us/op

  Histogram, us/op:
    [      0.000,  250000.000) = 232994 
    [ 250000.000,  500000.000) = 0 
    [ 500000.000,  750000.000) = 0 
    [ 750000.000, 1000000.000) = 0 
    [1000000.000, 1250000.000) = 0 
    [1250000.000, 1500000.000) = 0 
    [1500000.000, 1750000.000) = 0 
    [1750000.000, 2000000.000) = 0 
    [2000000.000, 2250000.000) = 0 
    [2250000.000, 2500000.000) = 0 
    [2500000.000, 2750000.000) = 1 

  Percentiles, us/op:
      p(0.0000) =     57.792 us/op
     p(50.0000) =     83.840 us/op
     p(90.0000) =    194.560 us/op
     p(95.0000) =    238.336 us/op
     p(99.0000) =    472.064 us/op
     p(99.9000) =   3006.530 us/op
     p(99.9900) =  20303.289 us/op
     p(99.9990) = 120752.848 us/op
     p(99.9999) = 2638217.216 us/op
    p(100.0000) = 2638217.216 us/op

Secondary result "io.github.lemon_ant.jharmonizer.printerlab.PrinterBenchmark.serialize:gc.alloc.rate":
  821.457 ±(99.9%) 357.015 MB/sec [Average]
  (min, avg, max) = (284.750, 821.457, 1221.557), stdev = 333.952
  CI (99.9%): [464.442, 1178.473] (assumes normal distribution)

Secondary result "io.github.lemon_ant.jharmonizer.printerlab.PrinterBenchmark.serialize:gc.alloc.rate.norm":
  116440.791 ±(99.9%) 83.445 B/op [Average]
  (min, avg, max) = (116355.907, 116440.791, 116603.496), stdev = 78.054
  CI (99.9%): [116357.346, 116524.235] (assumes normal distribution)

Secondary result "io.github.lemon_ant.jharmonizer.printerlab.PrinterBenchmark.serialize:gc.count":
  42.000 ±(99.9%) 0.001 counts [Sum]
  (min, avg, max) = (1.000, 2.800, 4.000), stdev = 1.146
  CI (99.9%): [42.000, 42.000] (assumes normal distribution)

Secondary result "io.github.lemon_ant.jharmonizer.printerlab.PrinterBenchmark.serialize:gc.time":
  216.000 ±(99.9%) 0.001 ms [Sum]
  (min, avg, max) = (5.000, 14.400, 31.000), stdev = 7.854
  CI (99.9%): [216.000, 216.000] (assumes normal distribution)

Secondary result "io.github.lemon_ant.jharmonizer.printerlab.PrinterBenchmark.serialize:mempool.CodeHeap 'non-nmethods'.used":
  1607.375 ±(99.9%) 0.001 KiB [Maximum]
  (min, avg, max) = (1549.000, 1568.075, 1607.375), stdev = 17.688
  CI (99.9%): [1607.375, 1607.375] (assumes normal distribution)

Secondary result "io.github.lemon_ant.jharmonizer.printerlab.PrinterBenchmark.serialize:mempool.CodeHeap 'non-profiled nmethods'.used":
  2199.000 ±(99.9%) 0.001 KiB [Maximum]
  (min, avg, max) = (2107.375, 2141.533, 2199.000), stdev = 33.685
  CI (99.9%): [2199.000, 2199.000] (assumes normal distribution)

Secondary result "io.github.lemon_ant.jharmonizer.printerlab.PrinterBenchmark.serialize:mempool.CodeHeap 'profiled nmethods'.used":
  7229.375 ±(99.9%) 0.001 KiB [Maximum]
  (min, avg, max) = (7048.750, 7136.417, 7229.375), stdev = 56.144
  CI (99.9%): [7229.375, 7229.375] (assumes normal distribution)

Secondary result "io.github.lemon_ant.jharmonizer.printerlab.PrinterBenchmark.serialize:mempool.Compressed Class Space.used":
  3143.383 ±(99.9%) 0.001 KiB [Maximum]
  (min, avg, max) = (3140.703, 3141.820, 3143.383), stdev = 1.027
  CI (99.9%): [3143.383, 3143.383] (assumes normal distribution)

Secondary result "io.github.lemon_ant.jharmonizer.printerlab.PrinterBenchmark.serialize:mempool.G1 Eden Space.used":
  627712.000 ±(99.9%) 0.001 KiB [Maximum]
  (min, avg, max) = (621568.000, 624435.200, 627712.000), stdev = 2796.316
  CI (99.9%): [627712.000, 627712.000] (assumes normal distribution)

Secondary result "io.github.lemon_ant.jharmonizer.printerlab.PrinterBenchmark.serialize:mempool.G1 Old Gen.used":
  15250.242 ±(99.9%) 0.001 KiB [Maximum]
  (min, avg, max) = (8669.188, 11557.565, 15250.242), stdev = 2818.279
  CI (99.9%): [15250.242, 15250.242] (assumes normal distribution)

Secondary result "io.github.lemon_ant.jharmonizer.printerlab.PrinterBenchmark.serialize:mempool.G1 Survivor Space.used":
  6891.633 ±(99.9%) 0.001 KiB [Maximum]
  (min, avg, max) = (572.516, 4763.452, 6891.633), stdev = 2586.460
  CI (99.9%): [6891.633, 6891.633] (assumes normal distribution)

Secondary result "io.github.lemon_ant.jharmonizer.printerlab.PrinterBenchmark.serialize:mempool.Metaspace.used":
  29354.586 ±(99.9%) 0.001 KiB [Maximum]
  (min, avg, max) = (29286.883, 29318.119, 29354.586), stdev = 19.544
  CI (99.9%): [29354.586, 29354.586] (assumes normal distribution)

Secondary result "io.github.lemon_ant.jharmonizer.printerlab.PrinterBenchmark.serialize:mempool.total.codeheap.used":
  10981.375 ±(99.9%) 0.001 KiB [Maximum]
  (min, avg, max) = (10725.250, 10846.025, 10981.375), stdev = 77.962
  CI (99.9%): [10981.375, 10981.375] (assumes normal distribution)

Secondary result "io.github.lemon_ant.jharmonizer.printerlab.PrinterBenchmark.serialize:mempool.total.used":
  690727.125 ±(99.9%) 0.001 KiB [Maximum]
  (min, avg, max) = (680545.453, 684062.181, 690727.125), stdev = 3589.567
  CI (99.9%): [690727.125, 690727.125] (assumes normal distribution)


# JMH version: 1.37
# VM version: JDK 21.0.8, OpenJDK 64-Bit Server VM, 21.0.8+9-LTS
# VM invoker: C:\Program Files\Microsoft\jdk-21.0.8.9-hotspot\bin\java.exe
# VM options: -Xms1g -Xmx1g -XX:+UseG1GC -Dfile.encoding=UTF-8 -Duser.language=en -Duser.country=US -Duser.timezone=UTC -Dprinter.lab.corpus=W:\JHarmonizer\core\printer-lab\target\measurement-0f6aa72d\candidate-run\corpus
# Blackhole mode: compiler (auto-detected, use -Djmh.blackhole.autoDetect=false to disable)
# Warmup: 5 iterations, 1 s each
# Measurement: 5 iterations, 2 s each
# Timeout: 10 min per iteration
# Threads: 1 thread, will synchronize iterations
# Benchmark mode: Sampling time
# Benchmark: io.github.lemon_ant.jharmonizer.printerlab.PrinterBenchmark.serialize
# Parameters: (workload = flat1024)

# Run progress: 50.00% complete, ETA 00:02:17
# Fork: 1 of 3
Picked up JAVA_TOOL_OPTIONS: -Dfile.encoding=UTF-8
# Warmup Iteration   1: 1168.651 ±(99.9%) 99.268 us/op
# Warmup Iteration   2: 849.454 ±(99.9%) 43.759 us/op
# Warmup Iteration   3: 831.595 ±(99.9%) 46.995 us/op
# Warmup Iteration   4: 815.880 ±(99.9%) 40.312 us/op
# Warmup Iteration   5: 1114.178 ±(99.9%) 67.882 us/op
Iteration   1: 1230.383 ±(99.9%) 61.131 us/op
                 gc.alloc.rate:                                 709.858 MB/sec
                 gc.alloc.rate.norm:                            920468.335 B/op
                 gc.count:                                      3.000 counts
                 gc.time:                                       18.000 ms
                 mempool.CodeHeap 'non-nmethods'.used:          1602.125 KiB
                 mempool.CodeHeap 'non-profiled nmethods'.used: 2594.625 KiB
                 mempool.CodeHeap 'profiled nmethods'.used:     8842.000 KiB
                 mempool.Compressed Class Space.used:           3146.008 KiB
                 mempool.G1 Eden Space.used:                    623616.000 KiB
                 mempool.G1 Old Gen.used:                       14528.117 KiB
                 mempool.G1 Survivor Space.used:                6427.766 KiB
                 mempool.Metaspace.used:                        29894.172 KiB
                 mempool.total.codeheap.used:                   13038.750 KiB
                 mempool.total.used:                            690650.813 KiB
                 p0.00:                                         599.040 us/op
                 p0.50:                                         1089.536 us/op
                 p0.90:                                         1889.485 us/op
                 p0.95:                                         2300.314 us/op
                 p0.99:                                         3869.737 us/op
                 p0.999:                                        8996.921 us/op
                 p0.9999:                                       10584.064 us/op
                 p1.00:                                         10584.064 us/op

Iteration   2: 1221.251 ±(99.9%) 53.985 us/op
                 gc.alloc.rate:                                 715.309 MB/sec
                 gc.alloc.rate.norm:                            920404.995 B/op
                 gc.count:                                      2.000 counts
                 gc.time:                                       5.000 ms
                 mempool.CodeHeap 'non-nmethods'.used:          1613.500 KiB
                 mempool.CodeHeap 'non-profiled nmethods'.used: 2652.500 KiB
                 mempool.CodeHeap 'profiled nmethods'.used:     8867.875 KiB
                 mempool.Compressed Class Space.used:           3147.070 KiB
                 mempool.G1 Eden Space.used:                    627712.000 KiB
                 mempool.G1 Old Gen.used:                       14855.359 KiB
                 mempool.G1 Survivor Space.used:                1161.609 KiB
                 mempool.Metaspace.used:                        29903.391 KiB
                 mempool.total.codeheap.used:                   13133.875 KiB
                 mempool.total.used:                            689913.305 KiB
                 p0.00:                                         598.016 us/op
                 p0.50:                                         1086.464 us/op
                 p0.90:                                         1957.274 us/op
                 p0.95:                                         2460.467 us/op
                 p0.99:                                         3931.095 us/op
                 p0.999:                                        5650.989 us/op
                 p0.9999:                                       5931.008 us/op
                 p1.00:                                         5931.008 us/op

Iteration   3: 1279.026 ±(99.9%) 74.312 us/op
                 gc.alloc.rate:                                 682.334 MB/sec
                 gc.alloc.rate.norm:                            920428.580 B/op
                 gc.count:                                      2.000 counts
                 gc.time:                                       6.000 ms
                 mempool.CodeHeap 'non-nmethods'.used:          1550.375 KiB
                 mempool.CodeHeap 'non-profiled nmethods'.used: 2653.625 KiB
                 mempool.CodeHeap 'profiled nmethods'.used:     8874.125 KiB
                 mempool.Compressed Class Space.used:           3147.070 KiB
                 mempool.G1 Eden Space.used:                    627712.000 KiB
                 mempool.G1 Old Gen.used:                       14861.703 KiB
                 mempool.G1 Survivor Space.used:                923.617 KiB
                 mempool.Metaspace.used:                        29905.586 KiB
                 mempool.total.codeheap.used:                   13078.125 KiB
                 mempool.total.used:                            689628.102 KiB
                 p0.00:                                         598.016 us/op
                 p0.50:                                         1064.960 us/op
                 p0.90:                                         2129.101 us/op
                 p0.95:                                         2720.154 us/op
                 p0.99:                                         4369.285 us/op
                 p0.999:                                        15057.289 us/op
                 p0.9999:                                       16318.464 us/op
                 p1.00:                                         16318.464 us/op

Iteration   4: 1209.089 ±(99.9%) 52.542 us/op
                 gc.alloc.rate:                                 722.489 MB/sec
                 gc.alloc.rate.norm:                            920403.976 B/op
                 gc.count:                                      3.000 counts
                 gc.time:                                       10.000 ms
                 mempool.CodeHeap 'non-nmethods'.used:          1550.375 KiB
                 mempool.CodeHeap 'non-profiled nmethods'.used: 2654.375 KiB
                 mempool.CodeHeap 'profiled nmethods'.used:     8895.500 KiB
                 mempool.Compressed Class Space.used:           3147.070 KiB
                 mempool.G1 Eden Space.used:                    627712.000 KiB
                 mempool.G1 Old Gen.used:                       15273.844 KiB
                 mempool.G1 Survivor Space.used:                1011.469 KiB
                 mempool.Metaspace.used:                        29910.984 KiB
                 mempool.total.codeheap.used:                   13100.250 KiB
                 mempool.total.used:                            690155.617 KiB
                 p0.00:                                         588.800 us/op
                 p0.50:                                         1060.864 us/op
                 p0.90:                                         1955.021 us/op
                 p0.95:                                         2409.677 us/op
                 p0.99:                                         3607.470 us/op
                 p0.999:                                        5912.330 us/op
                 p0.9999:                                       6127.616 us/op
                 p1.00:                                         6127.616 us/op

Iteration   5: 1108.805 ±(99.9%) 43.178 us/op
                 gc.alloc.rate:                                 776.549 MB/sec
                 gc.alloc.rate.norm:                            926756.308 B/op
                 gc.count:                                      2.000 counts
                 gc.time:                                       4.000 ms
                 mempool.CodeHeap 'non-nmethods'.used:          1571.500 KiB
                 mempool.CodeHeap 'non-profiled nmethods'.used: 2673.750 KiB
                 mempool.CodeHeap 'profiled nmethods'.used:     8910.875 KiB
                 mempool.Compressed Class Space.used:           3147.070 KiB
                 mempool.G1 Eden Space.used:                    627712.000 KiB
                 mempool.G1 Old Gen.used:                       15332.461 KiB
                 mempool.G1 Survivor Space.used:                718.758 KiB
                 mempool.Metaspace.used:                        29918.805 KiB
                 mempool.total.codeheap.used:                   13156.125 KiB
                 mempool.total.used:                            689985.219 KiB
                 p0.00:                                         607.232 us/op
                 p0.50:                                         931.840 us/op
                 p0.90:                                         1751.040 us/op
                 p0.95:                                         2108.621 us/op
                 p0.99:                                         3267.953 us/op
                 p0.999:                                        4639.392 us/op
                 p0.9999:                                       4751.360 us/op
                 p1.00:                                         4751.360 us/op


# Run progress: 58.33% complete, ETA 00:01:57
# Fork: 2 of 3
Picked up JAVA_TOOL_OPTIONS: -Dfile.encoding=UTF-8
# Warmup Iteration   1: 2428.423 ±(99.9%) 372.349 us/op
# Warmup Iteration   2: 1345.919 ±(99.9%) 96.976 us/op
# Warmup Iteration   3: 1244.107 ±(99.9%) 83.000 us/op
# Warmup Iteration   4: 1209.668 ±(99.9%) 76.624 us/op
# Warmup Iteration   5: 1148.372 ±(99.9%) 71.962 us/op
Iteration   1: 1520.776 ±(99.9%) 119.105 us/op
                 gc.alloc.rate:                                 573.935 MB/sec
                 gc.alloc.rate.norm:                            920683.495 B/op
                 gc.count:                                      2.000 counts
                 gc.time:                                       12.000 ms
                 mempool.CodeHeap 'non-nmethods'.used:          1568.625 KiB
                 mempool.CodeHeap 'non-profiled nmethods'.used: 2474.375 KiB
                 mempool.CodeHeap 'profiled nmethods'.used:     8541.250 KiB
                 mempool.Compressed Class Space.used:           3140.648 KiB
                 mempool.G1 Eden Space.used:                    621568.000 KiB
                 mempool.G1 Old Gen.used:                       9077.016 KiB
                 mempool.G1 Survivor Space.used:                6724.250 KiB
                 mempool.Metaspace.used:                        29823.727 KiB
                 mempool.total.codeheap.used:                   12584.250 KiB
                 mempool.total.used:                            682917.891 KiB
                 p0.00:                                         610.304 us/op
                 p0.50:                                         1317.888 us/op
                 p0.90:                                         2316.288 us/op
                 p0.95:                                         3023.872 us/op
                 p0.99:                                         4377.805 us/op
                 p0.999:                                        28555.837 us/op
                 p0.9999:                                       33128.448 us/op
                 p1.00:                                         33128.448 us/op

Iteration   2: 1557.688 ±(99.9%) 109.044 us/op
                 gc.alloc.rate:                                 560.910 MB/sec
                 gc.alloc.rate.norm:                            920671.516 B/op
                 gc.count:                                      2.000 counts
                 gc.time:                                       14.000 ms
                 mempool.CodeHeap 'non-nmethods'.used:          1597.250 KiB
                 mempool.CodeHeap 'non-profiled nmethods'.used: 2576.625 KiB
                 mempool.CodeHeap 'profiled nmethods'.used:     8567.125 KiB
                 mempool.Compressed Class Space.used:           3141.844 KiB
                 mempool.G1 Eden Space.used:                    621568.000 KiB
                 mempool.G1 Old Gen.used:                       10794.188 KiB
                 mempool.G1 Survivor Space.used:                6724.250 KiB
                 mempool.Metaspace.used:                        29833.078 KiB
                 mempool.total.codeheap.used:                   12741.000 KiB
                 mempool.total.used:                            684802.359 KiB
                 p0.00:                                         611.328 us/op
                 p0.50:                                         1320.960 us/op
                 p0.90:                                         2384.691 us/op
                 p0.95:                                         3158.221 us/op
                 p0.99:                                         5864.243 us/op
                 p0.999:                                        16445.014 us/op
                 p0.9999:                                       16842.752 us/op
                 p1.00:                                         16842.752 us/op

Iteration   3: 1050.925 ±(99.9%) 40.610 us/op
                 gc.alloc.rate:                                 831.469 MB/sec
                 gc.alloc.rate.norm:                            920434.981 B/op
                 gc.count:                                      3.000 counts
                 gc.time:                                       11.000 ms
                 mempool.CodeHeap 'non-nmethods'.used:          1605.500 KiB
                 mempool.CodeHeap 'non-profiled nmethods'.used: 2705.250 KiB
                 mempool.CodeHeap 'profiled nmethods'.used:     8573.375 KiB
                 mempool.Compressed Class Space.used:           3141.844 KiB
                 mempool.G1 Eden Space.used:                    626688.000 KiB
                 mempool.G1 Old Gen.used:                       15076.797 KiB
                 mempool.G1 Survivor Space.used:                4827.836 KiB
                 mempool.Metaspace.used:                        29835.273 KiB
                 mempool.total.codeheap.used:                   12884.125 KiB
                 mempool.total.used:                            692453.875 KiB
                 p0.00:                                         577.536 us/op
                 p0.50:                                         877.568 us/op
                 p0.90:                                         1631.437 us/op
                 p0.95:                                         1983.693 us/op
                 p0.99:                                         3100.017 us/op
                 p0.999:                                        5192.155 us/op
                 p0.9999:                                       7954.432 us/op
                 p1.00:                                         7954.432 us/op

Iteration   4: 903.027 ±(99.9%) 28.693 us/op
                 gc.alloc.rate:                                 967.856 MB/sec
                 gc.alloc.rate.norm:                            920362.012 B/op
                 gc.count:                                      3.000 counts
                 gc.time:                                       8.000 ms
                 mempool.CodeHeap 'non-nmethods'.used:          1551.875 KiB
                 mempool.CodeHeap 'non-profiled nmethods'.used: 2706.000 KiB
                 mempool.CodeHeap 'profiled nmethods'.used:     8593.375 KiB
                 mempool.Compressed Class Space.used:           3141.844 KiB
                 mempool.G1 Eden Space.used:                    627712.000 KiB
                 mempool.G1 Old Gen.used:                       15076.797 KiB
                 mempool.G1 Survivor Space.used:                1024.000 KiB
                 mempool.Metaspace.used:                        29840.672 KiB
                 mempool.total.codeheap.used:                   12851.250 KiB
                 mempool.total.used:                            689646.563 KiB
                 p0.00:                                         555.008 us/op
                 p0.50:                                         720.896 us/op
                 p0.90:                                         1464.320 us/op
                 p0.95:                                         1691.648 us/op
                 p0.99:                                         2420.736 us/op
                 p0.999:                                        3747.430 us/op
                 p0.9999:                                       3780.608 us/op
                 p1.00:                                         3780.608 us/op

Iteration   5: 1135.785 ±(99.9%) 58.287 us/op
                 gc.alloc.rate:                                 760.189 MB/sec
                 gc.alloc.rate.norm:                            926900.652 B/op
                 gc.count:                                      2.000 counts
                 gc.time:                                       5.000 ms
                 mempool.CodeHeap 'non-nmethods'.used:          1573.000 KiB
                 mempool.CodeHeap 'non-profiled nmethods'.used: 2718.750 KiB
                 mempool.CodeHeap 'profiled nmethods'.used:     8601.250 KiB
                 mempool.Compressed Class Space.used:           3141.844 KiB
                 mempool.G1 Eden Space.used:                    627712.000 KiB
                 mempool.G1 Old Gen.used:                       15543.172 KiB
                 mempool.G1 Survivor Space.used:                1010.469 KiB
                 mempool.Metaspace.used:                        29847.648 KiB
                 mempool.total.codeheap.used:                   12893.000 KiB
                 mempool.total.used:                            690148.133 KiB
                 p0.00:                                         585.728 us/op
                 p0.50:                                         925.184 us/op
                 p0.90:                                         1796.710 us/op
                 p0.95:                                         2101.248 us/op
                 p0.99:                                         3985.490 us/op
                 p0.999:                                        10400.694 us/op
                 p0.9999:                                       12517.376 us/op
                 p1.00:                                         12517.376 us/op


# Run progress: 66.67% complete, ETA 00:01:35
# Fork: 3 of 3
Picked up JAVA_TOOL_OPTIONS: -Dfile.encoding=UTF-8
# Warmup Iteration   1: 1251.020 ±(99.9%) 126.128 us/op
# Warmup Iteration   2: 784.740 ±(99.9%) 36.707 us/op
# Warmup Iteration   3: 832.672 ±(99.9%) 36.419 us/op
# Warmup Iteration   4: 786.413 ±(99.9%) 35.736 us/op
# Warmup Iteration   5: 1072.278 ±(99.9%) 83.692 us/op
Iteration   1: 1053.897 ±(99.9%) 50.455 us/op
                 gc.alloc.rate:                                 828.837 MB/sec
                 gc.alloc.rate.norm:                            920433.597 B/op
                 gc.count:                                      2.000 counts
                 gc.time:                                       15.000 ms
                 mempool.CodeHeap 'non-nmethods'.used:          1607.750 KiB
                 mempool.CodeHeap 'non-profiled nmethods'.used: 2551.500 KiB
                 mempool.CodeHeap 'profiled nmethods'.used:     8307.375 KiB
                 mempool.Compressed Class Space.used:           3144.883 KiB
                 mempool.G1 Eden Space.used:                    623616.000 KiB
                 mempool.G1 Old Gen.used:                       14197.703 KiB
                 mempool.G1 Survivor Space.used:                6768.102 KiB
                 mempool.Metaspace.used:                        29775.523 KiB
                 mempool.total.codeheap.used:                   12466.625 KiB
                 mempool.total.used:                            689968.836 KiB
                 p0.00:                                         572.416 us/op
                 p0.50:                                         804.864 us/op
                 p0.90:                                         1688.781 us/op
                 p0.95:                                         2059.059 us/op
                 p0.99:                                         3854.828 us/op
                 p0.999:                                        9405.858 us/op
                 p0.9999:                                       10190.848 us/op
                 p1.00:                                         10190.848 us/op

Iteration   2: 824.181 ±(99.9%) 23.301 us/op
                 gc.alloc.rate:                                 1060.962 MB/sec
                 gc.alloc.rate.norm:                            920367.789 B/op
                 gc.count:                                      4.000 counts
                 gc.time:                                       12.000 ms
                 mempool.CodeHeap 'non-nmethods'.used:          1619.750 KiB
                 mempool.CodeHeap 'non-profiled nmethods'.used: 2613.000 KiB
                 mempool.CodeHeap 'profiled nmethods'.used:     8333.250 KiB
                 mempool.Compressed Class Space.used:           3145.945 KiB
                 mempool.G1 Eden Space.used:                    627712.000 KiB
                 mempool.G1 Old Gen.used:                       14514.391 KiB
                 mempool.G1 Survivor Space.used:                1194.516 KiB
                 mempool.Metaspace.used:                        29784.742 KiB
                 mempool.total.codeheap.used:                   12566.000 KiB
                 mempool.total.used:                            688917.594 KiB
                 p0.00:                                         540.672 us/op
                 p0.50:                                         685.568 us/op
                 p0.90:                                         1218.560 us/op
                 p0.95:                                         1440.358 us/op
                 p0.99:                                         2241.290 us/op
                 p0.999:                                        3841.765 us/op
                 p0.9999:                                       4890.624 us/op
                 p1.00:                                         4890.624 us/op

Iteration   3: 831.581 ±(99.9%) 24.516 us/op
                 gc.alloc.rate:                                 1051.594 MB/sec
                 gc.alloc.rate.norm:                            920368.358 B/op
                 gc.count:                                      3.000 counts
                 gc.time:                                       9.000 ms
                 mempool.CodeHeap 'non-nmethods'.used:          1570.125 KiB
                 mempool.CodeHeap 'non-profiled nmethods'.used: 2617.500 KiB
                 mempool.CodeHeap 'profiled nmethods'.used:     8336.875 KiB
                 mempool.Compressed Class Space.used:           3145.945 KiB
                 mempool.G1 Eden Space.used:                    627712.000 KiB
                 mempool.G1 Old Gen.used:                       14915.352 KiB
                 mempool.G1 Survivor Space.used:                929.188 KiB
                 mempool.Metaspace.used:                        29786.938 KiB
                 mempool.total.codeheap.used:                   12524.500 KiB
                 mempool.total.used:                            689013.922 KiB
                 p0.00:                                         540.672 us/op
                 p0.50:                                         696.320 us/op
                 p0.90:                                         1247.642 us/op
                 p0.95:                                         1516.749 us/op
                 p0.99:                                         2154.496 us/op
                 p0.999:                                        4414.480 us/op
                 p0.9999:                                       5521.408 us/op
                 p1.00:                                         5521.408 us/op

Iteration   4: 851.687 ±(99.9%) 24.878 us/op
                 gc.alloc.rate:                                 1026.503 MB/sec
                 gc.alloc.rate.norm:                            920358.311 B/op
                 gc.count:                                      4.000 counts
                 gc.time:                                       9.000 ms
                 mempool.CodeHeap 'non-nmethods'.used:          1552.750 KiB
                 mempool.CodeHeap 'non-profiled nmethods'.used: 2618.250 KiB
                 mempool.CodeHeap 'profiled nmethods'.used:     8360.125 KiB
                 mempool.Compressed Class Space.used:           3145.945 KiB
                 mempool.G1 Eden Space.used:                    627712.000 KiB
                 mempool.G1 Old Gen.used:                       15030.328 KiB
                 mempool.G1 Survivor Space.used:                556.680 KiB
                 mempool.Metaspace.used:                        29792.336 KiB
                 mempool.total.codeheap.used:                   12531.125 KiB
                 mempool.total.used:                            688768.414 KiB
                 p0.00:                                         543.744 us/op
                 p0.50:                                         714.240 us/op
                 p0.90:                                         1290.240 us/op
                 p0.95:                                         1536.512 us/op
                 p0.99:                                         2374.451 us/op
                 p0.999:                                        3456.205 us/op
                 p0.9999:                                       3772.416 us/op
                 p1.00:                                         3772.416 us/op

Iteration   5: 837.087 ±(99.9%) 24.140 us/op
                 gc.alloc.rate:                                 1034.329 MB/sec
                 gc.alloc.rate.norm:                            925176.929 B/op
                 gc.count:                                      3.000 counts
                 gc.time:                                       7.000 ms
                 mempool.CodeHeap 'non-nmethods'.used:          1573.875 KiB
                 mempool.CodeHeap 'non-profiled nmethods'.used: 2635.625 KiB
                 mempool.CodeHeap 'profiled nmethods'.used:     8375.500 KiB
                 mempool.Compressed Class Space.used:           3145.945 KiB
                 mempool.G1 Eden Space.used:                    627712.000 KiB
                 mempool.G1 Old Gen.used:                       15163.203 KiB
                 mempool.G1 Survivor Space.used:                540.281 KiB
                 mempool.Metaspace.used:                        29800.156 KiB
                 mempool.total.codeheap.used:                   12585.000 KiB
                 mempool.total.used:                            688946.586 KiB
                 p0.00:                                         544.768 us/op
                 p0.50:                                         706.560 us/op
                 p0.90:                                         1246.413 us/op
                 p0.95:                                         1507.328 us/op
                 p0.99:                                         2269.184 us/op
                 p0.999:                                        3958.751 us/op
                 p0.9999:                                       4816.896 us/op
                 p1.00:                                         4816.896 us/op



Result "io.github.lemon_ant.jharmonizer.printerlab.PrinterBenchmark.serialize":
  N = 28256
  mean =   1062.676 ±(99.9%) 13.542 us/op

  Histogram, us/op:
    [    0.000,  2500.000) = 27433 
    [ 2500.000,  5000.000) = 756 
    [ 5000.000,  7500.000) = 42 
    [ 7500.000, 10000.000) = 13 
    [10000.000, 12500.000) = 3 
    [12500.000, 15000.000) = 3 
    [15000.000, 17500.000) = 4 
    [17500.000, 20000.000) = 1 
    [20000.000, 22500.000) = 0 
    [22500.000, 25000.000) = 0 
    [25000.000, 27500.000) = 0 
    [27500.000, 30000.000) = 0 
    [30000.000, 32500.000) = 0 
    [32500.000, 35000.000) = 1 
    [35000.000, 37500.000) = 0 

  Percentiles, us/op:
      p(0.0000) =    540.672 us/op
     p(50.0000) =    826.368 us/op
     p(90.0000) =   1728.512 us/op
     p(95.0000) =   2101.248 us/op
     p(99.0000) =   3493.315 us/op
     p(99.9000) =   7204.749 us/op
     p(99.9900) =  17151.171 us/op
     p(99.9990) =  33128.448 us/op
     p(99.9999) =  33128.448 us/op
    p(100.0000) =  33128.448 us/op

Secondary result "io.github.lemon_ant.jharmonizer.printerlab.PrinterBenchmark.serialize:gc.alloc.rate":
  820.208 ±(99.9%) 182.288 MB/sec [Average]
  (min, avg, max) = (560.910, 820.208, 1060.962), stdev = 170.512
  CI (99.9%): [637.920, 1002.496] (assumes normal distribution)

Secondary result "io.github.lemon_ant.jharmonizer.printerlab.PrinterBenchmark.serialize:gc.alloc.rate.norm":
  921614.655 ±(99.9%) 2611.107 B/op [Average]
  (min, avg, max) = (920358.311, 921614.655, 926900.652), stdev = 2442.431
  CI (99.9%): [919003.549, 924225.762] (assumes normal distribution)

Secondary result "io.github.lemon_ant.jharmonizer.printerlab.PrinterBenchmark.serialize:gc.count":
  40.000 ±(99.9%) 0.001 counts [Sum]
  (min, avg, max) = (2.000, 2.667, 4.000), stdev = 0.724
  CI (99.9%): [40.000, 40.000] (assumes normal distribution)

Secondary result "io.github.lemon_ant.jharmonizer.printerlab.PrinterBenchmark.serialize:gc.time":
  145.000 ±(99.9%) 0.001 ms [Sum]
  (min, avg, max) = (4.000, 9.667, 18.000), stdev = 4.047
  CI (99.9%): [145.000, 145.000] (assumes normal distribution)

Secondary result "io.github.lemon_ant.jharmonizer.printerlab.PrinterBenchmark.serialize:mempool.CodeHeap 'non-nmethods'.used":
  1619.750 ±(99.9%) 0.001 KiB [Maximum]
  (min, avg, max) = (1550.375, 1580.558, 1619.750), stdev = 24.755
  CI (99.9%): [1619.750, 1619.750] (assumes normal distribution)

Secondary result "io.github.lemon_ant.jharmonizer.printerlab.PrinterBenchmark.serialize:mempool.CodeHeap 'non-profiled nmethods'.used":
  2718.750 ±(99.9%) 0.001 KiB [Maximum]
  (min, avg, max) = (2474.375, 2629.717, 2718.750), stdev = 64.356
  CI (99.9%): [2718.750, 2718.750] (assumes normal distribution)

Secondary result "io.github.lemon_ant.jharmonizer.printerlab.PrinterBenchmark.serialize:mempool.CodeHeap 'profiled nmethods'.used":
  8910.875 ±(99.9%) 0.001 KiB [Maximum]
  (min, avg, max) = (8307.375, 8598.658, 8910.875), stdev = 228.137
  CI (99.9%): [8910.875, 8910.875] (assumes normal distribution)

Secondary result "io.github.lemon_ant.jharmonizer.printerlab.PrinterBenchmark.serialize:mempool.Compressed Class Space.used":
  3147.070 ±(99.9%) 0.001 KiB [Maximum]
  (min, avg, max) = (3140.648, 3144.732, 3147.070), stdev = 2.382
  CI (99.9%): [3147.070, 3147.070] (assumes normal distribution)

Secondary result "io.github.lemon_ant.jharmonizer.printerlab.PrinterBenchmark.serialize:mempool.G1 Eden Space.used":
  627712.000 ±(99.9%) 0.001 KiB [Maximum]
  (min, avg, max) = (621568.000, 626278.400, 627712.000), stdev = 2379.561
  CI (99.9%): [627712.000, 627712.000] (assumes normal distribution)

Secondary result "io.github.lemon_ant.jharmonizer.printerlab.PrinterBenchmark.serialize:mempool.G1 Old Gen.used":
  15543.172 ±(99.9%) 0.001 KiB [Maximum]
  (min, avg, max) = (9077.016, 14282.695, 15543.172), stdev = 1826.824
  CI (99.9%): [15543.172, 15543.172] (assumes normal distribution)

Secondary result "io.github.lemon_ant.jharmonizer.printerlab.PrinterBenchmark.serialize:mempool.G1 Survivor Space.used":
  6768.102 ±(99.9%) 0.001 KiB [Maximum]
  (min, avg, max) = (540.281, 2702.853, 6768.102), stdev = 2672.412
  CI (99.9%): [6768.102, 6768.102] (assumes normal distribution)

Secondary result "io.github.lemon_ant.jharmonizer.printerlab.PrinterBenchmark.serialize:mempool.Metaspace.used":
  29918.805 ±(99.9%) 0.001 KiB [Maximum]
  (min, avg, max) = (29775.523, 29843.535, 29918.805), stdev = 51.127
  CI (99.9%): [29918.805, 29918.805] (assumes normal distribution)

Secondary result "io.github.lemon_ant.jharmonizer.printerlab.PrinterBenchmark.serialize:mempool.total.codeheap.used":
  13156.125 ±(99.9%) 0.001 KiB [Maximum]
  (min, avg, max) = (12466.625, 12808.933, 13156.125), stdev = 252.176
  CI (99.9%): [13156.125, 13156.125] (assumes normal distribution)

Secondary result "io.github.lemon_ant.jharmonizer.printerlab.PrinterBenchmark.serialize:mempool.total.used":
  692453.875 ±(99.9%) 0.001 KiB [Maximum]
  (min, avg, max) = (682917.891, 689061.148, 692453.875), stdev = 2322.002
  CI (99.9%): [692453.875, 692453.875] (assumes normal distribution)


# JMH version: 1.37
# VM version: JDK 21.0.8, OpenJDK 64-Bit Server VM, 21.0.8+9-LTS
# VM invoker: C:\Program Files\Microsoft\jdk-21.0.8.9-hotspot\bin\java.exe
# VM options: -Xms1g -Xmx1g -XX:+UseG1GC -Dfile.encoding=UTF-8 -Duser.language=en -Duser.country=US -Duser.timezone=UTC -Dprinter.lab.corpus=W:\JHarmonizer\core\printer-lab\target\measurement-0f6aa72d\candidate-run\corpus
# Blackhole mode: compiler (auto-detected, use -Djmh.blackhole.autoDetect=false to disable)
# Warmup: 5 iterations, 1 s each
# Measurement: 5 iterations, 2 s each
# Timeout: 10 min per iteration
# Threads: 1 thread, will synchronize iterations
# Benchmark mode: Sampling time
# Benchmark: io.github.lemon_ant.jharmonizer.printerlab.PrinterBenchmark.serialize
# Parameters: (workload = nested128)

# Run progress: 75.00% complete, ETA 00:01:11
# Fork: 1 of 3
Picked up JAVA_TOOL_OPTIONS: -Dfile.encoding=UTF-8
# Warmup Iteration   1: 4345.954 ±(99.9%) 921.370 us/op
# Warmup Iteration   2: 2851.178 ±(99.9%) 449.206 us/op
# Warmup Iteration   3: 2224.800 ±(99.9%) 834.965 us/op
# Warmup Iteration   4: 2002.499 ±(99.9%) 316.935 us/op
# Warmup Iteration   5: 2108.526 ±(99.9%) 415.856 us/op
Iteration   1: 1473.465 ±(99.9%) 146.353 us/op
                 gc.alloc.rate:                                 801.200 MB/sec
                 gc.alloc.rate.norm:                            1242385.401 B/op
                 gc.count:                                      3.000 counts
                 gc.time:                                       18.000 ms
                 mempool.CodeHeap 'non-nmethods'.used:          1573.250 KiB
                 mempool.CodeHeap 'non-profiled nmethods'.used: 2367.500 KiB
                 mempool.CodeHeap 'profiled nmethods'.used:     9307.250 KiB
                 mempool.Compressed Class Space.used:           3147.711 KiB
                 mempool.G1 Eden Space.used:                    622592.000 KiB
                 mempool.G1 Old Gen.used:                       8834.594 KiB
                 mempool.G1 Survivor Space.used:                6711.125 KiB
                 mempool.Metaspace.used:                        29958.109 KiB
                 mempool.total.codeheap.used:                   13248.000 KiB
                 mempool.total.used:                            684491.539 KiB
                 p0.00:                                         769.024 us/op
                 p0.50:                                         1097.728 us/op
                 p0.90:                                         2015.232 us/op
                 p0.95:                                         2428.928 us/op
                 p0.99:                                         7880.704 us/op
                 p0.999:                                        24391.188 us/op
                 p0.9999:                                       24674.304 us/op
                 p1.00:                                         24674.304 us/op

Iteration   2: 1185.530 ±(99.9%) 43.452 us/op
                 gc.alloc.rate:                                 996.035 MB/sec
                 gc.alloc.rate.norm:                            1242336.076 B/op
                 gc.count:                                      3.000 counts
                 gc.time:                                       20.000 ms
                 mempool.CodeHeap 'non-nmethods'.used:          1567.875 KiB
                 mempool.CodeHeap 'non-profiled nmethods'.used: 2379.625 KiB
                 mempool.CodeHeap 'profiled nmethods'.used:     9330.000 KiB
                 mempool.Compressed Class Space.used:           3148.773 KiB
                 mempool.G1 Eden Space.used:                    622592.000 KiB
                 mempool.G1 Old Gen.used:                       8834.594 KiB
                 mempool.G1 Survivor Space.used:                6864.156 KiB
                 mempool.Metaspace.used:                        29967.148 KiB
                 mempool.total.codeheap.used:                   13277.500 KiB
                 mempool.total.used:                            684684.172 KiB
                 p0.00:                                         742.400 us/op
                 p0.50:                                         1011.712 us/op
                 p0.90:                                         1728.102 us/op
                 p0.95:                                         2022.605 us/op
                 p0.99:                                         2951.086 us/op
                 p0.999:                                        8952.807 us/op
                 p0.9999:                                       10338.304 us/op
                 p1.00:                                         10338.304 us/op

Iteration   3: 1193.646 ±(99.9%) 43.720 us/op
                 gc.alloc.rate:                                 988.657 MB/sec
                 gc.alloc.rate.norm:                            1242325.303 B/op
                 gc.count:                                      4.000 counts
                 gc.time:                                       26.000 ms
                 mempool.CodeHeap 'non-nmethods'.used:          1617.625 KiB
                 mempool.CodeHeap 'non-profiled nmethods'.used: 2477.250 KiB
                 mempool.CodeHeap 'profiled nmethods'.used:     9336.250 KiB
                 mempool.Compressed Class Space.used:           3148.773 KiB
                 mempool.G1 Eden Space.used:                    621568.000 KiB
                 mempool.G1 Old Gen.used:                       10490.164 KiB
                 mempool.G1 Survivor Space.used:                7037.563 KiB
                 mempool.Metaspace.used:                        29969.344 KiB
                 mempool.total.codeheap.used:                   13431.125 KiB
                 mempool.total.used:                            685644.969 KiB
                 p0.00:                                         766.976 us/op
                 p0.50:                                         999.424 us/op
                 p0.90:                                         1806.950 us/op
                 p0.95:                                         2071.757 us/op
                 p0.99:                                         2818.990 us/op
                 p0.999:                                        8467.694 us/op
                 p0.9999:                                       9011.200 us/op
                 p1.00:                                         9011.200 us/op

Iteration   4: 1649.408 ±(99.9%) 88.170 us/op
                 gc.alloc.rate:                                 713.799 MB/sec
                 gc.alloc.rate.norm:                            1242242.008 B/op
                 gc.count:                                      2.000 counts
                 gc.time:                                       10.000 ms
                 mempool.CodeHeap 'non-nmethods'.used:          1625.500 KiB
                 mempool.CodeHeap 'non-profiled nmethods'.used: 2579.750 KiB
                 mempool.CodeHeap 'profiled nmethods'.used:     9340.875 KiB
                 mempool.Compressed Class Space.used:           3148.773 KiB
                 mempool.G1 Eden Space.used:                    626688.000 KiB
                 mempool.G1 Old Gen.used:                       14790.594 KiB
                 mempool.G1 Survivor Space.used:                5120.000 KiB
                 mempool.Metaspace.used:                        29970.984 KiB
                 mempool.total.codeheap.used:                   13546.125 KiB
                 mempool.total.used:                            693264.477 KiB
                 p0.00:                                         798.720 us/op
                 p0.50:                                         1419.264 us/op
                 p0.90:                                         2573.107 us/op
                 p0.95:                                         3177.677 us/op
                 p0.99:                                         5604.311 us/op
                 p0.999:                                        11112.284 us/op
                 p0.9999:                                       11943.936 us/op
                 p1.00:                                         11943.936 us/op

Iteration   5: 1250.694 ±(99.9%) 62.081 us/op
                 gc.alloc.rate:                                 930.663 MB/sec
                 gc.alloc.rate.norm:                            1253572.811 B/op
                 gc.count:                                      3.000 counts
                 gc.time:                                       8.000 ms
                 mempool.CodeHeap 'non-nmethods'.used:          1567.500 KiB
                 mempool.CodeHeap 'non-profiled nmethods'.used: 2594.875 KiB
                 mempool.CodeHeap 'profiled nmethods'.used:     9403.625 KiB
                 mempool.Compressed Class Space.used:           3148.773 KiB
                 mempool.G1 Eden Space.used:                    627712.000 KiB
                 mempool.G1 Old Gen.used:                       15210.133 KiB
                 mempool.G1 Survivor Space.used:                761.031 KiB
                 mempool.Metaspace.used:                        29982.563 KiB
                 mempool.total.codeheap.used:                   13566.000 KiB
                 mempool.total.used:                            690380.500 KiB
                 p0.00:                                         748.544 us/op
                 p0.50:                                         1029.120 us/op
                 p0.90:                                         1972.634 us/op
                 p0.95:                                         2338.816 us/op
                 p0.99:                                         3347.866 us/op
                 p0.999:                                        11738.497 us/op
                 p0.9999:                                       22151.168 us/op
                 p1.00:                                         22151.168 us/op


# Run progress: 83.33% complete, ETA 00:00:47
# Fork: 2 of 3
Picked up JAVA_TOOL_OPTIONS: -Dfile.encoding=UTF-8
# Warmup Iteration   1: 4689.757 ±(99.9%) 548.569 us/op
# Warmup Iteration   2: 2867.124 ±(99.9%) 191.691 us/op
# Warmup Iteration   3: 1902.760 ±(99.9%) 152.416 us/op
# Warmup Iteration   4: 1610.997 ±(99.9%) 113.084 us/op
# Warmup Iteration   5: 2046.722 ±(99.9%) 207.543 us/op
Iteration   1: 1995.953 ±(99.9%) 100.830 us/op
                 gc.alloc.rate:                                 590.915 MB/sec
                 gc.alloc.rate.norm:                            1242416.127 B/op
                 gc.count:                                      2.000 counts
                 gc.time:                                       15.000 ms
                 mempool.CodeHeap 'non-nmethods'.used:          1574.125 KiB
                 mempool.CodeHeap 'non-profiled nmethods'.used: 2208.500 KiB
                 mempool.CodeHeap 'profiled nmethods'.used:     8915.625 KiB
                 mempool.Compressed Class Space.used:           3143.141 KiB
                 mempool.G1 Eden Space.used:                    621568.000 KiB
                 mempool.G1 Old Gen.used:                       9521.563 KiB
                 mempool.G1 Survivor Space.used:                6575.625 KiB
                 mempool.Metaspace.used:                        29945.320 KiB
                 mempool.total.codeheap.used:                   12698.250 KiB
                 mempool.total.used:                            683451.898 KiB
                 p0.00:                                         839.680 us/op
                 p0.50:                                         1867.776 us/op
                 p0.90:                                         3032.269 us/op
                 p0.95:                                         3768.320 us/op
                 p0.99:                                         5634.376 us/op
                 p0.999:                                        10991.239 us/op
                 p0.9999:                                       11010.048 us/op
                 p1.00:                                         11010.048 us/op

Iteration   2: 1550.842 ±(99.9%) 70.606 us/op
                 gc.alloc.rate:                                 760.605 MB/sec
                 gc.alloc.rate.norm:                            1242364.924 B/op
                 gc.count:                                      2.000 counts
                 gc.time:                                       13.000 ms
                 mempool.CodeHeap 'non-nmethods'.used:          1573.125 KiB
                 mempool.CodeHeap 'non-profiled nmethods'.used: 2230.250 KiB
                 mempool.CodeHeap 'profiled nmethods'.used:     8941.500 KiB
                 mempool.Compressed Class Space.used:           3144.203 KiB
                 mempool.G1 Eden Space.used:                    621568.000 KiB
                 mempool.G1 Old Gen.used:                       9521.563 KiB
                 mempool.G1 Survivor Space.used:                6858.453 KiB
                 mempool.Metaspace.used:                        29954.430 KiB
                 mempool.total.codeheap.used:                   12744.875 KiB
                 mempool.total.used:                            683791.523 KiB
                 p0.00:                                         831.488 us/op
                 p0.50:                                         1319.936 us/op
                 p0.90:                                         2412.544 us/op
                 p0.95:                                         2774.426 us/op
                 p0.99:                                         4238.213 us/op
                 p0.999:                                        9268.494 us/op
                 p0.9999:                                       9535.488 us/op
                 p1.00:                                         9535.488 us/op

Iteration   3: 1724.002 ±(99.9%) 81.129 us/op
                 gc.alloc.rate:                                 683.737 MB/sec
                 gc.alloc.rate.norm:                            1242350.578 B/op
                 gc.count:                                      2.000 counts
                 gc.time:                                       13.000 ms
                 mempool.CodeHeap 'non-nmethods'.used:          1607.500 KiB
                 mempool.CodeHeap 'non-profiled nmethods'.used: 2307.250 KiB
                 mempool.CodeHeap 'profiled nmethods'.used:     8947.750 KiB
                 mempool.Compressed Class Space.used:           3144.203 KiB
                 mempool.G1 Eden Space.used:                    621568.000 KiB
                 mempool.G1 Old Gen.used:                       9521.563 KiB
                 mempool.G1 Survivor Space.used:                6864.625 KiB
                 mempool.Metaspace.used:                        29956.625 KiB
                 mempool.total.codeheap.used:                   12862.500 KiB
                 mempool.total.used:                            683917.516 KiB
                 p0.00:                                         845.824 us/op
                 p0.50:                                         1572.864 us/op
                 p0.90:                                         2564.096 us/op
                 p0.95:                                         3022.848 us/op
                 p0.99:                                         4872.602 us/op
                 p0.999:                                        8851.948 us/op
                 p0.9999:                                       9027.584 us/op
                 p1.00:                                         9027.584 us/op

Iteration   4: 1751.707 ±(99.9%) 88.052 us/op
                 gc.alloc.rate:                                 673.593 MB/sec
                 gc.alloc.rate.norm:                            1242302.717 B/op
                 gc.count:                                      3.000 counts
                 gc.time:                                       18.000 ms
                 mempool.CodeHeap 'non-nmethods'.used:          1589.875 KiB
                 mempool.CodeHeap 'non-profiled nmethods'.used: 2379.125 KiB
                 mempool.CodeHeap 'profiled nmethods'.used:     8953.375 KiB
                 mempool.Compressed Class Space.used:           3144.203 KiB
                 mempool.G1 Eden Space.used:                    621568.000 KiB
                 mempool.G1 Old Gen.used:                       11276.094 KiB
                 mempool.G1 Survivor Space.used:                6931.500 KiB
                 mempool.Metaspace.used:                        29958.266 KiB
                 mempool.total.codeheap.used:                   12922.375 KiB
                 mempool.total.used:                            685800.438 KiB
                 p0.00:                                         848.896 us/op
                 p0.50:                                         1576.960 us/op
                 p0.90:                                         2609.152 us/op
                 p0.95:                                         3085.926 us/op
                 p0.99:                                         4657.316 us/op
                 p0.999:                                        12077.892 us/op
                 p0.9999:                                       12533.760 us/op
                 p1.00:                                         12533.760 us/op

Iteration   5: 1618.141 ±(99.9%) 74.505 us/op
                 gc.alloc.rate:                                 716.678 MB/sec
                 gc.alloc.rate.norm:                            1256912.097 B/op
                 gc.count:                                      2.000 counts
                 gc.time:                                       11.000 ms
                 mempool.CodeHeap 'non-nmethods'.used:          1589.125 KiB
                 mempool.CodeHeap 'non-profiled nmethods'.used: 2421.750 KiB
                 mempool.CodeHeap 'profiled nmethods'.used:     8991.750 KiB
                 mempool.Compressed Class Space.used:           3144.203 KiB
                 mempool.G1 Eden Space.used:                    626688.000 KiB
                 mempool.G1 Old Gen.used:                       15565.242 KiB
                 mempool.G1 Survivor Space.used:                4977.438 KiB
                 mempool.Metaspace.used:                        29969.844 KiB
                 mempool.total.codeheap.used:                   13002.625 KiB
                 mempool.total.used:                            693347.352 KiB
                 p0.00:                                         850.944 us/op
                 p0.50:                                         1380.352 us/op
                 p0.90:                                         2527.232 us/op
                 p0.95:                                         2923.725 us/op
                 p0.99:                                         4366.828 us/op
                 p0.999:                                        10220.929 us/op
                 p0.9999:                                       10387.456 us/op
                 p1.00:                                         10387.456 us/op


# Run progress: 91.67% complete, ETA 00:00:23
# Fork: 3 of 3
Picked up JAVA_TOOL_OPTIONS: -Dfile.encoding=UTF-8
# Warmup Iteration   1: 4564.459 ±(99.9%) 567.210 us/op
# Warmup Iteration   2: 2969.545 ±(99.9%) 241.510 us/op
# Warmup Iteration   3: 1805.049 ±(99.9%) 128.882 us/op
# Warmup Iteration   4: 1344.467 ±(99.9%) 100.703 us/op
# Warmup Iteration   5: 1184.707 ±(99.9%) 62.380 us/op
Iteration   1: 1208.676 ±(99.9%) 46.027 us/op
                 gc.alloc.rate:                                 976.612 MB/sec
                 gc.alloc.rate.norm:                            1242289.705 B/op
                 gc.count:                                      3.000 counts
                 gc.time:                                       19.000 ms
                 mempool.CodeHeap 'non-nmethods'.used:          1570.750 KiB
                 mempool.CodeHeap 'non-profiled nmethods'.used: 2382.250 KiB
                 mempool.CodeHeap 'profiled nmethods'.used:     9556.750 KiB
                 mempool.Compressed Class Space.used:           3146.773 KiB
                 mempool.G1 Eden Space.used:                    621568.000 KiB
                 mempool.G1 Old Gen.used:                       9195.680 KiB
                 mempool.G1 Survivor Space.used:                6849.820 KiB
                 mempool.Metaspace.used:                        30012.328 KiB
                 mempool.total.codeheap.used:                   13509.750 KiB
                 mempool.total.used:                            684282.352 KiB
                 p0.00:                                         746.496 us/op
                 p0.50:                                         1000.448 us/op
                 p0.90:                                         1858.355 us/op
                 p0.95:                                         2162.688 us/op
                 p0.99:                                         3210.527 us/op
                 p0.999:                                        7638.819 us/op
                 p0.9999:                                       7954.432 us/op
                 p1.00:                                         7954.432 us/op

Iteration   2: 1237.800 ±(99.9%) 45.501 us/op
                 gc.alloc.rate:                                 953.455 MB/sec
                 gc.alloc.rate.norm:                            1242309.355 B/op
                 gc.count:                                      3.000 counts
                 gc.time:                                       19.000 ms
                 mempool.CodeHeap 'non-nmethods'.used:          1570.375 KiB
                 mempool.CodeHeap 'non-profiled nmethods'.used: 2398.750 KiB
                 mempool.CodeHeap 'profiled nmethods'.used:     9582.625 KiB
                 mempool.Compressed Class Space.used:           3147.836 KiB
                 mempool.G1 Eden Space.used:                    621568.000 KiB
                 mempool.G1 Old Gen.used:                       9195.680 KiB
                 mempool.G1 Survivor Space.used:                6621.555 KiB
                 mempool.Metaspace.used:                        30025.414 KiB
                 mempool.total.codeheap.used:                   13551.750 KiB
                 mempool.total.used:                            684110.234 KiB
                 p0.00:                                         741.376 us/op
                 p0.50:                                         1039.360 us/op
                 p0.90:                                         1862.451 us/op
                 p0.95:                                         2179.891 us/op
                 p0.99:                                         2989.752 us/op
                 p0.999:                                        8645.378 us/op
                 p0.9999:                                       8978.432 us/op
                 p1.00:                                         8978.432 us/op

Iteration   3: 1226.202 ±(99.9%) 57.787 us/op
                 gc.alloc.rate:                                 962.503 MB/sec
                 gc.alloc.rate.norm:                            1242140.167 B/op
                 gc.count:                                      3.000 counts
                 gc.time:                                       18.000 ms
                 mempool.CodeHeap 'non-nmethods'.used:          1606.875 KiB
                 mempool.CodeHeap 'non-profiled nmethods'.used: 2497.250 KiB
                 mempool.CodeHeap 'profiled nmethods'.used:     9588.875 KiB
                 mempool.Compressed Class Space.used:           3147.836 KiB
                 mempool.G1 Eden Space.used:                    623616.000 KiB
                 mempool.G1 Old Gen.used:                       14725.484 KiB
                 mempool.G1 Survivor Space.used:                6578.695 KiB
                 mempool.Metaspace.used:                        30027.609 KiB
                 mempool.total.codeheap.used:                   13693.000 KiB
                 mempool.total.used:                            691788.625 KiB
                 p0.00:                                         771.072 us/op
                 p0.50:                                         998.400 us/op
                 p0.90:                                         1810.022 us/op
                 p0.95:                                         2127.258 us/op
                 p0.99:                                         3121.439 us/op
                 p0.999:                                        12052.808 us/op
                 p0.9999:                                       16564.224 us/op
                 p1.00:                                         16564.224 us/op

Iteration   4: 1659.382 ±(99.9%) 101.457 us/op
                 gc.alloc.rate:                                 710.721 MB/sec
                 gc.alloc.rate.norm:                            1242207.088 B/op
                 gc.count:                                      3.000 counts
                 gc.time:                                       9.000 ms
                 mempool.CodeHeap 'non-nmethods'.used:          1562.875 KiB
                 mempool.CodeHeap 'non-profiled nmethods'.used: 2499.875 KiB
                 mempool.CodeHeap 'profiled nmethods'.used:     9593.500 KiB
                 mempool.Compressed Class Space.used:           3147.836 KiB
                 mempool.G1 Eden Space.used:                    627712.000 KiB
                 mempool.G1 Old Gen.used:                       15592.773 KiB
                 mempool.G1 Survivor Space.used:                1285.078 KiB
                 mempool.Metaspace.used:                        30029.250 KiB
                 mempool.total.codeheap.used:                   13656.250 KiB
                 mempool.total.used:                            691423.188 KiB
                 p0.00:                                         839.680 us/op
                 p0.50:                                         1397.760 us/op
                 p0.90:                                         2588.262 us/op
                 p0.95:                                         3134.464 us/op
                 p0.99:                                         4674.929 us/op
                 p0.999:                                        19379.126 us/op
                 p0.9999:                                       19628.032 us/op
                 p1.00:                                         19628.032 us/op

Iteration   5: 1582.116 ±(99.9%) 138.021 us/op
                 gc.alloc.rate:                                 727.712 MB/sec
                 gc.alloc.rate.norm:                            1256608.979 B/op
                 gc.count:                                      2.000 counts
                 gc.time:                                       7.000 ms
                 mempool.CodeHeap 'non-nmethods'.used:          1566.125 KiB
                 mempool.CodeHeap 'non-profiled nmethods'.used: 2511.500 KiB
                 mempool.CodeHeap 'profiled nmethods'.used:     9663.625 KiB
                 mempool.Compressed Class Space.used:           3147.836 KiB
                 mempool.G1 Eden Space.used:                    627712.000 KiB
                 mempool.G1 Old Gen.used:                       15657.164 KiB
                 mempool.G1 Survivor Space.used:                498.344 KiB
                 mempool.Metaspace.used:                        30040.656 KiB
                 mempool.total.codeheap.used:                   13741.250 KiB
                 mempool.total.used:                            690797.250 KiB
                 p0.00:                                         866.304 us/op
                 p0.50:                                         1550.336 us/op
                 p0.90:                                         2183.987 us/op
                 p0.95:                                         2461.696 us/op
                 p0.99:                                         3575.316 us/op
                 p0.999:                                        38778.405 us/op
                 p0.9999:                                       50921.472 us/op
                 p1.00:                                         50921.472 us/op



Result "io.github.lemon_ant.jharmonizer.printerlab.PrinterBenchmark.serialize":
  N = 20762
  mean =   1447.278 ±(99.9%) 21.309 us/op

  Histogram, us/op:
    [    0.000,  5000.000) = 20637 
    [ 5000.000, 10000.000) = 105 
    [10000.000, 15000.000) = 9 
    [15000.000, 20000.000) = 6 
    [20000.000, 25000.000) = 4 
    [25000.000, 30000.000) = 0 
    [30000.000, 35000.000) = 0 
    [35000.000, 40000.000) = 0 
    [40000.000, 45000.000) = 0 
    [45000.000, 50000.000) = 0 
    [50000.000, 55000.000) = 1 

  Percentiles, us/op:
      p(0.0000) =    741.376 us/op
     p(50.0000) =   1183.744 us/op
     p(90.0000) =   2256.896 us/op
     p(95.0000) =   2662.400 us/op
     p(99.0000) =   4262.871 us/op
     p(99.9000) =   9850.765 us/op
     p(99.9900) =  24614.299 us/op
     p(99.9990) =  50921.472 us/op
     p(99.9999) =  50921.472 us/op
    p(100.0000) =  50921.472 us/op

Secondary result "io.github.lemon_ant.jharmonizer.printerlab.PrinterBenchmark.serialize:gc.alloc.rate":
  812.459 ±(99.9%) 149.081 MB/sec [Average]
  (min, avg, max) = (590.915, 812.459, 996.035), stdev = 139.450
  CI (99.9%): [663.378, 961.539] (assumes normal distribution)

Secondary result "io.github.lemon_ant.jharmonizer.printerlab.PrinterBenchmark.serialize:gc.alloc.rate.norm":
  1244984.222 ±(99.9%) 5975.056 B/op [Average]
  (min, avg, max) = (1242140.167, 1244984.222, 1256912.097), stdev = 5589.071
  CI (99.9%): [1239009.166, 1250959.278] (assumes normal distribution)

Secondary result "io.github.lemon_ant.jharmonizer.printerlab.PrinterBenchmark.serialize:gc.count":
  40.000 ±(99.9%) 0.001 counts [Sum]
  (min, avg, max) = (2.000, 2.667, 4.000), stdev = 0.617
  CI (99.9%): [40.000, 40.000] (assumes normal distribution)

Secondary result "io.github.lemon_ant.jharmonizer.printerlab.PrinterBenchmark.serialize:gc.time":
  224.000 ±(99.9%) 0.001 ms [Sum]
  (min, avg, max) = (7.000, 14.933, 26.000), stdev = 5.365
  CI (99.9%): [224.000, 224.000] (assumes normal distribution)

Secondary result "io.github.lemon_ant.jharmonizer.printerlab.PrinterBenchmark.serialize:mempool.CodeHeap 'non-nmethods'.used":
  1625.500 ±(99.9%) 0.001 KiB [Maximum]
  (min, avg, max) = (1562.875, 1584.167, 1625.500), stdev = 20.666
  CI (99.9%): [1625.500, 1625.500] (assumes normal distribution)

Secondary result "io.github.lemon_ant.jharmonizer.printerlab.PrinterBenchmark.serialize:mempool.CodeHeap 'non-profiled nmethods'.used":
  2594.875 ±(99.9%) 0.001 KiB [Maximum]
  (min, avg, max) = (2208.500, 2415.700, 2594.875), stdev = 113.769
  CI (99.9%): [2594.875, 2594.875] (assumes normal distribution)

Secondary result "io.github.lemon_ant.jharmonizer.printerlab.PrinterBenchmark.serialize:mempool.CodeHeap 'profiled nmethods'.used":
  9663.625 ±(99.9%) 0.001 KiB [Maximum]
  (min, avg, max) = (8915.625, 9296.892, 9663.625), stdev = 277.444
  CI (99.9%): [9663.625, 9663.625] (assumes normal distribution)

Secondary result "io.github.lemon_ant.jharmonizer.printerlab.PrinterBenchmark.serialize:mempool.Compressed Class Space.used":
  3148.773 ±(99.9%) 0.001 KiB [Maximum]
  (min, avg, max) = (3143.141, 3146.725, 3148.773), stdev = 2.087
  CI (99.9%): [3148.773, 3148.773] (assumes normal distribution)

Secondary result "io.github.lemon_ant.jharmonizer.printerlab.PrinterBenchmark.serialize:mempool.G1 Eden Space.used":
  627712.000 ±(99.9%) 0.001 KiB [Maximum]
  (min, avg, max) = (621568.000, 623752.533, 627712.000), stdev = 2677.735
  CI (99.9%): [627712.000, 627712.000] (assumes normal distribution)

Secondary result "io.github.lemon_ant.jharmonizer.printerlab.PrinterBenchmark.serialize:mempool.G1 Old Gen.used":
  15657.164 ±(99.9%) 0.001 KiB [Maximum]
  (min, avg, max) = (8834.594, 11862.192, 15657.164), stdev = 2942.657
  CI (99.9%): [15657.164, 15657.164] (assumes normal distribution)

Secondary result "io.github.lemon_ant.jharmonizer.printerlab.PrinterBenchmark.serialize:mempool.G1 Survivor Space.used":
  7037.563 ±(99.9%) 0.001 KiB [Maximum]
  (min, avg, max) = (498.344, 5369.001, 7037.563), stdev = 2423.827
  CI (99.9%): [7037.563, 7037.563] (assumes normal distribution)

Secondary result "io.github.lemon_ant.jharmonizer.printerlab.PrinterBenchmark.serialize:mempool.Metaspace.used":
  30040.656 ±(99.9%) 0.001 KiB [Maximum]
  (min, avg, max) = (29945.320, 29984.526, 30040.656), stdev = 32.728
  CI (99.9%): [30040.656, 30040.656] (assumes normal distribution)

Secondary result "io.github.lemon_ant.jharmonizer.printerlab.PrinterBenchmark.serialize:mempool.total.codeheap.used":
  13741.250 ±(99.9%) 0.001 KiB [Maximum]
  (min, avg, max) = (12698.250, 13296.758, 13741.250), stdev = 361.319
  CI (99.9%): [13741.250, 13741.250] (assumes normal distribution)

Secondary result "io.github.lemon_ant.jharmonizer.printerlab.PrinterBenchmark.serialize:mempool.total.used":
  693347.352 ±(99.9%) 0.001 KiB [Maximum]
  (min, avg, max) = (683451.898, 687411.735, 693347.352), stdev = 3858.052
  CI (99.9%): [693347.352, 693347.352] (assumes normal distribution)


# Run complete. Total time: 00:04:45

REMEMBER: The numbers below are just data. To gain reusable insights, you need to follow up on
why the numbers are the way they are. Use profilers (see -prof, -lprof), design factorial
experiments, perform baseline and negative tests that provide experimental control, make sure
the benchmarking environment is safe on JVM/OS/HW level, ask for reviews from the domain experts.
Do not assume the numbers tell you what you want them to tell.

NOTE: Current JVM experimentally supports Compiler Blackholes, and they are in use. Please exercise
extra caution when trusting the results, look into the generated code to check the benchmark still
works, and factor in a small probability of new VM bugs. Additionally, while comparisons between
different JVMs are already problematic, the performance difference caused by different Blackhole
modes can be very significant. Please make sure you use the consistent Blackhole mode for comparisons.

Benchmark                                                                 (workload)    Mode     Cnt        Score      Error   Units
PrinterBenchmark.serialize                                                  fixtures  sample  122605      244.828 ±    3.505   us/op
PrinterBenchmark.serialize:gc.alloc.rate                                    fixtures  sample      15      678.340 ±  192.268  MB/sec
PrinterBenchmark.serialize:gc.alloc.rate.norm                               fixtures  sample      15   175806.549 ±  231.986    B/op
PrinterBenchmark.serialize:gc.count                                         fixtures  sample      15       33.000             counts
PrinterBenchmark.serialize:gc.time                                          fixtures  sample      15      223.000                 ms
PrinterBenchmark.serialize:mempool.CodeHeap 'non-nmethods'.used             fixtures  sample      15     1633.125                KiB
PrinterBenchmark.serialize:mempool.CodeHeap 'non-profiled nmethods'.used    fixtures  sample      15     2812.625                KiB
PrinterBenchmark.serialize:mempool.CodeHeap 'profiled nmethods'.used        fixtures  sample      15     9096.625                KiB
PrinterBenchmark.serialize:mempool.Compressed Class Space.used              fixtures  sample      15     3528.313                KiB
PrinterBenchmark.serialize:mempool.G1 Eden Space.used                       fixtures  sample      15   626688.000                KiB
PrinterBenchmark.serialize:mempool.G1 Old Gen.used                          fixtures  sample      15    15465.336                KiB
PrinterBenchmark.serialize:mempool.G1 Survivor Space.used                   fixtures  sample      15     7714.906                KiB
PrinterBenchmark.serialize:mempool.Metaspace.used                           fixtures  sample      15    31687.594                KiB
PrinterBenchmark.serialize:mempool.total.codeheap.used                      fixtures  sample      15    13495.000                KiB
PrinterBenchmark.serialize:mempool.total.used                               fixtures  sample      15   693309.289                KiB
PrinterBenchmark.serialize:p0.00                                            fixtures  sample              120.960              us/op
PrinterBenchmark.serialize:p0.50                                            fixtures  sample              173.056              us/op
PrinterBenchmark.serialize:p0.90                                            fixtures  sample              415.744              us/op
PrinterBenchmark.serialize:p0.95                                            fixtures  sample              501.760              us/op
PrinterBenchmark.serialize:p0.99                                            fixtures  sample              860.160              us/op
PrinterBenchmark.serialize:p0.999                                           fixtures  sample             2976.055              us/op
PrinterBenchmark.serialize:p0.9999                                          fixtures  sample             9377.409              us/op
PrinterBenchmark.serialize:p1.00                                            fixtures  sample            91226.112              us/op
PrinterBenchmark.serialize                                                   flat128  sample  232995      139.615 ±   37.429   us/op
PrinterBenchmark.serialize:gc.alloc.rate                                     flat128  sample      15      821.457 ±  357.015  MB/sec
PrinterBenchmark.serialize:gc.alloc.rate.norm                                flat128  sample      15   116440.791 ±   83.445    B/op
PrinterBenchmark.serialize:gc.count                                          flat128  sample      15       42.000             counts
PrinterBenchmark.serialize:gc.time                                           flat128  sample      15      216.000                 ms
PrinterBenchmark.serialize:mempool.CodeHeap 'non-nmethods'.used              flat128  sample      15     1607.375                KiB
PrinterBenchmark.serialize:mempool.CodeHeap 'non-profiled nmethods'.used     flat128  sample      15     2199.000                KiB
PrinterBenchmark.serialize:mempool.CodeHeap 'profiled nmethods'.used         flat128  sample      15     7229.375                KiB
PrinterBenchmark.serialize:mempool.Compressed Class Space.used               flat128  sample      15     3143.383                KiB
PrinterBenchmark.serialize:mempool.G1 Eden Space.used                        flat128  sample      15   627712.000                KiB
PrinterBenchmark.serialize:mempool.G1 Old Gen.used                           flat128  sample      15    15250.242                KiB
PrinterBenchmark.serialize:mempool.G1 Survivor Space.used                    flat128  sample      15     6891.633                KiB
PrinterBenchmark.serialize:mempool.Metaspace.used                            flat128  sample      15    29354.586                KiB
PrinterBenchmark.serialize:mempool.total.codeheap.used                       flat128  sample      15    10981.375                KiB
PrinterBenchmark.serialize:mempool.total.used                                flat128  sample      15   690727.125                KiB
PrinterBenchmark.serialize:p0.00                                             flat128  sample               57.792              us/op
PrinterBenchmark.serialize:p0.50                                             flat128  sample               83.840              us/op
PrinterBenchmark.serialize:p0.90                                             flat128  sample              194.560              us/op
PrinterBenchmark.serialize:p0.95                                             flat128  sample              238.336              us/op
PrinterBenchmark.serialize:p0.99                                             flat128  sample              472.064              us/op
PrinterBenchmark.serialize:p0.999                                            flat128  sample             3006.530              us/op
PrinterBenchmark.serialize:p0.9999                                           flat128  sample            20303.289              us/op
PrinterBenchmark.serialize:p1.00                                             flat128  sample          2638217.216              us/op
PrinterBenchmark.serialize                                                  flat1024  sample   28256     1062.676 ±   13.542   us/op
PrinterBenchmark.serialize:gc.alloc.rate                                    flat1024  sample      15      820.208 ±  182.288  MB/sec
PrinterBenchmark.serialize:gc.alloc.rate.norm                               flat1024  sample      15   921614.655 ± 2611.107    B/op
PrinterBenchmark.serialize:gc.count                                         flat1024  sample      15       40.000             counts
PrinterBenchmark.serialize:gc.time                                          flat1024  sample      15      145.000                 ms
PrinterBenchmark.serialize:mempool.CodeHeap 'non-nmethods'.used             flat1024  sample      15     1619.750                KiB
PrinterBenchmark.serialize:mempool.CodeHeap 'non-profiled nmethods'.used    flat1024  sample      15     2718.750                KiB
PrinterBenchmark.serialize:mempool.CodeHeap 'profiled nmethods'.used        flat1024  sample      15     8910.875                KiB
PrinterBenchmark.serialize:mempool.Compressed Class Space.used              flat1024  sample      15     3147.070                KiB
PrinterBenchmark.serialize:mempool.G1 Eden Space.used                       flat1024  sample      15   627712.000                KiB
PrinterBenchmark.serialize:mempool.G1 Old Gen.used                          flat1024  sample      15    15543.172                KiB
PrinterBenchmark.serialize:mempool.G1 Survivor Space.used                   flat1024  sample      15     6768.102                KiB
PrinterBenchmark.serialize:mempool.Metaspace.used                           flat1024  sample      15    29918.805                KiB
PrinterBenchmark.serialize:mempool.total.codeheap.used                      flat1024  sample      15    13156.125                KiB
PrinterBenchmark.serialize:mempool.total.used                               flat1024  sample      15   692453.875                KiB
PrinterBenchmark.serialize:p0.00                                            flat1024  sample              540.672              us/op
PrinterBenchmark.serialize:p0.50                                            flat1024  sample              826.368              us/op
PrinterBenchmark.serialize:p0.90                                            flat1024  sample             1728.512              us/op
PrinterBenchmark.serialize:p0.95                                            flat1024  sample             2101.248              us/op
PrinterBenchmark.serialize:p0.99                                            flat1024  sample             3493.315              us/op
PrinterBenchmark.serialize:p0.999                                           flat1024  sample             7204.749              us/op
PrinterBenchmark.serialize:p0.9999                                          flat1024  sample            17151.171              us/op
PrinterBenchmark.serialize:p1.00                                            flat1024  sample            33128.448              us/op
PrinterBenchmark.serialize                                                 nested128  sample   20762     1447.278 ±   21.309   us/op
PrinterBenchmark.serialize:gc.alloc.rate                                   nested128  sample      15      812.459 ±  149.081  MB/sec
PrinterBenchmark.serialize:gc.alloc.rate.norm                              nested128  sample      15  1244984.222 ± 5975.056    B/op
PrinterBenchmark.serialize:gc.count                                        nested128  sample      15       40.000             counts
PrinterBenchmark.serialize:gc.time                                         nested128  sample      15      224.000                 ms
PrinterBenchmark.serialize:mempool.CodeHeap 'non-nmethods'.used            nested128  sample      15     1625.500                KiB
PrinterBenchmark.serialize:mempool.CodeHeap 'non-profiled nmethods'.used   nested128  sample      15     2594.875                KiB
PrinterBenchmark.serialize:mempool.CodeHeap 'profiled nmethods'.used       nested128  sample      15     9663.625                KiB
PrinterBenchmark.serialize:mempool.Compressed Class Space.used             nested128  sample      15     3148.773                KiB
PrinterBenchmark.serialize:mempool.G1 Eden Space.used                      nested128  sample      15   627712.000                KiB
PrinterBenchmark.serialize:mempool.G1 Old Gen.used                         nested128  sample      15    15657.164                KiB
PrinterBenchmark.serialize:mempool.G1 Survivor Space.used                  nested128  sample      15     7037.563                KiB
PrinterBenchmark.serialize:mempool.Metaspace.used                          nested128  sample      15    30040.656                KiB
PrinterBenchmark.serialize:mempool.total.codeheap.used                     nested128  sample      15    13741.250                KiB
PrinterBenchmark.serialize:mempool.total.used                              nested128  sample      15   693347.352                KiB
PrinterBenchmark.serialize:p0.00                                           nested128  sample              741.376              us/op
PrinterBenchmark.serialize:p0.50                                           nested128  sample             1183.744              us/op
PrinterBenchmark.serialize:p0.90                                           nested128  sample             2256.896              us/op
PrinterBenchmark.serialize:p0.95                                           nested128  sample             2662.400              us/op
PrinterBenchmark.serialize:p0.99                                           nested128  sample             4262.871              us/op
PrinterBenchmark.serialize:p0.999                                          nested128  sample             9850.765              us/op
PrinterBenchmark.serialize:p0.9999                                         nested128  sample            24614.299              us/op
PrinterBenchmark.serialize:p1.00                                           nested128  sample            50921.472              us/op

Benchmark result is saved to W:\JHarmonizer\core\printer-lab\target\measurement-0f6aa72d\candidate-run\sample-t1.raw.json
