# SPDX-FileCopyrightText: 2026 Anton Lem <antonlem78@gmail.com>
# SPDX-License-Identifier: Apache-2.0
# JMH version: 1.37
# VM version: JDK 21.0.8, OpenJDK 64-Bit Server VM, 21.0.8+9-LTS
# VM invoker: C:\Program Files\Microsoft\jdk-21.0.8.9-hotspot\bin\java.exe
# VM options: -Xms1g -Xmx1g -XX:+UseG1GC -Dfile.encoding=UTF-8 -Duser.language=en -Duser.country=US -Duser.timezone=UTC -Dprinter.lab.corpus=W:\JHarmonizer\core\printer-lab\target\measurement-0f6aa72d\candidate-run\corpus
# Blackhole mode: compiler (auto-detected, use -Djmh.blackhole.autoDetect=false to disable)
# Warmup: 5 iterations, 1 s each
# Measurement: 5 iterations, 2 s each
# Timeout: 10 min per iteration
# Threads: 8 threads, will synchronize iterations
# Benchmark mode: Throughput, ops/time
# Benchmark: io.github.lemon_ant.jharmonizer.printerlab.PrinterBenchmark.serialize
# Parameters: (workload = fixtures)

# Run progress: 0.00% complete, ETA 00:03:00
# Fork: 1 of 3
Picked up JAVA_TOOL_OPTIONS: -Dfile.encoding=UTF-8
# Warmup Iteration   1: 2105.450 ops/s
# Warmup Iteration   2: 3862.074 ops/s
# Warmup Iteration   3: 10109.771 ops/s
# Warmup Iteration   4: 14147.031 ops/s
# Warmup Iteration   5: 12438.592 ops/s
Iteration   1: 9080.850 ops/s
                 gc.alloc.rate:                                 1531.262 MB/sec
                 gc.alloc.rate.norm:                            178170.236 B/op
                 gc.count:                                      6.000 counts
                 gc.time:                                       26.000 ms
                 mempool.CodeHeap 'non-nmethods'.used:          1587.250 KiB
                 mempool.CodeHeap 'non-profiled nmethods'.used: 3795.500 KiB
                 mempool.CodeHeap 'profiled nmethods'.used:     12148.125 KiB
                 mempool.Compressed Class Space.used:           5172.656 KiB
                 mempool.G1 Eden Space.used:                    627712.000 KiB
                 mempool.G1 Old Gen.used:                       20858.375 KiB
                 mempool.G1 Survivor Space.used:                5025.063 KiB
                 mempool.Metaspace.used:                        37716.938 KiB
                 mempool.total.codeheap.used:                   17530.875 KiB
                 mempool.total.used:                            714015.906 KiB

Iteration   2: 11957.522 ops/s
                 gc.alloc.rate:                                 1987.703 MB/sec
                 gc.alloc.rate.norm:                            178178.595 B/op
                 gc.count:                                      7.000 counts
                 gc.time:                                       19.000 ms
                 mempool.CodeHeap 'non-nmethods'.used:          1586.875 KiB
                 mempool.CodeHeap 'non-profiled nmethods'.used: 3802.375 KiB
                 mempool.CodeHeap 'profiled nmethods'.used:     12200.875 KiB
                 mempool.Compressed Class Space.used:           5173.719 KiB
                 mempool.G1 Eden Space.used:                    627712.000 KiB
                 mempool.G1 Old Gen.used:                       20880.031 KiB
                 mempool.G1 Survivor Space.used:                44.172 KiB
                 mempool.Metaspace.used:                        37738.438 KiB
                 mempool.total.codeheap.used:                   17590.125 KiB
                 mempool.total.used:                            709138.484 KiB

Iteration   3: 12544.077 ops/s
                 gc.alloc.rate:                                 2116.522 MB/sec
                 gc.alloc.rate.norm:                            178169.407 B/op
                 gc.count:                                      7.000 counts
                 gc.time:                                       14.000 ms
                 mempool.CodeHeap 'non-nmethods'.used:          1588.625 KiB
                 mempool.CodeHeap 'non-profiled nmethods'.used: 3818.125 KiB
                 mempool.CodeHeap 'profiled nmethods'.used:     12216.625 KiB
                 mempool.Compressed Class Space.used:           5173.719 KiB
                 mempool.G1 Eden Space.used:                    627712.000 KiB
                 mempool.G1 Old Gen.used:                       20888.094 KiB
                 mempool.G1 Survivor Space.used:                40.203 KiB
                 mempool.Metaspace.used:                        37741.875 KiB
                 mempool.total.codeheap.used:                   17623.375 KiB
                 mempool.total.used:                            709179.266 KiB

Iteration   4: 12660.734 ops/s
                 gc.alloc.rate:                                 2146.753 MB/sec
                 gc.alloc.rate.norm:                            178169.391 B/op
                 gc.count:                                      8.000 counts
                 gc.time:                                       19.000 ms
                 mempool.CodeHeap 'non-nmethods'.used:          1586.625 KiB
                 mempool.CodeHeap 'non-profiled nmethods'.used: 3821.500 KiB
                 mempool.CodeHeap 'profiled nmethods'.used:     12249.000 KiB
                 mempool.Compressed Class Space.used:           5173.719 KiB
                 mempool.G1 Eden Space.used:                    627712.000 KiB
                 mempool.G1 Old Gen.used:                       20905.609 KiB
                 mempool.G1 Survivor Space.used:                38.227 KiB
                 mempool.Metaspace.used:                        37749.844 KiB
                 mempool.total.codeheap.used:                   17657.125 KiB
                 mempool.total.used:                            709236.523 KiB

Iteration   5: 13122.636 ops/s
                 gc.alloc.rate:                                 2176.876 MB/sec
                 gc.alloc.rate.norm:                            179189.159 B/op
                 gc.count:                                      7.000 counts
                 gc.time:                                       16.000 ms
                 mempool.CodeHeap 'non-nmethods'.used:          1588.000 KiB
                 mempool.CodeHeap 'non-profiled nmethods'.used: 3827.500 KiB
                 mempool.CodeHeap 'profiled nmethods'.used:     12344.375 KiB
                 mempool.Compressed Class Space.used:           5174.227 KiB
                 mempool.G1 Eden Space.used:                    627712.000 KiB
                 mempool.G1 Old Gen.used:                       20915.688 KiB
                 mempool.G1 Survivor Space.used:                47.039 KiB
                 mempool.Metaspace.used:                        37756.016 KiB
                 mempool.total.codeheap.used:                   17759.875 KiB
                 mempool.total.used:                            709364.844 KiB


# Run progress: 8.33% complete, ETA 00:05:18
# Fork: 2 of 3
Picked up JAVA_TOOL_OPTIONS: -Dfile.encoding=UTF-8
# Warmup Iteration   1: 2164.615 ops/s
# Warmup Iteration   2: 3505.241 ops/s
# Warmup Iteration   3: 9105.576 ops/s
# Warmup Iteration   4: 10521.813 ops/s
# Warmup Iteration   5: 11406.346 ops/s
Iteration   1: 12319.310 ops/s
                 gc.alloc.rate:                                 2085.661 MB/sec
                 gc.alloc.rate.norm:                            178169.610 B/op
                 gc.count:                                      7.000 counts
                 gc.time:                                       41.000 ms
                 mempool.CodeHeap 'non-nmethods'.used:          1589.500 KiB
                 mempool.CodeHeap 'non-profiled nmethods'.used: 3888.250 KiB
                 mempool.CodeHeap 'profiled nmethods'.used:     12200.875 KiB
                 mempool.Compressed Class Space.used:           5230.094 KiB
                 mempool.G1 Eden Space.used:                    627712.000 KiB
                 mempool.G1 Old Gen.used:                       21335.156 KiB
                 mempool.G1 Survivor Space.used:                11264.000 KiB
                 mempool.Metaspace.used:                        38048.344 KiB
                 mempool.total.codeheap.used:                   17678.625 KiB
                 mempool.total.used:                            721268.219 KiB

Iteration   2: 12447.314 ops/s
                 gc.alloc.rate:                                 2106.065 MB/sec
                 gc.alloc.rate.norm:                            178180.429 B/op
                 gc.count:                                      7.000 counts
                 gc.time:                                       17.000 ms
                 mempool.CodeHeap 'non-nmethods'.used:          1589.750 KiB
                 mempool.CodeHeap 'non-profiled nmethods'.used: 3896.125 KiB
                 mempool.CodeHeap 'profiled nmethods'.used:     12243.250 KiB
                 mempool.Compressed Class Space.used:           5231.156 KiB
                 mempool.G1 Eden Space.used:                    627712.000 KiB
                 mempool.G1 Old Gen.used:                       21356.813 KiB
                 mempool.G1 Survivor Space.used:                51.352 KiB
                 mempool.Metaspace.used:                        38064.047 KiB
                 mempool.total.codeheap.used:                   17729.125 KiB
                 mempool.total.used:                            710144.492 KiB

Iteration   3: 11473.191 ops/s
                 gc.alloc.rate:                                 1949.607 MB/sec
                 gc.alloc.rate.norm:                            178169.527 B/op
                 gc.count:                                      7.000 counts
                 gc.time:                                       14.000 ms
                 mempool.CodeHeap 'non-nmethods'.used:          1591.125 KiB
                 mempool.CodeHeap 'non-profiled nmethods'.used: 3905.625 KiB
                 mempool.CodeHeap 'profiled nmethods'.used:     12247.125 KiB
                 mempool.Compressed Class Space.used:           5231.156 KiB
                 mempool.G1 Eden Space.used:                    627712.000 KiB
                 mempool.G1 Old Gen.used:                       21364.875 KiB
                 mempool.G1 Survivor Space.used:                37.109 KiB
                 mempool.Metaspace.used:                        38064.563 KiB
                 mempool.total.codeheap.used:                   17743.875 KiB
                 mempool.total.used:                            710153.578 KiB

Iteration   4: 10590.228 ops/s
                 gc.alloc.rate:                                 1785.518 MB/sec
                 gc.alloc.rate.norm:                            178169.676 B/op
                 gc.count:                                      6.000 counts
                 gc.time:                                       14.000 ms
                 mempool.CodeHeap 'non-nmethods'.used:          1589.750 KiB
                 mempool.CodeHeap 'non-profiled nmethods'.used: 3912.625 KiB
                 mempool.CodeHeap 'profiled nmethods'.used:     12262.250 KiB
                 mempool.Compressed Class Space.used:           5231.156 KiB
                 mempool.G1 Eden Space.used:                    627712.000 KiB
                 mempool.G1 Old Gen.used:                       21380.375 KiB
                 mempool.G1 Survivor Space.used:                38.617 KiB
                 mempool.Metaspace.used:                        38068.883 KiB
                 mempool.total.codeheap.used:                   17764.625 KiB
                 mempool.total.used:                            710195.656 KiB

Iteration   5: 11508.043 ops/s
                 gc.alloc.rate:                                 1849.947 MB/sec
                 gc.alloc.rate.norm:                            179323.855 B/op
                 gc.count:                                      7.000 counts
                 gc.time:                                       17.000 ms
                 mempool.CodeHeap 'non-nmethods'.used:          1606.375 KiB
                 mempool.CodeHeap 'non-profiled nmethods'.used: 3938.875 KiB
                 mempool.CodeHeap 'profiled nmethods'.used:     12391.000 KiB
                 mempool.Compressed Class Space.used:           5231.664 KiB
                 mempool.G1 Eden Space.used:                    627712.000 KiB
                 mempool.G1 Old Gen.used:                       21390.453 KiB
                 mempool.G1 Survivor Space.used:                41.781 KiB
                 mempool.Metaspace.used:                        38083.516 KiB
                 mempool.total.codeheap.used:                   17936.250 KiB
                 mempool.total.used:                            710395.664 KiB


# Run progress: 16.67% complete, ETA 00:04:48
# Fork: 3 of 3
Picked up JAVA_TOOL_OPTIONS: -Dfile.encoding=UTF-8
# Warmup Iteration   1: 2628.779 ops/s
# Warmup Iteration   2: 4062.199 ops/s
# Warmup Iteration   3: 4600.939 ops/s
# Warmup Iteration   4: 9180.070 ops/s
# Warmup Iteration   5: 10293.802 ops/s
Iteration   1: 10449.452 ops/s
                 gc.alloc.rate:                                 1763.119 MB/sec
                 gc.alloc.rate.norm:                            177065.644 B/op
                 gc.count:                                      6.000 counts
                 gc.time:                                       46.000 ms
                 mempool.CodeHeap 'non-nmethods'.used:          1586.625 KiB
                 mempool.CodeHeap 'non-profiled nmethods'.used: 3690.625 KiB
                 mempool.CodeHeap 'profiled nmethods'.used:     12216.000 KiB
                 mempool.Compressed Class Space.used:           5101.781 KiB
                 mempool.G1 Eden Space.used:                    626688.000 KiB
                 mempool.G1 Old Gen.used:                       21254.234 KiB
                 mempool.G1 Survivor Space.used:                12865.156 KiB
                 mempool.Metaspace.used:                        37554.523 KiB
                 mempool.total.codeheap.used:                   17493.250 KiB
                 mempool.total.used:                            720956.945 KiB

Iteration   2: 11684.879 ops/s
                 gc.alloc.rate:                                 1967.222 MB/sec
                 gc.alloc.rate.norm:                            177038.702 B/op
                 gc.count:                                      7.000 counts
                 gc.time:                                       14.000 ms
                 mempool.CodeHeap 'non-nmethods'.used:          1586.875 KiB
                 mempool.CodeHeap 'non-profiled nmethods'.used: 3698.750 KiB
                 mempool.CodeHeap 'profiled nmethods'.used:     12262.250 KiB
                 mempool.Compressed Class Space.used:           5102.844 KiB
                 mempool.G1 Eden Space.used:                    627712.000 KiB
                 mempool.G1 Old Gen.used:                       21494.203 KiB
                 mempool.G1 Survivor Space.used:                301.219 KiB
                 mempool.Metaspace.used:                        37576.023 KiB
                 mempool.total.codeheap.used:                   17547.875 KiB
                 mempool.total.used:                            709734.164 KiB

Iteration   3: 11998.270 ops/s
                 gc.alloc.rate:                                 2022.836 MB/sec
                 gc.alloc.rate.norm:                            176997.776 B/op
                 gc.count:                                      7.000 counts
                 gc.time:                                       17.000 ms
                 mempool.CodeHeap 'non-nmethods'.used:          1585.625 KiB
                 mempool.CodeHeap 'non-profiled nmethods'.used: 3699.625 KiB
                 mempool.CodeHeap 'profiled nmethods'.used:     12275.125 KiB
                 mempool.Compressed Class Space.used:           5102.844 KiB
                 mempool.G1 Eden Space.used:                    627712.000 KiB
                 mempool.G1 Old Gen.used:                       21506.016 KiB
                 mempool.G1 Survivor Space.used:                41.203 KiB
                 mempool.Metaspace.used:                        37576.977 KiB
                 mempool.total.codeheap.used:                   17560.375 KiB
                 mempool.total.used:                            709499.414 KiB

Iteration   4: 12005.192 ops/s
                 gc.alloc.rate:                                 2024.435 MB/sec
                 gc.alloc.rate.norm:                            177022.550 B/op
                 gc.count:                                      7.000 counts
                 gc.time:                                       15.000 ms
                 mempool.CodeHeap 'non-nmethods'.used:          1588.250 KiB
                 mempool.CodeHeap 'non-profiled nmethods'.used: 3713.500 KiB
                 mempool.CodeHeap 'profiled nmethods'.used:     12311.000 KiB
                 mempool.Compressed Class Space.used:           5102.844 KiB
                 mempool.G1 Eden Space.used:                    627712.000 KiB
                 mempool.G1 Old Gen.used:                       21525.547 KiB
                 mempool.G1 Survivor Space.used:                37.031 KiB
                 mempool.Metaspace.used:                        37584.500 KiB
                 mempool.total.codeheap.used:                   17612.750 KiB
                 mempool.total.used:                            709574.672 KiB

Iteration   5: 14254.072 ops/s
                 gc.alloc.rate:                                 2353.614 MB/sec
                 gc.alloc.rate.norm:                            177679.754 B/op
                 gc.count:                                      8.000 counts
                 gc.time:                                       16.000 ms
                 mempool.CodeHeap 'non-nmethods'.used:          1589.500 KiB
                 mempool.CodeHeap 'non-profiled nmethods'.used: 3719.125 KiB
                 mempool.CodeHeap 'profiled nmethods'.used:     12426.750 KiB
                 mempool.Compressed Class Space.used:           5103.352 KiB
                 mempool.G1 Eden Space.used:                    627712.000 KiB
                 mempool.G1 Old Gen.used:                       21535.625 KiB
                 mempool.G1 Survivor Space.used:                45.641 KiB
                 mempool.Metaspace.used:                        37600.125 KiB
                 mempool.total.codeheap.used:                   17735.375 KiB
                 mempool.total.used:                            709732.117 KiB



Result "io.github.lemon_ant.jharmonizer.printerlab.PrinterBenchmark.serialize":
  11873.051 ±(99.9%) 1298.930 ops/s [Average]
  (min, avg, max) = (9080.850, 11873.051, 14254.072), stdev = 1215.020
  CI (99.9%): [10574.121, 13171.981] (assumes normal distribution)

Secondary result "io.github.lemon_ant.jharmonizer.printerlab.PrinterBenchmark.serialize:gc.alloc.rate":
  1991.143 ±(99.9%) 213.446 MB/sec [Average]
  (min, avg, max) = (1531.262, 1991.143, 2353.614), stdev = 199.657
  CI (99.9%): [1777.697, 2204.588] (assumes normal distribution)

Secondary result "io.github.lemon_ant.jharmonizer.printerlab.PrinterBenchmark.serialize:gc.alloc.rate.norm":
  177979.621 ±(99.9%) 769.698 B/op [Average]
  (min, avg, max) = (176997.776, 177979.621, 179323.855), stdev = 719.976
  CI (99.9%): [177209.923, 178749.319] (assumes normal distribution)

Secondary result "io.github.lemon_ant.jharmonizer.printerlab.PrinterBenchmark.serialize:gc.count":
  104.000 ±(99.9%) 0.001 counts [Sum]
  (min, avg, max) = (6.000, 6.933, 8.000), stdev = 0.594
  CI (99.9%): [104.000, 104.000] (assumes normal distribution)

Secondary result "io.github.lemon_ant.jharmonizer.printerlab.PrinterBenchmark.serialize:gc.time":
  305.000 ±(99.9%) 0.001 ms [Sum]
  (min, avg, max) = (14.000, 20.333, 46.000), stdev = 9.933
  CI (99.9%): [305.000, 305.000] (assumes normal distribution)

Secondary result "io.github.lemon_ant.jharmonizer.printerlab.PrinterBenchmark.serialize:mempool.CodeHeap 'non-nmethods'.used":
  1606.375 ±(99.9%) 0.001 KiB [Maximum]
  (min, avg, max) = (1585.625, 1589.383, 1606.375), stdev = 4.945
  CI (99.9%): [1606.375, 1606.375] (assumes normal distribution)

Secondary result "io.github.lemon_ant.jharmonizer.printerlab.PrinterBenchmark.serialize:mempool.CodeHeap 'non-profiled nmethods'.used":
  3938.875 ±(99.9%) 0.001 KiB [Maximum]
  (min, avg, max) = (3690.625, 3808.542, 3938.875), stdev = 87.402
  CI (99.9%): [3938.875, 3938.875] (assumes normal distribution)

Secondary result "io.github.lemon_ant.jharmonizer.printerlab.PrinterBenchmark.serialize:mempool.CodeHeap 'profiled nmethods'.used":
  12426.750 ±(99.9%) 0.001 KiB [Maximum]
  (min, avg, max) = (12148.125, 12266.308, 12426.750), stdev = 74.748
  CI (99.9%): [12426.750, 12426.750] (assumes normal distribution)

Secondary result "io.github.lemon_ant.jharmonizer.printerlab.PrinterBenchmark.serialize:mempool.Compressed Class Space.used":
  5231.664 ±(99.9%) 0.001 KiB [Maximum]
  (min, avg, max) = (5101.781, 5169.129, 5231.664), stdev = 54.324
  CI (99.9%): [5231.664, 5231.664] (assumes normal distribution)

Secondary result "io.github.lemon_ant.jharmonizer.printerlab.PrinterBenchmark.serialize:mempool.G1 Eden Space.used":
  627712.000 ±(99.9%) 0.001 KiB [Maximum]
  (min, avg, max) = (626688.000, 627643.733, 627712.000), stdev = 264.396
  CI (99.9%): [627712.000, 627712.000] (assumes normal distribution)

Secondary result "io.github.lemon_ant.jharmonizer.printerlab.PrinterBenchmark.serialize:mempool.G1 Old Gen.used":
  21535.625 ±(99.9%) 0.001 KiB [Maximum]
  (min, avg, max) = (20858.375, 21239.406, 21535.625), stdev = 267.421
  CI (99.9%): [21535.625, 21535.625] (assumes normal distribution)

Secondary result "io.github.lemon_ant.jharmonizer.printerlab.PrinterBenchmark.serialize:mempool.G1 Survivor Space.used":
  12865.156 ±(99.9%) 0.001 KiB [Maximum]
  (min, avg, max) = (37.031, 1994.521, 12865.156), stdev = 4293.516
  CI (99.9%): [12865.156, 12865.156] (assumes normal distribution)

Secondary result "io.github.lemon_ant.jharmonizer.printerlab.PrinterBenchmark.serialize:mempool.Metaspace.used":
  38083.516 ±(99.9%) 0.001 KiB [Maximum]
  (min, avg, max) = (37554.523, 37794.974, 38083.516), stdev = 210.231
  CI (99.9%): [38083.516, 38083.516] (assumes normal distribution)

Secondary result "io.github.lemon_ant.jharmonizer.printerlab.PrinterBenchmark.serialize:mempool.total.codeheap.used":
  17936.250 ±(99.9%) 0.001 KiB [Maximum]
  (min, avg, max) = (17493.250, 17664.233, 17936.250), stdev = 116.573
  CI (99.9%): [17936.250, 17936.250] (assumes normal distribution)

Secondary result "io.github.lemon_ant.jharmonizer.printerlab.PrinterBenchmark.serialize:mempool.total.used":
  721268.219 ±(99.9%) 0.001 KiB [Maximum]
  (min, avg, max) = (709138.484, 711505.996, 721268.219), stdev = 4073.870
  CI (99.9%): [721268.219, 721268.219] (assumes normal distribution)


# JMH version: 1.37
# VM version: JDK 21.0.8, OpenJDK 64-Bit Server VM, 21.0.8+9-LTS
# VM invoker: C:\Program Files\Microsoft\jdk-21.0.8.9-hotspot\bin\java.exe
# VM options: -Xms1g -Xmx1g -XX:+UseG1GC -Dfile.encoding=UTF-8 -Duser.language=en -Duser.country=US -Duser.timezone=UTC -Dprinter.lab.corpus=W:\JHarmonizer\core\printer-lab\target\measurement-0f6aa72d\candidate-run\corpus
# Blackhole mode: compiler (auto-detected, use -Djmh.blackhole.autoDetect=false to disable)
# Warmup: 5 iterations, 1 s each
# Measurement: 5 iterations, 2 s each
# Timeout: 10 min per iteration
# Threads: 8 threads, will synchronize iterations
# Benchmark mode: Throughput, ops/time
# Benchmark: io.github.lemon_ant.jharmonizer.printerlab.PrinterBenchmark.serialize
# Parameters: (workload = flat128)

# Run progress: 25.00% complete, ETA 00:04:31
# Fork: 1 of 3
Picked up JAVA_TOOL_OPTIONS: -Dfile.encoding=UTF-8
# Warmup Iteration   1: 8505.240 ops/s
# Warmup Iteration   2: 13898.914 ops/s
# Warmup Iteration   3: 28607.526 ops/s
# Warmup Iteration   4: 28855.310 ops/s
# Warmup Iteration   5: 29891.480 ops/s
Iteration   1: 28643.486 ops/s
                 gc.alloc.rate:                                 3161.593 MB/sec
                 gc.alloc.rate.norm:                            116344.752 B/op
                 gc.count:                                      11.000 counts
                 gc.time:                                       26.000 ms
                 mempool.CodeHeap 'non-nmethods'.used:          1575.875 KiB
                 mempool.CodeHeap 'non-profiled nmethods'.used: 2796.750 KiB
                 mempool.CodeHeap 'profiled nmethods'.used:     8575.875 KiB
                 mempool.Compressed Class Space.used:           4497.242 KiB
                 mempool.G1 Eden Space.used:                    627712.000 KiB
                 mempool.G1 Old Gen.used:                       17738.117 KiB
                 mempool.G1 Survivor Space.used:                79.172 KiB
                 mempool.Metaspace.used:                        34017.719 KiB
                 mempool.total.codeheap.used:                   12948.500 KiB
                 mempool.total.used:                            696992.750 KiB

Iteration   2: 27468.077 ops/s
                 gc.alloc.rate:                                 3022.688 MB/sec
                 gc.alloc.rate.norm:                            116344.908 B/op
                 gc.count:                                      10.000 counts
                 gc.time:                                       22.000 ms
                 mempool.CodeHeap 'non-nmethods'.used:          1562.500 KiB
                 mempool.CodeHeap 'non-profiled nmethods'.used: 2803.625 KiB
                 mempool.CodeHeap 'profiled nmethods'.used:     8611.875 KiB
                 mempool.Compressed Class Space.used:           4498.305 KiB
                 mempool.G1 Eden Space.used:                    627712.000 KiB
                 mempool.G1 Old Gen.used:                       17752.227 KiB
                 mempool.G1 Survivor Space.used:                81.516 KiB
                 mempool.Metaspace.used:                        34030.172 KiB
                 mempool.total.codeheap.used:                   12978.000 KiB
                 mempool.total.used:                            697052.219 KiB

Iteration   3: 28242.001 ops/s
                 gc.alloc.rate:                                 3123.729 MB/sec
                 gc.alloc.rate.norm:                            116344.998 B/op
                 gc.count:                                      10.000 counts
                 gc.time:                                       22.000 ms
                 mempool.CodeHeap 'non-nmethods'.used:          1562.875 KiB
                 mempool.CodeHeap 'non-profiled nmethods'.used: 2804.875 KiB
                 mempool.CodeHeap 'profiled nmethods'.used:     8624.875 KiB
                 mempool.Compressed Class Space.used:           4498.305 KiB
                 mempool.G1 Eden Space.used:                    627712.000 KiB
                 mempool.G1 Old Gen.used:                       17769.742 KiB
                 mempool.G1 Survivor Space.used:                76.656 KiB
                 mempool.Metaspace.used:                        34033.234 KiB
                 mempool.total.codeheap.used:                   12992.625 KiB
                 mempool.total.used:                            697082.563 KiB

Iteration   4: 29396.628 ops/s
                 gc.alloc.rate:                                 3250.018 MB/sec
                 gc.alloc.rate.norm:                            116344.882 B/op
                 gc.count:                                      11.000 counts
                 gc.time:                                       23.000 ms
                 mempool.CodeHeap 'non-nmethods'.used:          1548.375 KiB
                 mempool.CodeHeap 'non-profiled nmethods'.used: 2805.625 KiB
                 mempool.CodeHeap 'profiled nmethods'.used:     8656.250 KiB
                 mempool.Compressed Class Space.used:           4498.305 KiB
                 mempool.G1 Eden Space.used:                    627712.000 KiB
                 mempool.G1 Old Gen.used:                       17779.820 KiB
                 mempool.G1 Survivor Space.used:                72.703 KiB
                 mempool.Metaspace.used:                        34042.672 KiB
                 mempool.total.codeheap.used:                   13010.250 KiB
                 mempool.total.used:                            697115.750 KiB

Iteration   5: 24180.823 ops/s
                 gc.alloc.rate:                                 2675.421 MB/sec
                 gc.alloc.rate.norm:                            116575.998 B/op
                 gc.count:                                      10.000 counts
                 gc.time:                                       25.000 ms
                 mempool.CodeHeap 'non-nmethods'.used:          1565.250 KiB
                 mempool.CodeHeap 'non-profiled nmethods'.used: 2810.750 KiB
                 mempool.CodeHeap 'profiled nmethods'.used:     8685.625 KiB
                 mempool.Compressed Class Space.used:           4498.813 KiB
                 mempool.G1 Eden Space.used:                    627712.000 KiB
                 mempool.G1 Old Gen.used:                       17787.883 KiB
                 mempool.G1 Survivor Space.used:                83.250 KiB
                 mempool.Metaspace.used:                        34057.969 KiB
                 mempool.total.codeheap.used:                   13061.625 KiB
                 mempool.total.used:                            697201.539 KiB


# Run progress: 33.33% complete, ETA 00:03:49
# Fork: 2 of 3
Picked up JAVA_TOOL_OPTIONS: -Dfile.encoding=UTF-8
# Warmup Iteration   1: 5573.842 ops/s
# Warmup Iteration   2: 14285.404 ops/s
# Warmup Iteration   3: 15117.172 ops/s
# Warmup Iteration   4: 25747.918 ops/s
# Warmup Iteration   5: 29665.142 ops/s
Iteration   1: 29212.883 ops/s
                 gc.alloc.rate:                                 3232.454 MB/sec
                 gc.alloc.rate.norm:                            116365.960 B/op
                 gc.count:                                      11.000 counts
                 gc.time:                                       22.000 ms
                 mempool.CodeHeap 'non-nmethods'.used:          1563.125 KiB
                 mempool.CodeHeap 'non-profiled nmethods'.used: 2899.125 KiB
                 mempool.CodeHeap 'profiled nmethods'.used:     8501.125 KiB
                 mempool.Compressed Class Space.used:           4452.156 KiB
                 mempool.G1 Eden Space.used:                    627712.000 KiB
                 mempool.G1 Old Gen.used:                       17511.227 KiB
                 mempool.G1 Survivor Space.used:                85.625 KiB
                 mempool.Metaspace.used:                        33874.617 KiB
                 mempool.total.codeheap.used:                   12963.375 KiB
                 mempool.total.used:                            696599.000 KiB

Iteration   2: 30039.417 ops/s
                 gc.alloc.rate:                                 3319.782 MB/sec
                 gc.alloc.rate.norm:                            116320.962 B/op
                 gc.count:                                      12.000 counts
                 gc.time:                                       25.000 ms
                 mempool.CodeHeap 'non-nmethods'.used:          1546.875 KiB
                 mempool.CodeHeap 'non-profiled nmethods'.used: 2902.500 KiB
                 mempool.CodeHeap 'profiled nmethods'.used:     8541.000 KiB
                 mempool.Compressed Class Space.used:           4453.219 KiB
                 mempool.G1 Eden Space.used:                    627712.000 KiB
                 mempool.G1 Old Gen.used:                       17523.320 KiB
                 mempool.G1 Survivor Space.used:                78.656 KiB
                 mempool.Metaspace.used:                        33889.117 KiB
                 mempool.total.codeheap.used:                   12990.375 KiB
                 mempool.total.used:                            696646.688 KiB

Iteration   3: 29833.240 ops/s
                 gc.alloc.rate:                                 3303.452 MB/sec
                 gc.alloc.rate.norm:                            116321.215 B/op
                 gc.count:                                      11.000 counts
                 gc.time:                                       23.000 ms
                 mempool.CodeHeap 'non-nmethods'.used:          1561.000 KiB
                 mempool.CodeHeap 'non-profiled nmethods'.used: 2905.500 KiB
                 mempool.CodeHeap 'profiled nmethods'.used:     8552.750 KiB
                 mempool.Compressed Class Space.used:           4453.219 KiB
                 mempool.G1 Eden Space.used:                    627712.000 KiB
                 mempool.G1 Old Gen.used:                       17542.852 KiB
                 mempool.G1 Survivor Space.used:                78.641 KiB
                 mempool.Metaspace.used:                        33893.609 KiB
                 mempool.total.codeheap.used:                   13019.250 KiB
                 mempool.total.used:                            696699.570 KiB

Iteration   4: 29707.483 ops/s
                 gc.alloc.rate:                                 3281.294 MB/sec
                 gc.alloc.rate.norm:                            116321.492 B/op
                 gc.count:                                      11.000 counts
                 gc.time:                                       25.000 ms
                 mempool.CodeHeap 'non-nmethods'.used:          1562.250 KiB
                 mempool.CodeHeap 'non-profiled nmethods'.used: 2909.125 KiB
                 mempool.CodeHeap 'profiled nmethods'.used:     8574.000 KiB
                 mempool.Compressed Class Space.used:           4453.219 KiB
                 mempool.G1 Eden Space.used:                    627712.000 KiB
                 mempool.G1 Old Gen.used:                       17546.883 KiB
                 mempool.G1 Survivor Space.used:                75.438 KiB
                 mempool.Metaspace.used:                        33903.516 KiB
                 mempool.total.codeheap.used:                   13045.375 KiB
                 mempool.total.used:                            696736.430 KiB

Iteration   5: 29619.487 ops/s
                 gc.alloc.rate:                                 3253.153 MB/sec
                 gc.alloc.rate.norm:                            116513.160 B/op
                 gc.count:                                      11.000 counts
                 gc.time:                                       24.000 ms
                 mempool.CodeHeap 'non-nmethods'.used:          1561.500 KiB
                 mempool.CodeHeap 'non-profiled nmethods'.used: 2911.875 KiB
                 mempool.CodeHeap 'profiled nmethods'.used:     8615.625 KiB
                 mempool.Compressed Class Space.used:           4453.727 KiB
                 mempool.G1 Eden Space.used:                    627712.000 KiB
                 mempool.G1 Old Gen.used:                       17554.945 KiB
                 mempool.G1 Survivor Space.used:                83.641 KiB
                 mempool.Metaspace.used:                        33917.781 KiB
                 mempool.total.codeheap.used:                   13089.000 KiB
                 mempool.total.used:                            696811.094 KiB


# Run progress: 41.67% complete, ETA 00:03:17
# Fork: 3 of 3
Picked up JAVA_TOOL_OPTIONS: -Dfile.encoding=UTF-8
# Warmup Iteration   1: 6909.860 ops/s
# Warmup Iteration   2: 12929.895 ops/s
# Warmup Iteration   3: 13594.940 ops/s
# Warmup Iteration   4: 19147.213 ops/s
# Warmup Iteration   5: 25604.874 ops/s
Iteration   1: 27184.736 ops/s
                 gc.alloc.rate:                                 3012.697 MB/sec
                 gc.alloc.rate.norm:                            116368.119 B/op
                 gc.count:                                      10.000 counts
                 gc.time:                                       22.000 ms
                 mempool.CodeHeap 'non-nmethods'.used:          1565.500 KiB
                 mempool.CodeHeap 'non-profiled nmethods'.used: 2960.375 KiB
                 mempool.CodeHeap 'profiled nmethods'.used:     8548.375 KiB
                 mempool.Compressed Class Space.used:           4433.359 KiB
                 mempool.G1 Eden Space.used:                    627712.000 KiB
                 mempool.G1 Old Gen.used:                       17344.383 KiB
                 mempool.G1 Survivor Space.used:                279.875 KiB
                 mempool.Metaspace.used:                        33800.344 KiB
                 mempool.total.codeheap.used:                   13074.250 KiB
                 mempool.total.used:                            696644.211 KiB

Iteration   2: 26471.536 ops/s
                 gc.alloc.rate:                                 2921.548 MB/sec
                 gc.alloc.rate.norm:                            116345.373 B/op
                 gc.count:                                      10.000 counts
                 gc.time:                                       21.000 ms
                 mempool.CodeHeap 'non-nmethods'.used:          1563.125 KiB
                 mempool.CodeHeap 'non-profiled nmethods'.used: 2965.125 KiB
                 mempool.CodeHeap 'profiled nmethods'.used:     8588.250 KiB
                 mempool.Compressed Class Space.used:           4434.422 KiB
                 mempool.G1 Eden Space.used:                    627712.000 KiB
                 mempool.G1 Old Gen.used:                       17362.008 KiB
                 mempool.G1 Survivor Space.used:                77.047 KiB
                 mempool.Metaspace.used:                        33819.148 KiB
                 mempool.total.codeheap.used:                   13116.500 KiB
                 mempool.total.used:                            696521.125 KiB

Iteration   3: 26633.201 ops/s
                 gc.alloc.rate:                                 2944.334 MB/sec
                 gc.alloc.rate.norm:                            116344.953 B/op
                 gc.count:                                      11.000 counts
                 gc.time:                                       22.000 ms
                 mempool.CodeHeap 'non-nmethods'.used:          1563.750 KiB
                 mempool.CodeHeap 'non-profiled nmethods'.used: 2967.375 KiB
                 mempool.CodeHeap 'profiled nmethods'.used:     8592.250 KiB
                 mempool.Compressed Class Space.used:           4434.422 KiB
                 mempool.G1 Eden Space.used:                    627712.000 KiB
                 mempool.G1 Old Gen.used:                       17378.133 KiB
                 mempool.G1 Survivor Space.used:                75.125 KiB
                 mempool.Metaspace.used:                        33821.008 KiB
                 mempool.total.codeheap.used:                   13123.375 KiB
                 mempool.total.used:                            696544.063 KiB

Iteration   4: 26788.668 ops/s
                 gc.alloc.rate:                                 2951.978 MB/sec
                 gc.alloc.rate.norm:                            116344.893 B/op
                 gc.count:                                      10.000 counts
                 gc.time:                                       26.000 ms
                 mempool.CodeHeap 'non-nmethods'.used:          1563.750 KiB
                 mempool.CodeHeap 'non-profiled nmethods'.used: 2969.375 KiB
                 mempool.CodeHeap 'profiled nmethods'.used:     8622.125 KiB
                 mempool.Compressed Class Space.used:           4434.422 KiB
                 mempool.G1 Eden Space.used:                    627712.000 KiB
                 mempool.G1 Old Gen.used:                       17388.211 KiB
                 mempool.G1 Survivor Space.used:                67.969 KiB
                 mempool.Metaspace.used:                        33833.023 KiB
                 mempool.total.codeheap.used:                   13155.250 KiB
                 mempool.total.used:                            696590.875 KiB

Iteration   5: 25428.950 ops/s
                 gc.alloc.rate:                                 2767.030 MB/sec
                 gc.alloc.rate.norm:                            116568.870 B/op
                 gc.count:                                      9.000 counts
                 gc.time:                                       19.000 ms
                 mempool.CodeHeap 'non-nmethods'.used:          1564.750 KiB
                 mempool.CodeHeap 'non-profiled nmethods'.used: 2977.750 KiB
                 mempool.CodeHeap 'profiled nmethods'.used:     8686.625 KiB
                 mempool.Compressed Class Space.used:           4434.930 KiB
                 mempool.G1 Eden Space.used:                    627712.000 KiB
                 mempool.G1 Old Gen.used:                       17396.273 KiB
                 mempool.G1 Survivor Space.used:                83.016 KiB
                 mempool.Metaspace.used:                        33848.039 KiB
                 mempool.total.codeheap.used:                   13229.125 KiB
                 mempool.total.used:                            696703.383 KiB



Result "io.github.lemon_ant.jharmonizer.printerlab.PrinterBenchmark.serialize":
  27923.374 ±(99.9%) 1909.833 ops/s [Average]
  (min, avg, max) = (24180.823, 27923.374, 30039.417), stdev = 1786.459
  CI (99.9%): [26013.541, 29833.208] (assumes normal distribution)

Secondary result "io.github.lemon_ant.jharmonizer.printerlab.PrinterBenchmark.serialize:gc.alloc.rate":
  3081.411 ±(99.9%) 215.328 MB/sec [Average]
  (min, avg, max) = (2675.421, 3081.411, 3319.782), stdev = 201.418
  CI (99.9%): [2866.084, 3296.739] (assumes normal distribution)

Secondary result "io.github.lemon_ant.jharmonizer.printerlab.PrinterBenchmark.serialize:gc.alloc.rate.norm":
  116384.702 ±(99.9%) 95.098 B/op [Average]
  (min, avg, max) = (116320.962, 116384.702, 116575.998), stdev = 88.955
  CI (99.9%): [116289.604, 116479.801] (assumes normal distribution)

Secondary result "io.github.lemon_ant.jharmonizer.printerlab.PrinterBenchmark.serialize:gc.count":
  158.000 ±(99.9%) 0.001 counts [Sum]
  (min, avg, max) = (9.000, 10.533, 12.000), stdev = 0.743
  CI (99.9%): [158.000, 158.000] (assumes normal distribution)

Secondary result "io.github.lemon_ant.jharmonizer.printerlab.PrinterBenchmark.serialize:gc.time":
  347.000 ±(99.9%) 0.001 ms [Sum]
  (min, avg, max) = (19.000, 23.133, 26.000), stdev = 1.995
  CI (99.9%): [347.000, 347.000] (assumes normal distribution)

Secondary result "io.github.lemon_ant.jharmonizer.printerlab.PrinterBenchmark.serialize:mempool.CodeHeap 'non-nmethods'.used":
  1575.875 ±(99.9%) 0.001 KiB [Maximum]
  (min, avg, max) = (1546.875, 1562.033, 1575.875), stdev = 6.805
  CI (99.9%): [1575.875, 1575.875] (assumes normal distribution)

Secondary result "io.github.lemon_ant.jharmonizer.printerlab.PrinterBenchmark.serialize:mempool.CodeHeap 'non-profiled nmethods'.used":
  2977.750 ±(99.9%) 0.001 KiB [Maximum]
  (min, avg, max) = (2796.750, 2892.650, 2977.750), stdev = 70.002
  CI (99.9%): [2977.750, 2977.750] (assumes normal distribution)

Secondary result "io.github.lemon_ant.jharmonizer.printerlab.PrinterBenchmark.serialize:mempool.CodeHeap 'profiled nmethods'.used":
  8686.625 ±(99.9%) 0.001 KiB [Maximum]
  (min, avg, max) = (8501.125, 8598.442, 8686.625), stdev = 52.826
  CI (99.9%): [8686.625, 8686.625] (assumes normal distribution)

Secondary result "io.github.lemon_ant.jharmonizer.printerlab.PrinterBenchmark.serialize:mempool.Compressed Class Space.used":
  4498.813 ±(99.9%) 0.001 KiB [Maximum]
  (min, avg, max) = (4433.359, 4461.871, 4498.813), stdev = 27.752
  CI (99.9%): [4498.813, 4498.813] (assumes normal distribution)

Secondary result "io.github.lemon_ant.jharmonizer.printerlab.PrinterBenchmark.serialize:mempool.G1 Eden Space.used":
  627712.000 ±(99.9%) 0.001 KiB [Maximum]
  (min, avg, max) = (627712.000, 627712.000, 627712.000), stdev = 0.001
  CI (99.9%): [627712.000, 627712.000] (assumes normal distribution)

Secondary result "io.github.lemon_ant.jharmonizer.printerlab.PrinterBenchmark.serialize:mempool.G1 Old Gen.used":
  17787.883 ±(99.9%) 0.001 KiB [Maximum]
  (min, avg, max) = (17344.383, 17558.402, 17787.883), stdev = 167.371
  CI (99.9%): [17787.883, 17787.883] (assumes normal distribution)

Secondary result "io.github.lemon_ant.jharmonizer.printerlab.PrinterBenchmark.serialize:mempool.G1 Survivor Space.used":
  279.875 ±(99.9%) 0.001 KiB [Maximum]
  (min, avg, max) = (67.969, 91.889, 279.875), stdev = 52.211
  CI (99.9%): [279.875, 279.875] (assumes normal distribution)

Secondary result "io.github.lemon_ant.jharmonizer.printerlab.PrinterBenchmark.serialize:mempool.Metaspace.used":
  34057.969 ±(99.9%) 0.001 KiB [Maximum]
  (min, avg, max) = (33800.344, 33918.798, 34057.969), stdev = 92.423
  CI (99.9%): [34057.969, 34057.969] (assumes normal distribution)

Secondary result "io.github.lemon_ant.jharmonizer.printerlab.PrinterBenchmark.serialize:mempool.total.codeheap.used":
  13229.125 ±(99.9%) 0.001 KiB [Maximum]
  (min, avg, max) = (12948.500, 13053.125, 13229.125), stdev = 79.035
  CI (99.9%): [13229.125, 13229.125] (assumes normal distribution)

Secondary result "io.github.lemon_ant.jharmonizer.printerlab.PrinterBenchmark.serialize:mempool.total.used":
  697201.539 ±(99.9%) 0.001 KiB [Maximum]
  (min, avg, max) = (696521.125, 696796.084, 697201.539), stdev = 229.919
  CI (99.9%): [697201.539, 697201.539] (assumes normal distribution)


# JMH version: 1.37
# VM version: JDK 21.0.8, OpenJDK 64-Bit Server VM, 21.0.8+9-LTS
# VM invoker: C:\Program Files\Microsoft\jdk-21.0.8.9-hotspot\bin\java.exe
# VM options: -Xms1g -Xmx1g -XX:+UseG1GC -Dfile.encoding=UTF-8 -Duser.language=en -Duser.country=US -Duser.timezone=UTC -Dprinter.lab.corpus=W:\JHarmonizer\core\printer-lab\target\measurement-0f6aa72d\candidate-run\corpus
# Blackhole mode: compiler (auto-detected, use -Djmh.blackhole.autoDetect=false to disable)
# Warmup: 5 iterations, 1 s each
# Measurement: 5 iterations, 2 s each
# Timeout: 10 min per iteration
# Threads: 8 threads, will synchronize iterations
# Benchmark mode: Throughput, ops/time
# Benchmark: io.github.lemon_ant.jharmonizer.printerlab.PrinterBenchmark.serialize
# Parameters: (workload = flat1024)

# Run progress: 50.00% complete, ETA 00:02:46
# Fork: 1 of 3
Picked up JAVA_TOOL_OPTIONS: -Dfile.encoding=UTF-8
# Warmup Iteration   1: 2777.190 ops/s
# Warmup Iteration   2: 3009.312 ops/s
# Warmup Iteration   3: 2458.466 ops/s
# Warmup Iteration   4: 3339.885 ops/s
# Warmup Iteration   5: 3438.266 ops/s
Iteration   1: 3439.770 ops/s
                 gc.alloc.rate:                                 3001.020 MB/sec
                 gc.alloc.rate.norm:                            920253.144 B/op
                 gc.count:                                      10.000 counts
                 gc.time:                                       22.000 ms
                 mempool.CodeHeap 'non-nmethods'.used:          1553.250 KiB
                 mempool.CodeHeap 'non-profiled nmethods'.used: 3927.125 KiB
                 mempool.CodeHeap 'profiled nmethods'.used:     9812.250 KiB
                 mempool.Compressed Class Space.used:           4307.578 KiB
                 mempool.G1 Eden Space.used:                    627712.000 KiB
                 mempool.G1 Old Gen.used:                       26312.945 KiB
                 mempool.G1 Survivor Space.used:                509.570 KiB
                 mempool.Metaspace.used:                        33683.758 KiB
                 mempool.total.codeheap.used:                   15292.625 KiB
                 mempool.total.used:                            707818.477 KiB

Iteration   2: 3421.027 ops/s
                 gc.alloc.rate:                                 2998.104 MB/sec
                 gc.alloc.rate.norm:                            920253.205 B/op
                 gc.count:                                      10.000 counts
                 gc.time:                                       21.000 ms
                 mempool.CodeHeap 'non-nmethods'.used:          1567.625 KiB
                 mempool.CodeHeap 'non-profiled nmethods'.used: 3932.625 KiB
                 mempool.CodeHeap 'profiled nmethods'.used:     9844.625 KiB
                 mempool.Compressed Class Space.used:           4308.641 KiB
                 mempool.G1 Eden Space.used:                    627712.000 KiB
                 mempool.G1 Old Gen.used:                       26326.539 KiB
                 mempool.G1 Survivor Space.used:                475.305 KiB
                 mempool.Metaspace.used:                        33695.781 KiB
                 mempool.total.codeheap.used:                   15344.875 KiB
                 mempool.total.used:                            707863.141 KiB

Iteration   3: 3467.178 ops/s
                 gc.alloc.rate:                                 3030.589 MB/sec
                 gc.alloc.rate.norm:                            920253.201 B/op
                 gc.count:                                      10.000 counts
                 gc.time:                                       22.000 ms
                 mempool.CodeHeap 'non-nmethods'.used:          1553.250 KiB
                 mempool.CodeHeap 'non-profiled nmethods'.used: 3932.625 KiB
                 mempool.CodeHeap 'profiled nmethods'.used:     9859.250 KiB
                 mempool.Compressed Class Space.used:           4308.641 KiB
                 mempool.G1 Eden Space.used:                    627712.000 KiB
                 mempool.G1 Old Gen.used:                       26346.070 KiB
                 mempool.G1 Survivor Space.used:                496.453 KiB
                 mempool.Metaspace.used:                        33699.859 KiB
                 mempool.total.codeheap.used:                   15345.125 KiB
                 mempool.total.used:                            707908.148 KiB

Iteration   4: 3396.615 ops/s
                 gc.alloc.rate:                                 2973.852 MB/sec
                 gc.alloc.rate.norm:                            920253.318 B/op
                 gc.count:                                      10.000 counts
                 gc.time:                                       21.000 ms
                 mempool.CodeHeap 'non-nmethods'.used:          1553.250 KiB
                 mempool.CodeHeap 'non-profiled nmethods'.used: 3933.375 KiB
                 mempool.CodeHeap 'profiled nmethods'.used:     9896.750 KiB
                 mempool.Compressed Class Space.used:           4308.641 KiB
                 mempool.G1 Eden Space.used:                    627712.000 KiB
                 mempool.G1 Old Gen.used:                       26350.102 KiB
                 mempool.G1 Survivor Space.used:                468.664 KiB
                 mempool.Metaspace.used:                        33707.367 KiB
                 mempool.total.codeheap.used:                   15383.375 KiB
                 mempool.total.used:                            707930.148 KiB

Iteration   5: 3421.209 ops/s
                 gc.alloc.rate:                                 2927.117 MB/sec
                 gc.alloc.rate.norm:                            933269.199 B/op
                 gc.count:                                      11.000 counts
                 gc.time:                                       28.000 ms
                 mempool.CodeHeap 'non-nmethods'.used:          1587.750 KiB
                 mempool.CodeHeap 'non-profiled nmethods'.used: 3957.750 KiB
                 mempool.CodeHeap 'profiled nmethods'.used:     9950.000 KiB
                 mempool.Compressed Class Space.used:           4309.148 KiB
                 mempool.G1 Eden Space.used:                    627712.000 KiB
                 mempool.G1 Old Gen.used:                       26356.148 KiB
                 mempool.G1 Survivor Space.used:                515.016 KiB
                 mempool.Metaspace.used:                        33720.625 KiB
                 mempool.total.codeheap.used:                   15495.500 KiB
                 mempool.total.used:                            708108.438 KiB


# Run progress: 58.33% complete, ETA 00:02:22
# Fork: 2 of 3
Picked up JAVA_TOOL_OPTIONS: -Dfile.encoding=UTF-8
# Warmup Iteration   1: 2784.845 ops/s
# Warmup Iteration   2: 2983.338 ops/s
# Warmup Iteration   3: 2334.460 ops/s
# Warmup Iteration   4: 2967.746 ops/s
# Warmup Iteration   5: 3163.532 ops/s
Iteration   1: 3189.820 ops/s
                 gc.alloc.rate:                                 2792.721 MB/sec
                 gc.alloc.rate.norm:                            920253.528 B/op
                 gc.count:                                      9.000 counts
                 gc.time:                                       18.000 ms
                 mempool.CodeHeap 'non-nmethods'.used:          1548.125 KiB
                 mempool.CodeHeap 'non-profiled nmethods'.used: 3847.750 KiB
                 mempool.CodeHeap 'profiled nmethods'.used:     9547.625 KiB
                 mempool.Compressed Class Space.used:           4409.930 KiB
                 mempool.G1 Eden Space.used:                    627712.000 KiB
                 mempool.G1 Old Gen.used:                       26044.992 KiB
                 mempool.G1 Survivor Space.used:                481.789 KiB
                 mempool.Metaspace.used:                        33917.953 KiB
                 mempool.total.codeheap.used:                   14943.500 KiB
                 mempool.total.used:                            707510.164 KiB

Iteration   2: 3109.804 ops/s
                 gc.alloc.rate:                                 2724.928 MB/sec
                 gc.alloc.rate.norm:                            920253.643 B/op
                 gc.count:                                      9.000 counts
                 gc.time:                                       21.000 ms
                 mempool.CodeHeap 'non-nmethods'.used:          1562.500 KiB
                 mempool.CodeHeap 'non-profiled nmethods'.used: 3852.750 KiB
                 mempool.CodeHeap 'profiled nmethods'.used:     9585.625 KiB
                 mempool.Compressed Class Space.used:           4410.992 KiB
                 mempool.G1 Eden Space.used:                    627712.000 KiB
                 mempool.G1 Old Gen.used:                       26058.586 KiB
                 mempool.G1 Survivor Space.used:                525.172 KiB
                 mempool.Metaspace.used:                        33931.891 KiB
                 mempool.total.codeheap.used:                   15000.875 KiB
                 mempool.total.used:                            707639.516 KiB

Iteration   3: 2244.889 ops/s
                 gc.alloc.rate:                                 1970.667 MB/sec
                 gc.alloc.rate.norm:                            920255.423 B/op
                 gc.count:                                      8.000 counts
                 gc.time:                                       23.000 ms
                 mempool.CodeHeap 'non-nmethods'.used:          1548.125 KiB
                 mempool.CodeHeap 'non-profiled nmethods'.used: 3852.750 KiB
                 mempool.CodeHeap 'profiled nmethods'.used:     9590.875 KiB
                 mempool.Compressed Class Space.used:           4410.992 KiB
                 mempool.G1 Eden Space.used:                    627712.000 KiB
                 mempool.G1 Old Gen.used:                       26076.102 KiB
                 mempool.G1 Survivor Space.used:                446.836 KiB
                 mempool.Metaspace.used:                        33933.805 KiB
                 mempool.total.codeheap.used:                   14991.750 KiB
                 mempool.total.used:                            707571.484 KiB

Iteration   4: 1522.496 ops/s
                 gc.alloc.rate:                                 1353.200 MB/sec
                 gc.alloc.rate.norm:                            920258.933 B/op
                 gc.count:                                      4.000 counts
                 gc.time:                                       9.000 ms
                 mempool.CodeHeap 'non-nmethods'.used:          1548.125 KiB
                 mempool.CodeHeap 'non-profiled nmethods'.used: 3853.500 KiB
                 mempool.CodeHeap 'profiled nmethods'.used:     9613.625 KiB
                 mempool.Compressed Class Space.used:           4410.992 KiB
                 mempool.G1 Eden Space.used:                    627712.000 KiB
                 mempool.G1 Old Gen.used:                       26076.102 KiB
                 mempool.G1 Survivor Space.used:                530.969 KiB
                 mempool.Metaspace.used:                        33941.094 KiB
                 mempool.total.codeheap.used:                   15015.250 KiB
                 mempool.total.used:                            707686.406 KiB

Iteration   5: 1479.193 ops/s
                 gc.alloc.rate:                                 1191.737 MB/sec
                 gc.alloc.rate.norm:                            947407.200 B/op
                 gc.count:                                      5.000 counts
                 gc.time:                                       48.000 ms
                 mempool.CodeHeap 'non-nmethods'.used:          1565.125 KiB
                 mempool.CodeHeap 'non-profiled nmethods'.used: 3865.875 KiB
                 mempool.CodeHeap 'profiled nmethods'.used:     9693.375 KiB
                 mempool.Compressed Class Space.used:           4411.500 KiB
                 mempool.G1 Eden Space.used:                    627712.000 KiB
                 mempool.G1 Old Gen.used:                       26080.133 KiB
                 mempool.G1 Survivor Space.used:                530.969 KiB
                 mempool.Metaspace.used:                        33957.492 KiB
                 mempool.total.codeheap.used:                   15124.375 KiB
                 mempool.total.used:                            707816.469 KiB


# Run progress: 66.67% complete, ETA 00:01:55
# Fork: 3 of 3
Picked up JAVA_TOOL_OPTIONS: -Dfile.encoding=UTF-8
# Warmup Iteration   1: 2425.995 ops/s
# Warmup Iteration   2: 2514.945 ops/s
# Warmup Iteration   3: 2252.268 ops/s
# Warmup Iteration   4: 2852.662 ops/s
# Warmup Iteration   5: 2782.599 ops/s
Iteration   1: 3016.113 ops/s
                 gc.alloc.rate:                                 2625.791 MB/sec
                 gc.alloc.rate.norm:                            920301.856 B/op
                 gc.count:                                      9.000 counts
                 gc.time:                                       20.000 ms
                 mempool.CodeHeap 'non-nmethods'.used:          1564.625 KiB
                 mempool.CodeHeap 'non-profiled nmethods'.used: 3622.625 KiB
                 mempool.CodeHeap 'profiled nmethods'.used:     10139.625 KiB
                 mempool.Compressed Class Space.used:           4351.625 KiB
                 mempool.G1 Eden Space.used:                    627712.000 KiB
                 mempool.G1 Old Gen.used:                       25571.609 KiB
                 mempool.G1 Survivor Space.used:                490.570 KiB
                 mempool.Metaspace.used:                        33833.852 KiB
                 mempool.total.codeheap.used:                   15326.875 KiB
                 mempool.total.used:                            707286.531 KiB

Iteration   2: 2979.391 ops/s
                 gc.alloc.rate:                                 2590.133 MB/sec
                 gc.alloc.rate.norm:                            920301.896 B/op
                 gc.count:                                      9.000 counts
                 gc.time:                                       21.000 ms
                 mempool.CodeHeap 'non-nmethods'.used:          1565.000 KiB
                 mempool.CodeHeap 'non-profiled nmethods'.used: 3628.375 KiB
                 mempool.CodeHeap 'profiled nmethods'.used:     10185.250 KiB
                 mempool.Compressed Class Space.used:           4352.688 KiB
                 mempool.G1 Eden Space.used:                    627712.000 KiB
                 mempool.G1 Old Gen.used:                       25589.234 KiB
                 mempool.G1 Survivor Space.used:                495.352 KiB
                 mempool.Metaspace.used:                        33856.602 KiB
                 mempool.total.codeheap.used:                   15378.625 KiB
                 mempool.total.used:                            707384.500 KiB

Iteration   3: 2885.514 ops/s
                 gc.alloc.rate:                                 2521.368 MB/sec
                 gc.alloc.rate.norm:                            920302.119 B/op
                 gc.count:                                      9.000 counts
                 gc.time:                                       20.000 ms
                 mempool.CodeHeap 'non-nmethods'.used:          1564.500 KiB
                 mempool.CodeHeap 'non-profiled nmethods'.used: 3630.000 KiB
                 mempool.CodeHeap 'profiled nmethods'.used:     10190.125 KiB
                 mempool.Compressed Class Space.used:           4352.688 KiB
                 mempool.G1 Eden Space.used:                    627712.000 KiB
                 mempool.G1 Old Gen.used:                       25606.047 KiB
                 mempool.G1 Survivor Space.used:                470.008 KiB
                 mempool.Metaspace.used:                        33858.508 KiB
                 mempool.total.codeheap.used:                   15384.625 KiB
                 mempool.total.used:                            707383.875 KiB

Iteration   4: 3181.356 ops/s
                 gc.alloc.rate:                                 2787.332 MB/sec
                 gc.alloc.rate.norm:                            920301.575 B/op
                 gc.count:                                      10.000 counts
                 gc.time:                                       21.000 ms
                 mempool.CodeHeap 'non-nmethods'.used:          1564.125 KiB
                 mempool.CodeHeap 'non-profiled nmethods'.used: 3631.500 KiB
                 mempool.CodeHeap 'profiled nmethods'.used:     10210.750 KiB
                 mempool.Compressed Class Space.used:           4352.688 KiB
                 mempool.G1 Eden Space.used:                    627712.000 KiB
                 mempool.G1 Old Gen.used:                       25610.078 KiB
                 mempool.G1 Survivor Space.used:                479.953 KiB
                 mempool.Metaspace.used:                        33865.859 KiB
                 mempool.total.codeheap.used:                   15406.375 KiB
                 mempool.total.used:                            707426.953 KiB

Iteration   5: 3358.493 ops/s
                 gc.alloc.rate:                                 2883.981 MB/sec
                 gc.alloc.rate.norm:                            933676.549 B/op
                 gc.count:                                      10.000 counts
                 gc.time:                                       23.000 ms
                 mempool.CodeHeap 'non-nmethods'.used:          1573.125 KiB
                 mempool.CodeHeap 'non-profiled nmethods'.used: 3649.000 KiB
                 mempool.CodeHeap 'profiled nmethods'.used:     10246.000 KiB
                 mempool.Compressed Class Space.used:           4353.195 KiB
                 mempool.G1 Eden Space.used:                    627712.000 KiB
                 mempool.G1 Old Gen.used:                       25616.125 KiB
                 mempool.G1 Survivor Space.used:                527.258 KiB
                 mempool.Metaspace.used:                        33874.773 KiB
                 mempool.total.codeheap.used:                   15468.125 KiB
                 mempool.total.used:                            707551.477 KiB



Result "io.github.lemon_ant.jharmonizer.printerlab.PrinterBenchmark.serialize":
  2940.858 ±(99.9%) 709.165 ops/s [Average]
  (min, avg, max) = (1479.193, 2940.858, 3467.178), stdev = 663.353
  CI (99.9%): [2231.693, 3650.022] (assumes normal distribution)

Secondary result "io.github.lemon_ant.jharmonizer.printerlab.PrinterBenchmark.serialize:gc.alloc.rate":
  2558.169 ±(99.9%) 628.220 MB/sec [Average]
  (min, avg, max) = (1191.737, 2558.169, 3030.589), stdev = 587.637
  CI (99.9%): [1929.950, 3186.389] (assumes normal distribution)

Secondary result "io.github.lemon_ant.jharmonizer.printerlab.PrinterBenchmark.serialize:gc.alloc.rate.norm":
  923839.653 ±(99.9%) 8542.993 B/op [Average]
  (min, avg, max) = (920253.144, 923839.653, 947407.200), stdev = 7991.120
  CI (99.9%): [915296.660, 932382.645] (assumes normal distribution)

Secondary result "io.github.lemon_ant.jharmonizer.printerlab.PrinterBenchmark.serialize:gc.count":
  133.000 ±(99.9%) 0.001 counts [Sum]
  (min, avg, max) = (4.000, 8.867, 11.000), stdev = 1.922
  CI (99.9%): [133.000, 133.000] (assumes normal distribution)

Secondary result "io.github.lemon_ant.jharmonizer.printerlab.PrinterBenchmark.serialize:gc.time":
  338.000 ±(99.9%) 0.001 ms [Sum]
  (min, avg, max) = (9.000, 22.533, 48.000), stdev = 8.052
  CI (99.9%): [338.000, 338.000] (assumes normal distribution)

Secondary result "io.github.lemon_ant.jharmonizer.printerlab.PrinterBenchmark.serialize:mempool.CodeHeap 'non-nmethods'.used":
  1587.750 ±(99.9%) 0.001 KiB [Maximum]
  (min, avg, max) = (1548.125, 1561.233, 1587.750), stdev = 10.868
  CI (99.9%): [1587.750, 1587.750] (assumes normal distribution)

Secondary result "io.github.lemon_ant.jharmonizer.printerlab.PrinterBenchmark.serialize:mempool.CodeHeap 'non-profiled nmethods'.used":
  3957.750 ±(99.9%) 0.001 KiB [Maximum]
  (min, avg, max) = (3622.625, 3807.842, 3957.750), stdev = 133.403
  CI (99.9%): [3957.750, 3957.750] (assumes normal distribution)

Secondary result "io.github.lemon_ant.jharmonizer.printerlab.PrinterBenchmark.serialize:mempool.CodeHeap 'profiled nmethods'.used":
  10246.000 ±(99.9%) 0.001 KiB [Maximum]
  (min, avg, max) = (9547.625, 9891.050, 10246.000), stdev = 253.016
  CI (99.9%): [10246.000, 10246.000] (assumes normal distribution)

Secondary result "io.github.lemon_ant.jharmonizer.printerlab.PrinterBenchmark.serialize:mempool.Compressed Class Space.used":
  4411.500 ±(99.9%) 0.001 KiB [Maximum]
  (min, avg, max) = (4307.578, 4357.329, 4411.500), stdev = 43.394
  CI (99.9%): [4411.500, 4411.500] (assumes normal distribution)

Secondary result "io.github.lemon_ant.jharmonizer.printerlab.PrinterBenchmark.serialize:mempool.G1 Eden Space.used":
  627712.000 ±(99.9%) 0.001 KiB [Maximum]
  (min, avg, max) = (627712.000, 627712.000, 627712.000), stdev = 0.001
  CI (99.9%): [627712.000, 627712.000] (assumes normal distribution)

Secondary result "io.github.lemon_ant.jharmonizer.printerlab.PrinterBenchmark.serialize:mempool.G1 Old Gen.used":
  26356.148 ±(99.9%) 0.001 KiB [Maximum]
  (min, avg, max) = (25571.609, 26001.388, 26356.148), stdev = 316.681
  CI (99.9%): [26356.148, 26356.148] (assumes normal distribution)

Secondary result "io.github.lemon_ant.jharmonizer.printerlab.PrinterBenchmark.serialize:mempool.G1 Survivor Space.used":
  530.969 ±(99.9%) 0.001 KiB [Maximum]
  (min, avg, max) = (446.836, 496.259, 530.969), stdev = 26.154
  CI (99.9%): [530.969, 530.969] (assumes normal distribution)

Secondary result "io.github.lemon_ant.jharmonizer.printerlab.PrinterBenchmark.serialize:mempool.Metaspace.used":
  33957.492 ±(99.9%) 0.001 KiB [Maximum]
  (min, avg, max) = (33683.758, 33831.948, 33957.492), stdev = 101.980
  CI (99.9%): [33957.492, 33957.492] (assumes normal distribution)

Secondary result "io.github.lemon_ant.jharmonizer.printerlab.PrinterBenchmark.serialize:mempool.total.codeheap.used":
  15495.500 ±(99.9%) 0.001 KiB [Maximum]
  (min, avg, max) = (14943.500, 15260.125, 15495.500), stdev = 189.470
  CI (99.9%): [15495.500, 15495.500] (assumes normal distribution)

Secondary result "io.github.lemon_ant.jharmonizer.printerlab.PrinterBenchmark.serialize:mempool.total.used":
  708108.438 ±(99.9%) 0.001 KiB [Maximum]
  (min, avg, max) = (707286.531, 707659.048, 708108.438), stdev = 241.368
  CI (99.9%): [708108.438, 708108.438] (assumes normal distribution)


# JMH version: 1.37
# VM version: JDK 21.0.8, OpenJDK 64-Bit Server VM, 21.0.8+9-LTS
# VM invoker: C:\Program Files\Microsoft\jdk-21.0.8.9-hotspot\bin\java.exe
# VM options: -Xms1g -Xmx1g -XX:+UseG1GC -Dfile.encoding=UTF-8 -Duser.language=en -Duser.country=US -Duser.timezone=UTC -Dprinter.lab.corpus=W:\JHarmonizer\core\printer-lab\target\measurement-0f6aa72d\candidate-run\corpus
# Blackhole mode: compiler (auto-detected, use -Djmh.blackhole.autoDetect=false to disable)
# Warmup: 5 iterations, 1 s each
# Measurement: 5 iterations, 2 s each
# Timeout: 10 min per iteration
# Threads: 8 threads, will synchronize iterations
# Benchmark mode: Throughput, ops/time
# Benchmark: io.github.lemon_ant.jharmonizer.printerlab.PrinterBenchmark.serialize
# Parameters: (workload = nested128)

# Run progress: 75.00% complete, ETA 00:01:29
# Fork: 1 of 3
Picked up JAVA_TOOL_OPTIONS: -Dfile.encoding=UTF-8
# Warmup Iteration   1: 1392.812 ops/s
# Warmup Iteration   2: 2358.591 ops/s
# Warmup Iteration   3: 2419.593 ops/s
# Warmup Iteration   4: 2134.744 ops/s
# Warmup Iteration   5: 2300.140 ops/s
Iteration   1: 2521.075 ops/s
                 gc.alloc.rate:                                 2982.905 MB/sec
                 gc.alloc.rate.norm:                            1243103.017 B/op
                 gc.count:                                      10.000 counts
                 gc.time:                                       24.000 ms
                 mempool.CodeHeap 'non-nmethods'.used:          1549.375 KiB
                 mempool.CodeHeap 'non-profiled nmethods'.used: 3174.250 KiB
                 mempool.CodeHeap 'profiled nmethods'.used:     10870.625 KiB
                 mempool.Compressed Class Space.used:           4447.438 KiB
                 mempool.G1 Eden Space.used:                    627712.000 KiB
                 mempool.G1 Old Gen.used:                       21491.852 KiB
                 mempool.G1 Survivor Space.used:                351.219 KiB
                 mempool.Metaspace.used:                        34428.289 KiB
                 mempool.total.codeheap.used:                   15594.250 KiB
                 mempool.total.used:                            704025.047 KiB

Iteration   2: 2445.695 ops/s
                 gc.alloc.rate:                                 2883.235 MB/sec
                 gc.alloc.rate.norm:                            1243103.372 B/op
                 gc.count:                                      9.000 counts
                 gc.time:                                       24.000 ms
                 mempool.CodeHeap 'non-nmethods'.used:          1571.000 KiB
                 mempool.CodeHeap 'non-profiled nmethods'.used: 3182.875 KiB
                 mempool.CodeHeap 'profiled nmethods'.used:     10907.750 KiB
                 mempool.Compressed Class Space.used:           4448.500 KiB
                 mempool.G1 Eden Space.used:                    627712.000 KiB
                 mempool.G1 Old Gen.used:                       21510.047 KiB
                 mempool.G1 Survivor Space.used:                373.141 KiB
                 mempool.Metaspace.used:                        34443.570 KiB
                 mempool.total.codeheap.used:                   15661.625 KiB
                 mempool.total.used:                            704148.883 KiB

Iteration   3: 2519.201 ops/s
                 gc.alloc.rate:                                 2973.323 MB/sec
                 gc.alloc.rate.norm:                            1243103.077 B/op
                 gc.count:                                      11.000 counts
                 gc.time:                                       26.000 ms
                 mempool.CodeHeap 'non-nmethods'.used:          1549.375 KiB
                 mempool.CodeHeap 'non-profiled nmethods'.used: 3183.750 KiB
                 mempool.CodeHeap 'profiled nmethods'.used:     10924.250 KiB
                 mempool.Compressed Class Space.used:           4448.500 KiB
                 mempool.G1 Eden Space.used:                    627712.000 KiB
                 mempool.G1 Old Gen.used:                       21526.172 KiB
                 mempool.G1 Survivor Space.used:                340.516 KiB
                 mempool.Metaspace.used:                        34448.461 KiB
                 mempool.total.codeheap.used:                   15657.375 KiB
                 mempool.total.used:                            704133.023 KiB

Iteration   4: 2358.963 ops/s
                 gc.alloc.rate:                                 2806.628 MB/sec
                 gc.alloc.rate.norm:                            1243103.433 B/op
                 gc.count:                                      9.000 counts
                 gc.time:                                       22.000 ms
                 mempool.CodeHeap 'non-nmethods'.used:          1549.375 KiB
                 mempool.CodeHeap 'non-profiled nmethods'.used: 3184.500 KiB
                 mempool.CodeHeap 'profiled nmethods'.used:     10936.500 KiB
                 mempool.Compressed Class Space.used:           4448.500 KiB
                 mempool.G1 Eden Space.used:                    627712.000 KiB
                 mempool.G1 Old Gen.used:                       21530.203 KiB
                 mempool.G1 Survivor Space.used:                364.078 KiB
                 mempool.Metaspace.used:                        34451.797 KiB
                 mempool.total.codeheap.used:                   15670.375 KiB
                 mempool.total.used:                            704176.953 KiB

Iteration   5: 2496.323 ops/s
                 gc.alloc.rate:                                 2858.153 MB/sec
                 gc.alloc.rate.norm:                            1271655.671 B/op
                 gc.count:                                      10.000 counts
                 gc.time:                                       24.000 ms
                 mempool.CodeHeap 'non-nmethods'.used:          1586.875 KiB
                 mempool.CodeHeap 'non-profiled nmethods'.used: 3205.625 KiB
                 mempool.CodeHeap 'profiled nmethods'.used:     10969.375 KiB
                 mempool.Compressed Class Space.used:           4449.008 KiB
                 mempool.G1 Eden Space.used:                    627712.000 KiB
                 mempool.G1 Old Gen.used:                       21536.250 KiB
                 mempool.G1 Survivor Space.used:                372.063 KiB
                 mempool.Metaspace.used:                        34461.086 KiB
                 mempool.total.codeheap.used:                   15761.875 KiB
                 mempool.total.used:                            704292.281 KiB


# Run progress: 83.33% complete, ETA 00:00:58
# Fork: 2 of 3
Picked up JAVA_TOOL_OPTIONS: -Dfile.encoding=UTF-8
# Warmup Iteration   1: 1241.571 ops/s
# Warmup Iteration   2: 2368.851 ops/s
# Warmup Iteration   3: 2477.137 ops/s
# Warmup Iteration   4: 2303.527 ops/s
# Warmup Iteration   5: 1842.066 ops/s
Iteration   1: 2258.829 ops/s
                 gc.alloc.rate:                                 2666.080 MB/sec
                 gc.alloc.rate.norm:                            1243103.713 B/op
                 gc.count:                                      10.000 counts
                 gc.time:                                       22.000 ms
                 mempool.CodeHeap 'non-nmethods'.used:          1548.125 KiB
                 mempool.CodeHeap 'non-profiled nmethods'.used: 3225.500 KiB
                 mempool.CodeHeap 'profiled nmethods'.used:     11000.750 KiB
                 mempool.Compressed Class Space.used:           4441.984 KiB
                 mempool.G1 Eden Space.used:                    627712.000 KiB
                 mempool.G1 Old Gen.used:                       23519.922 KiB
                 mempool.G1 Survivor Space.used:                352.719 KiB
                 mempool.Metaspace.used:                        34530.742 KiB
                 mempool.total.codeheap.used:                   15774.375 KiB
                 mempool.total.used:                            706331.742 KiB

Iteration   2: 2295.691 ops/s
                 gc.alloc.rate:                                 2716.009 MB/sec
                 gc.alloc.rate.norm:                            1243103.637 B/op
                 gc.count:                                      9.000 counts
                 gc.time:                                       21.000 ms
                 mempool.CodeHeap 'non-nmethods'.used:          1563.000 KiB
                 mempool.CodeHeap 'non-profiled nmethods'.used: 3232.125 KiB
                 mempool.CodeHeap 'profiled nmethods'.used:     11034.375 KiB
                 mempool.Compressed Class Space.used:           4443.047 KiB
                 mempool.G1 Eden Space.used:                    627712.000 KiB
                 mempool.G1 Old Gen.used:                       23545.609 KiB
                 mempool.G1 Survivor Space.used:                334.938 KiB
                 mempool.Metaspace.used:                        34544.000 KiB
                 mempool.total.codeheap.used:                   15829.500 KiB
                 mempool.total.used:                            706409.094 KiB

Iteration   3: 2220.927 ops/s
                 gc.alloc.rate:                                 2624.554 MB/sec
                 gc.alloc.rate.norm:                            1243104.037 B/op
                 gc.count:                                      9.000 counts
                 gc.time:                                       21.000 ms
                 mempool.CodeHeap 'non-nmethods'.used:          1565.000 KiB
                 mempool.CodeHeap 'non-profiled nmethods'.used: 3235.125 KiB
                 mempool.CodeHeap 'profiled nmethods'.used:     11047.375 KiB
                 mempool.Compressed Class Space.used:           4443.047 KiB
                 mempool.G1 Eden Space.used:                    627712.000 KiB
                 mempool.G1 Old Gen.used:                       23561.453 KiB
                 mempool.G1 Survivor Space.used:                331.563 KiB
                 mempool.Metaspace.used:                        34548.453 KiB
                 mempool.total.codeheap.used:                   15847.500 KiB
                 mempool.total.used:                            706444.016 KiB

Iteration   4: 2184.117 ops/s
                 gc.alloc.rate:                                 2585.005 MB/sec
                 gc.alloc.rate.norm:                            1243104.070 B/op
                 gc.count:                                      9.000 counts
                 gc.time:                                       22.000 ms
                 mempool.CodeHeap 'non-nmethods'.used:          1561.875 KiB
                 mempool.CodeHeap 'non-profiled nmethods'.used: 3236.750 KiB
                 mempool.CodeHeap 'profiled nmethods'.used:     11070.750 KiB
                 mempool.Compressed Class Space.used:           4443.047 KiB
                 mempool.G1 Eden Space.used:                    627712.000 KiB
                 mempool.G1 Old Gen.used:                       23565.484 KiB
                 mempool.G1 Survivor Space.used:                362.016 KiB
                 mempool.Metaspace.used:                        34557.430 KiB
                 mempool.total.codeheap.used:                   15869.375 KiB
                 mempool.total.used:                            706509.352 KiB

Iteration   5: 2179.442 ops/s
                 gc.alloc.rate:                                 2454.830 MB/sec
                 gc.alloc.rate.norm:                            1275828.135 B/op
                 gc.count:                                      8.000 counts
                 gc.time:                                       17.000 ms
                 mempool.CodeHeap 'non-nmethods'.used:          1572.750 KiB
                 mempool.CodeHeap 'non-profiled nmethods'.used: 3263.750 KiB
                 mempool.CodeHeap 'profiled nmethods'.used:     11104.000 KiB
                 mempool.Compressed Class Space.used:           4443.555 KiB
                 mempool.G1 Eden Space.used:                    627712.000 KiB
                 mempool.G1 Old Gen.used:                       23571.531 KiB
                 mempool.G1 Survivor Space.used:                343.109 KiB
                 mempool.Metaspace.used:                        34567.609 KiB
                 mempool.total.codeheap.used:                   15940.500 KiB
                 mempool.total.used:                            706578.305 KiB


# Run progress: 91.67% complete, ETA 00:00:29
# Fork: 3 of 3
Picked up JAVA_TOOL_OPTIONS: -Dfile.encoding=UTF-8
# Warmup Iteration   1: 1228.823 ops/s
# Warmup Iteration   2: 1582.169 ops/s
# Warmup Iteration   3: 2014.229 ops/s
# Warmup Iteration   4: 1776.713 ops/s
# Warmup Iteration   5: 2239.519 ops/s
Iteration   1: 2078.822 ops/s
                 gc.alloc.rate:                                 2457.333 MB/sec
                 gc.alloc.rate.norm:                            1243104.604 B/op
                 gc.count:                                      8.000 counts
                 gc.time:                                       18.000 ms
                 mempool.CodeHeap 'non-nmethods'.used:          1561.000 KiB
                 mempool.CodeHeap 'non-profiled nmethods'.used: 3372.375 KiB
                 mempool.CodeHeap 'profiled nmethods'.used:     10927.125 KiB
                 mempool.Compressed Class Space.used:           4402.281 KiB
                 mempool.G1 Eden Space.used:                    627712.000 KiB
                 mempool.G1 Old Gen.used:                       23018.914 KiB
                 mempool.G1 Survivor Space.used:                386.766 KiB
                 mempool.Metaspace.used:                        34418.773 KiB
                 mempool.total.codeheap.used:                   15860.500 KiB
                 mempool.total.used:                            705799.234 KiB

Iteration   2: 2167.757 ops/s
                 gc.alloc.rate:                                 2560.975 MB/sec
                 gc.alloc.rate.norm:                            1243104.213 B/op
                 gc.count:                                      9.000 counts
                 gc.time:                                       22.000 ms
                 mempool.CodeHeap 'non-nmethods'.used:          1547.250 KiB
                 mempool.CodeHeap 'non-profiled nmethods'.used: 3377.125 KiB
                 mempool.CodeHeap 'profiled nmethods'.used:     10957.125 KiB
                 mempool.Compressed Class Space.used:           4403.344 KiB
                 mempool.G1 Eden Space.used:                    627712.000 KiB
                 mempool.G1 Old Gen.used:                       23032.508 KiB
                 mempool.G1 Survivor Space.used:                342.531 KiB
                 mempool.Metaspace.used:                        34429.406 KiB
                 mempool.total.codeheap.used:                   15881.500 KiB
                 mempool.total.used:                            705801.289 KiB

Iteration   3: 2148.793 ops/s
                 gc.alloc.rate:                                 2536.213 MB/sec
                 gc.alloc.rate.norm:                            1243104.072 B/op
                 gc.count:                                      9.000 counts
                 gc.time:                                       23.000 ms
                 mempool.CodeHeap 'non-nmethods'.used:          1562.000 KiB
                 mempool.CodeHeap 'non-profiled nmethods'.used: 3379.750 KiB
                 mempool.CodeHeap 'profiled nmethods'.used:     10973.625 KiB
                 mempool.Compressed Class Space.used:           4403.344 KiB
                 mempool.G1 Eden Space.used:                    627712.000 KiB
                 mempool.G1 Old Gen.used:                       23048.008 KiB
                 mempool.G1 Survivor Space.used:                394.563 KiB
                 mempool.Metaspace.used:                        34439.789 KiB
                 mempool.total.codeheap.used:                   15915.375 KiB
                 mempool.total.used:                            705913.078 KiB

Iteration   4: 2099.988 ops/s
                 gc.alloc.rate:                                 2488.484 MB/sec
                 gc.alloc.rate.norm:                            1243104.423 B/op
                 gc.count:                                      8.000 counts
                 gc.time:                                       19.000 ms
                 mempool.CodeHeap 'non-nmethods'.used:          1561.375 KiB
                 mempool.CodeHeap 'non-profiled nmethods'.used: 3381.500 KiB
                 mempool.CodeHeap 'profiled nmethods'.used:     10997.875 KiB
                 mempool.Compressed Class Space.used:           4403.344 KiB
                 mempool.G1 Eden Space.used:                    627712.000 KiB
                 mempool.G1 Old Gen.used:                       23052.039 KiB
                 mempool.G1 Survivor Space.used:                363.109 KiB
                 mempool.Metaspace.used:                        34449.234 KiB
                 mempool.total.codeheap.used:                   15940.750 KiB
                 mempool.total.used:                            705920.477 KiB

Iteration   5: 2314.821 ops/s
                 gc.alloc.rate:                                 2658.110 MB/sec
                 gc.alloc.rate.norm:                            1273561.054 B/op
                 gc.count:                                      10.000 counts
                 gc.time:                                       20.000 ms
                 mempool.CodeHeap 'non-nmethods'.used:          1563.750 KiB
                 mempool.CodeHeap 'non-profiled nmethods'.used: 3399.750 KiB
                 mempool.CodeHeap 'profiled nmethods'.used:     11046.250 KiB
                 mempool.Compressed Class Space.used:           4403.852 KiB
                 mempool.G1 Eden Space.used:                    627712.000 KiB
                 mempool.G1 Old Gen.used:                       23060.102 KiB
                 mempool.G1 Survivor Space.used:                375.109 KiB
                 mempool.Metaspace.used:                        34461.484 KiB
                 mempool.total.codeheap.used:                   16009.750 KiB
                 mempool.total.used:                            706022.297 KiB



Result "io.github.lemon_ant.jharmonizer.printerlab.PrinterBenchmark.serialize":
  2286.030 ±(99.9%) 162.299 ops/s [Average]
  (min, avg, max) = (2078.822, 2286.030, 2521.075), stdev = 151.814
  CI (99.9%): [2123.731, 2448.328] (assumes normal distribution)

Secondary result "io.github.lemon_ant.jharmonizer.printerlab.PrinterBenchmark.serialize:gc.alloc.rate":
  2683.456 ±(99.9%) 192.210 MB/sec [Average]
  (min, avg, max) = (2454.830, 2683.456, 2982.905), stdev = 179.793
  CI (99.9%): [2491.246, 2875.665] (assumes normal distribution)

Secondary result "io.github.lemon_ant.jharmonizer.printerlab.PrinterBenchmark.serialize:gc.alloc.rate.norm":
  1249219.368 ±(99.9%) 13561.046 B/op [Average]
  (min, avg, max) = (1243103.017, 1249219.368, 1275828.135), stdev = 12685.011
  CI (99.9%): [1235658.322, 1262780.415] (assumes normal distribution)

Secondary result "io.github.lemon_ant.jharmonizer.printerlab.PrinterBenchmark.serialize:gc.count":
  138.000 ±(99.9%) 0.001 counts [Sum]
  (min, avg, max) = (8.000, 9.200, 11.000), stdev = 0.862
  CI (99.9%): [138.000, 138.000] (assumes normal distribution)

Secondary result "io.github.lemon_ant.jharmonizer.printerlab.PrinterBenchmark.serialize:gc.time":
  325.000 ±(99.9%) 0.001 ms [Sum]
  (min, avg, max) = (17.000, 21.667, 26.000), stdev = 2.440
  CI (99.9%): [325.000, 325.000] (assumes normal distribution)

Secondary result "io.github.lemon_ant.jharmonizer.printerlab.PrinterBenchmark.serialize:mempool.CodeHeap 'non-nmethods'.used":
  1586.875 ±(99.9%) 0.001 KiB [Maximum]
  (min, avg, max) = (1547.250, 1560.808, 1586.875), stdev = 11.009
  CI (99.9%): [1586.875, 1586.875] (assumes normal distribution)

Secondary result "io.github.lemon_ant.jharmonizer.printerlab.PrinterBenchmark.serialize:mempool.CodeHeap 'non-profiled nmethods'.used":
  3399.750 ±(99.9%) 0.001 KiB [Maximum]
  (min, avg, max) = (3174.250, 3268.983, 3399.750), stdev = 86.471
  CI (99.9%): [3399.750, 3399.750] (assumes normal distribution)

Secondary result "io.github.lemon_ant.jharmonizer.printerlab.PrinterBenchmark.serialize:mempool.CodeHeap 'profiled nmethods'.used":
  11104.000 ±(99.9%) 0.001 KiB [Maximum]
  (min, avg, max) = (10870.625, 10984.517, 11104.000), stdev = 66.331
  CI (99.9%): [11104.000, 11104.000] (assumes normal distribution)

Secondary result "io.github.lemon_ant.jharmonizer.printerlab.PrinterBenchmark.serialize:mempool.Compressed Class Space.used":
  4449.008 ±(99.9%) 0.001 KiB [Maximum]
  (min, avg, max) = (4402.281, 4431.519, 4449.008), stdev = 20.838
  CI (99.9%): [4449.008, 4449.008] (assumes normal distribution)

Secondary result "io.github.lemon_ant.jharmonizer.printerlab.PrinterBenchmark.serialize:mempool.G1 Eden Space.used":
  627712.000 ±(99.9%) 0.001 KiB [Maximum]
  (min, avg, max) = (627712.000, 627712.000, 627712.000), stdev = 0.001
  CI (99.9%): [627712.000, 627712.000] (assumes normal distribution)

Secondary result "io.github.lemon_ant.jharmonizer.printerlab.PrinterBenchmark.serialize:mempool.G1 Old Gen.used":
  23571.531 ±(99.9%) 0.001 KiB [Maximum]
  (min, avg, max) = (21491.852, 22704.673, 23571.531), stdev = 894.465
  CI (99.9%): [23571.531, 23571.531] (assumes normal distribution)

Secondary result "io.github.lemon_ant.jharmonizer.printerlab.PrinterBenchmark.serialize:mempool.G1 Survivor Space.used":
  394.563 ±(99.9%) 0.001 KiB [Maximum]
  (min, avg, max) = (331.563, 359.163, 394.563), stdev = 18.925
  CI (99.9%): [394.563, 394.563] (assumes normal distribution)

Secondary result "io.github.lemon_ant.jharmonizer.printerlab.PrinterBenchmark.serialize:mempool.Metaspace.used":
  34567.609 ±(99.9%) 0.001 KiB [Maximum]
  (min, avg, max) = (34418.773, 34478.675, 34567.609), stdev = 53.695
  CI (99.9%): [34567.609, 34567.609] (assumes normal distribution)

Secondary result "io.github.lemon_ant.jharmonizer.printerlab.PrinterBenchmark.serialize:mempool.total.codeheap.used":
  16009.750 ±(99.9%) 0.001 KiB [Maximum]
  (min, avg, max) = (15594.250, 15814.308, 16009.750), stdev = 123.278
  CI (99.9%): [16009.750, 16009.750] (assumes normal distribution)

Secondary result "io.github.lemon_ant.jharmonizer.printerlab.PrinterBenchmark.serialize:mempool.total.used":
  706578.305 ±(99.9%) 0.001 KiB [Maximum]
  (min, avg, max) = (704025.047, 705500.338, 706578.305), stdev = 1016.653
  CI (99.9%): [706578.305, 706578.305] (assumes normal distribution)


# Run complete. Total time: 00:05:51

REMEMBER: The numbers below are just data. To gain reusable insights, you need to follow up on
why the numbers are the way they are. Use profilers (see -prof, -lprof), design factorial
experiments, perform baseline and negative tests that provide experimental control, make sure
the benchmarking environment is safe on JVM/OS/HW level, ask for reviews from the domain experts.
Do not assume the numbers tell you what you want them to tell.

NOTE: Current JVM experimentally supports Compiler Blackholes, and they are in use. Please exercise
extra caution when trusting the results, look into the generated code to check the benchmark still
works, and factor in a small probability of new VM bugs. Additionally, while comparisons between
different JVMs are already problematic, the performance difference caused by different Blackhole
modes can be very significant. Please make sure you use the consistent Blackhole mode for comparisons.

Benchmark                                                                 (workload)   Mode  Cnt        Score       Error   Units
PrinterBenchmark.serialize                                                  fixtures  thrpt   15    11873.051 ±  1298.930   ops/s
PrinterBenchmark.serialize:gc.alloc.rate                                    fixtures  thrpt   15     1991.143 ±   213.446  MB/sec
PrinterBenchmark.serialize:gc.alloc.rate.norm                               fixtures  thrpt   15   177979.621 ±   769.698    B/op
PrinterBenchmark.serialize:gc.count                                         fixtures  thrpt   15      104.000              counts
PrinterBenchmark.serialize:gc.time                                          fixtures  thrpt   15      305.000                  ms
PrinterBenchmark.serialize:mempool.CodeHeap 'non-nmethods'.used             fixtures  thrpt   15     1606.375                 KiB
PrinterBenchmark.serialize:mempool.CodeHeap 'non-profiled nmethods'.used    fixtures  thrpt   15     3938.875                 KiB
PrinterBenchmark.serialize:mempool.CodeHeap 'profiled nmethods'.used        fixtures  thrpt   15    12426.750                 KiB
PrinterBenchmark.serialize:mempool.Compressed Class Space.used              fixtures  thrpt   15     5231.664                 KiB
PrinterBenchmark.serialize:mempool.G1 Eden Space.used                       fixtures  thrpt   15   627712.000                 KiB
PrinterBenchmark.serialize:mempool.G1 Old Gen.used                          fixtures  thrpt   15    21535.625                 KiB
PrinterBenchmark.serialize:mempool.G1 Survivor Space.used                   fixtures  thrpt   15    12865.156                 KiB
PrinterBenchmark.serialize:mempool.Metaspace.used                           fixtures  thrpt   15    38083.516                 KiB
PrinterBenchmark.serialize:mempool.total.codeheap.used                      fixtures  thrpt   15    17936.250                 KiB
PrinterBenchmark.serialize:mempool.total.used                               fixtures  thrpt   15   721268.219                 KiB
PrinterBenchmark.serialize                                                   flat128  thrpt   15    27923.374 ±  1909.833   ops/s
PrinterBenchmark.serialize:gc.alloc.rate                                     flat128  thrpt   15     3081.411 ±   215.328  MB/sec
PrinterBenchmark.serialize:gc.alloc.rate.norm                                flat128  thrpt   15   116384.702 ±    95.098    B/op
PrinterBenchmark.serialize:gc.count                                          flat128  thrpt   15      158.000              counts
PrinterBenchmark.serialize:gc.time                                           flat128  thrpt   15      347.000                  ms
PrinterBenchmark.serialize:mempool.CodeHeap 'non-nmethods'.used              flat128  thrpt   15     1575.875                 KiB
PrinterBenchmark.serialize:mempool.CodeHeap 'non-profiled nmethods'.used     flat128  thrpt   15     2977.750                 KiB
PrinterBenchmark.serialize:mempool.CodeHeap 'profiled nmethods'.used         flat128  thrpt   15     8686.625                 KiB
PrinterBenchmark.serialize:mempool.Compressed Class Space.used               flat128  thrpt   15     4498.813                 KiB
PrinterBenchmark.serialize:mempool.G1 Eden Space.used                        flat128  thrpt   15   627712.000                 KiB
PrinterBenchmark.serialize:mempool.G1 Old Gen.used                           flat128  thrpt   15    17787.883                 KiB
PrinterBenchmark.serialize:mempool.G1 Survivor Space.used                    flat128  thrpt   15      279.875                 KiB
PrinterBenchmark.serialize:mempool.Metaspace.used                            flat128  thrpt   15    34057.969                 KiB
PrinterBenchmark.serialize:mempool.total.codeheap.used                       flat128  thrpt   15    13229.125                 KiB
PrinterBenchmark.serialize:mempool.total.used                                flat128  thrpt   15   697201.539                 KiB
PrinterBenchmark.serialize                                                  flat1024  thrpt   15     2940.858 ±   709.165   ops/s
PrinterBenchmark.serialize:gc.alloc.rate                                    flat1024  thrpt   15     2558.169 ±   628.220  MB/sec
PrinterBenchmark.serialize:gc.alloc.rate.norm                               flat1024  thrpt   15   923839.653 ±  8542.993    B/op
PrinterBenchmark.serialize:gc.count                                         flat1024  thrpt   15      133.000              counts
PrinterBenchmark.serialize:gc.time                                          flat1024  thrpt   15      338.000                  ms
PrinterBenchmark.serialize:mempool.CodeHeap 'non-nmethods'.used             flat1024  thrpt   15     1587.750                 KiB
PrinterBenchmark.serialize:mempool.CodeHeap 'non-profiled nmethods'.used    flat1024  thrpt   15     3957.750                 KiB
PrinterBenchmark.serialize:mempool.CodeHeap 'profiled nmethods'.used        flat1024  thrpt   15    10246.000                 KiB
PrinterBenchmark.serialize:mempool.Compressed Class Space.used              flat1024  thrpt   15     4411.500                 KiB
PrinterBenchmark.serialize:mempool.G1 Eden Space.used                       flat1024  thrpt   15   627712.000                 KiB
PrinterBenchmark.serialize:mempool.G1 Old Gen.used                          flat1024  thrpt   15    26356.148                 KiB
PrinterBenchmark.serialize:mempool.G1 Survivor Space.used                   flat1024  thrpt   15      530.969                 KiB
PrinterBenchmark.serialize:mempool.Metaspace.used                           flat1024  thrpt   15    33957.492                 KiB
PrinterBenchmark.serialize:mempool.total.codeheap.used                      flat1024  thrpt   15    15495.500                 KiB
PrinterBenchmark.serialize:mempool.total.used                               flat1024  thrpt   15   708108.438                 KiB
PrinterBenchmark.serialize                                                 nested128  thrpt   15     2286.030 ±   162.299   ops/s
PrinterBenchmark.serialize:gc.alloc.rate                                   nested128  thrpt   15     2683.456 ±   192.210  MB/sec
PrinterBenchmark.serialize:gc.alloc.rate.norm                              nested128  thrpt   15  1249219.368 ± 13561.046    B/op
PrinterBenchmark.serialize:gc.count                                        nested128  thrpt   15      138.000              counts
PrinterBenchmark.serialize:gc.time                                         nested128  thrpt   15      325.000                  ms
PrinterBenchmark.serialize:mempool.CodeHeap 'non-nmethods'.used            nested128  thrpt   15     1586.875                 KiB
PrinterBenchmark.serialize:mempool.CodeHeap 'non-profiled nmethods'.used   nested128  thrpt   15     3399.750                 KiB
PrinterBenchmark.serialize:mempool.CodeHeap 'profiled nmethods'.used       nested128  thrpt   15    11104.000                 KiB
PrinterBenchmark.serialize:mempool.Compressed Class Space.used             nested128  thrpt   15     4449.008                 KiB
PrinterBenchmark.serialize:mempool.G1 Eden Space.used                      nested128  thrpt   15   627712.000                 KiB
PrinterBenchmark.serialize:mempool.G1 Old Gen.used                         nested128  thrpt   15    23571.531                 KiB
PrinterBenchmark.serialize:mempool.G1 Survivor Space.used                  nested128  thrpt   15      394.563                 KiB
PrinterBenchmark.serialize:mempool.Metaspace.used                          nested128  thrpt   15    34567.609                 KiB
PrinterBenchmark.serialize:mempool.total.codeheap.used                     nested128  thrpt   15    16009.750                 KiB
PrinterBenchmark.serialize:mempool.total.used                              nested128  thrpt   15   706578.305                 KiB

Benchmark result is saved to W:\JHarmonizer\core\printer-lab\target\measurement-0f6aa72d\candidate-run\throughput-t8.raw.json
