# SPDX-FileCopyrightText: 2026 Anton Lem <antonlem78@gmail.com>
# SPDX-License-Identifier: Apache-2.0
# JMH version: 1.37
# VM version: JDK 21.0.8, OpenJDK 64-Bit Server VM, 21.0.8+9-LTS
# VM invoker: C:\Program Files\Microsoft\jdk-21.0.8.9-hotspot\bin\java.exe
# VM options: -Xms1g -Xmx1g -XX:+UseG1GC -Dfile.encoding=UTF-8 -Duser.language=en -Duser.country=US -Duser.timezone=UTC -Dprinter.lab.corpus=W:\JHarmonizer\core\printer-lab\target\measurement-0f6aa72d\candidate-run\corpus
# Blackhole mode: compiler (auto-detected, use -Djmh.blackhole.autoDetect=false to disable)
# Warmup: 5 iterations, 1 s each
# Measurement: 5 iterations, 2 s each
# Timeout: 10 min per iteration
# Threads: 1 thread, will synchronize iterations
# Benchmark mode: Throughput, ops/time
# Benchmark: io.github.lemon_ant.jharmonizer.printerlab.PrinterBenchmark.serialize
# Parameters: (workload = fixtures)

# Run progress: 0.00% complete, ETA 00:03:00
# Fork: 1 of 3
Picked up JAVA_TOOL_OPTIONS: -Dfile.encoding=UTF-8
# Warmup Iteration   1: 770.388 ops/s
# Warmup Iteration   2: 1234.811 ops/s
# Warmup Iteration   3: 2238.539 ops/s
# Warmup Iteration   4: 3967.023 ops/s
# Warmup Iteration   5: 3949.368 ops/s
Iteration   1: 3670.579 ops/s
                 gc.alloc.rate:                                 620.256 MB/sec
                 gc.alloc.rate.norm:                            177276.264 B/op
                 gc.count:                                      2.000 counts
                 gc.time:                                       15.000 ms
                 mempool.CodeHeap 'non-nmethods'.used:          1583.250 KiB
                 mempool.CodeHeap 'non-profiled nmethods'.used: 2631.000 KiB
                 mempool.CodeHeap 'profiled nmethods'.used:     8594.375 KiB
                 mempool.Compressed Class Space.used:           3519.781 KiB
                 mempool.G1 Eden Space.used:                    621568.000 KiB
                 mempool.G1 Old Gen.used:                       8681.766 KiB
                 mempool.G1 Survivor Space.used:                6590.211 KiB
                 mempool.Metaspace.used:                        31541.938 KiB
                 mempool.total.codeheap.used:                   12808.625 KiB
                 mempool.total.used:                            684710.320 KiB

Iteration   2: 5007.130 ops/s
                 gc.alloc.rate:                                 846.175 MB/sec
                 gc.alloc.rate.norm:                            177275.129 B/op
                 gc.count:                                      3.000 counts
                 gc.time:                                       17.000 ms
                 mempool.CodeHeap 'non-nmethods'.used:          1569.250 KiB
                 mempool.CodeHeap 'non-profiled nmethods'.used: 2632.500 KiB
                 mempool.CodeHeap 'profiled nmethods'.used:     8635.875 KiB
                 mempool.Compressed Class Space.used:           3520.844 KiB
                 mempool.G1 Eden Space.used:                    621568.000 KiB
                 mempool.G1 Old Gen.used:                       8681.766 KiB
                 mempool.G1 Survivor Space.used:                6430.156 KiB
                 mempool.Metaspace.used:                        31565.836 KiB
                 mempool.total.codeheap.used:                   12837.625 KiB
                 mempool.total.used:                            684604.227 KiB

Iteration   3: 3795.749 ops/s
                 gc.alloc.rate:                                 641.414 MB/sec
                 gc.alloc.rate.norm:                            177276.134 B/op
                 gc.count:                                      2.000 counts
                 gc.time:                                       17.000 ms
                 mempool.CodeHeap 'non-nmethods'.used:          1569.250 KiB
                 mempool.CodeHeap 'non-profiled nmethods'.used: 2634.000 KiB
                 mempool.CodeHeap 'profiled nmethods'.used:     8639.625 KiB
                 mempool.Compressed Class Space.used:           3520.844 KiB
                 mempool.G1 Eden Space.used:                    621568.000 KiB
                 mempool.G1 Old Gen.used:                       8681.766 KiB
                 mempool.G1 Survivor Space.used:                6431.828 KiB
                 mempool.Metaspace.used:                        31568.945 KiB
                 mempool.total.codeheap.used:                   12842.875 KiB
                 mempool.total.used:                            684614.258 KiB

Iteration   4: 3174.462 ops/s
                 gc.alloc.rate:                                 535.545 MB/sec
                 gc.alloc.rate.norm:                            177276.946 B/op
                 gc.count:                                      2.000 counts
                 gc.time:                                       11.000 ms
                 mempool.CodeHeap 'non-nmethods'.used:          1584.000 KiB
                 mempool.CodeHeap 'non-profiled nmethods'.used: 2638.750 KiB
                 mempool.CodeHeap 'profiled nmethods'.used:     8657.250 KiB
                 mempool.Compressed Class Space.used:           3520.844 KiB
                 mempool.G1 Eden Space.used:                    621568.000 KiB
                 mempool.G1 Old Gen.used:                       8681.766 KiB
                 mempool.G1 Survivor Space.used:                6569.672 KiB
                 mempool.Metaspace.used:                        31577.906 KiB
                 mempool.total.codeheap.used:                   12880.000 KiB
                 mempool.total.used:                            684798.188 KiB

Iteration   5: 5098.742 ops/s
                 gc.alloc.rate:                                 853.161 MB/sec
                 gc.alloc.rate.norm:                            177613.420 B/op
                 gc.count:                                      2.000 counts
                 gc.time:                                       14.000 ms
                 mempool.CodeHeap 'non-nmethods'.used:          1584.125 KiB
                 mempool.CodeHeap 'non-profiled nmethods'.used: 2643.125 KiB
                 mempool.CodeHeap 'profiled nmethods'.used:     8743.875 KiB
                 mempool.Compressed Class Space.used:           3520.844 KiB
                 mempool.G1 Eden Space.used:                    623616.000 KiB
                 mempool.G1 Old Gen.used:                       13887.000 KiB
                 mempool.G1 Survivor Space.used:                6424.672 KiB
                 mempool.Metaspace.used:                        31595.656 KiB
                 mempool.total.codeheap.used:                   12971.125 KiB
                 mempool.total.used:                            692015.297 KiB


# Run progress: 8.33% complete, ETA 00:04:15
# Fork: 2 of 3
Picked up JAVA_TOOL_OPTIONS: -Dfile.encoding=UTF-8
# Warmup Iteration   1: 503.603 ops/s
# Warmup Iteration   2: 833.511 ops/s
# Warmup Iteration   3: 815.773 ops/s
# Warmup Iteration   4: 1407.037 ops/s
# Warmup Iteration   5: 2498.127 ops/s
Iteration   1: 3541.325 ops/s
                 gc.alloc.rate:                                 591.676 MB/sec
                 gc.alloc.rate.norm:                            175324.449 B/op
                 gc.count:                                      2.000 counts
                 gc.time:                                       13.000 ms
                 mempool.CodeHeap 'non-nmethods'.used:          1571.250 KiB
                 mempool.CodeHeap 'non-profiled nmethods'.used: 2716.125 KiB
                 mempool.CodeHeap 'profiled nmethods'.used:     8916.625 KiB
                 mempool.Compressed Class Space.used:           3522.273 KiB
                 mempool.G1 Eden Space.used:                    621568.000 KiB
                 mempool.G1 Old Gen.used:                       8754.109 KiB
                 mempool.G1 Survivor Space.used:                6744.961 KiB
                 mempool.Metaspace.used:                        31626.266 KiB
                 mempool.total.codeheap.used:                   13204.000 KiB
                 mempool.total.used:                            685419.609 KiB

Iteration   2: 3094.466 ops/s
                 gc.alloc.rate:                                 517.094 MB/sec
                 gc.alloc.rate.norm:                            175325.072 B/op
                 gc.count:                                      2.000 counts
                 gc.time:                                       15.000 ms
                 mempool.CodeHeap 'non-nmethods'.used:          1571.250 KiB
                 mempool.CodeHeap 'non-profiled nmethods'.used: 2716.875 KiB
                 mempool.CodeHeap 'profiled nmethods'.used:     8950.625 KiB
                 mempool.Compressed Class Space.used:           3523.336 KiB
                 mempool.G1 Eden Space.used:                    621568.000 KiB
                 mempool.G1 Old Gen.used:                       8754.109 KiB
                 mempool.G1 Survivor Space.used:                6744.961 KiB
                 mempool.Metaspace.used:                        31635.531 KiB
                 mempool.total.codeheap.used:                   13238.750 KiB
                 mempool.total.used:                            685464.688 KiB

Iteration   3: 2172.568 ops/s
                 gc.alloc.rate:                                 362.670 MB/sec
                 gc.alloc.rate.norm:                            175327.235 B/op
                 gc.count:                                      1.000 counts
                 gc.time:                                       6.000 ms
                 mempool.CodeHeap 'non-nmethods'.used:          1571.250 KiB
                 mempool.CodeHeap 'non-profiled nmethods'.used: 2718.375 KiB
                 mempool.CodeHeap 'profiled nmethods'.used:     8956.250 KiB
                 mempool.Compressed Class Space.used:           3523.336 KiB
                 mempool.G1 Eden Space.used:                    621568.000 KiB
                 mempool.G1 Old Gen.used:                       8754.109 KiB
                 mempool.G1 Survivor Space.used:                6718.188 KiB
                 mempool.Metaspace.used:                        31638.641 KiB
                 mempool.total.codeheap.used:                   13245.875 KiB
                 mempool.total.used:                            685448.148 KiB

Iteration   4: 2737.456 ops/s
                 gc.alloc.rate:                                 457.435 MB/sec
                 gc.alloc.rate.norm:                            175325.731 B/op
                 gc.count:                                      1.000 counts
                 gc.time:                                       7.000 ms
                 mempool.CodeHeap 'non-nmethods'.used:          1571.250 KiB
                 mempool.CodeHeap 'non-profiled nmethods'.used: 2719.125 KiB
                 mempool.CodeHeap 'profiled nmethods'.used:     8979.500 KiB
                 mempool.Compressed Class Space.used:           3523.336 KiB
                 mempool.G1 Eden Space.used:                    621568.000 KiB
                 mempool.G1 Old Gen.used:                       8754.109 KiB
                 mempool.G1 Survivor Space.used:                6876.266 KiB
                 mempool.Metaspace.used:                        31649.711 KiB
                 mempool.total.codeheap.used:                   13269.875 KiB
                 mempool.total.used:                            685641.297 KiB

Iteration   5: 2990.952 ops/s
                 gc.alloc.rate:                                 489.266 MB/sec
                 gc.alloc.rate.norm:                            175896.345 B/op
                 gc.count:                                      2.000 counts
                 gc.time:                                       12.000 ms
                 mempool.CodeHeap 'non-nmethods'.used:          1585.375 KiB
                 mempool.CodeHeap 'non-profiled nmethods'.used: 2727.875 KiB
                 mempool.CodeHeap 'profiled nmethods'.used:     9068.875 KiB
                 mempool.Compressed Class Space.used:           3523.336 KiB
                 mempool.G1 Eden Space.used:                    621568.000 KiB
                 mempool.G1 Old Gen.used:                       8754.109 KiB
                 mempool.G1 Survivor Space.used:                7013.719 KiB
                 mempool.Metaspace.used:                        31671.250 KiB
                 mempool.total.codeheap.used:                   13382.125 KiB
                 mempool.total.used:                            685912.539 KiB


# Run progress: 16.67% complete, ETA 00:03:53
# Fork: 3 of 3
Picked up JAVA_TOOL_OPTIONS: -Dfile.encoding=UTF-8
# Warmup Iteration   1: 357.112 ops/s
# Warmup Iteration   2: 843.837 ops/s
# Warmup Iteration   3: 2221.237 ops/s
# Warmup Iteration   4: 3817.603 ops/s
# Warmup Iteration   5: 4426.700 ops/s
Iteration   1: 3672.264 ops/s
                 gc.alloc.rate:                                 615.401 MB/sec
                 gc.alloc.rate.norm:                            175852.278 B/op
                 gc.count:                                      2.000 counts
                 gc.time:                                       13.000 ms
                 mempool.CodeHeap 'non-nmethods'.used:          1580.125 KiB
                 mempool.CodeHeap 'non-profiled nmethods'.used: 2640.375 KiB
                 mempool.CodeHeap 'profiled nmethods'.used:     9206.750 KiB
                 mempool.Compressed Class Space.used:           3522.211 KiB
                 mempool.G1 Eden Space.used:                    621568.000 KiB
                 mempool.G1 Old Gen.used:                       8896.867 KiB
                 mempool.G1 Survivor Space.used:                7001.484 KiB
                 mempool.Metaspace.used:                        31659.875 KiB
                 mempool.total.codeheap.used:                   13427.250 KiB
                 mempool.total.used:                            686075.688 KiB

Iteration   2: 3544.102 ops/s
                 gc.alloc.rate:                                 594.009 MB/sec
                 gc.alloc.rate.norm:                            175852.424 B/op
                 gc.count:                                      2.000 counts
                 gc.time:                                       13.000 ms
                 mempool.CodeHeap 'non-nmethods'.used:          1566.375 KiB
                 mempool.CodeHeap 'non-profiled nmethods'.used: 2641.125 KiB
                 mempool.CodeHeap 'profiled nmethods'.used:     9246.750 KiB
                 mempool.Compressed Class Space.used:           3523.273 KiB
                 mempool.G1 Eden Space.used:                    621568.000 KiB
                 mempool.G1 Old Gen.used:                       8896.867 KiB
                 mempool.G1 Survivor Space.used:                7145.711 KiB
                 mempool.Metaspace.used:                        31677.156 KiB
                 mempool.total.codeheap.used:                   13454.250 KiB
                 mempool.total.used:                            686265.258 KiB

Iteration   3: 4039.761 ops/s
                 gc.alloc.rate:                                 677.237 MB/sec
                 gc.alloc.rate.norm:                            175851.883 B/op
                 gc.count:                                      2.000 counts
                 gc.time:                                       15.000 ms
                 mempool.CodeHeap 'non-nmethods'.used:          1566.375 KiB
                 mempool.CodeHeap 'non-profiled nmethods'.used: 2642.625 KiB
                 mempool.CodeHeap 'profiled nmethods'.used:     9253.750 KiB
                 mempool.Compressed Class Space.used:           3523.273 KiB
                 mempool.G1 Eden Space.used:                    621568.000 KiB
                 mempool.G1 Old Gen.used:                       8896.867 KiB
                 mempool.G1 Survivor Space.used:                7145.711 KiB
                 mempool.Metaspace.used:                        31680.266 KiB
                 mempool.total.codeheap.used:                   13462.750 KiB
                 mempool.total.used:                            686276.867 KiB

Iteration   4: 3703.390 ops/s
                 gc.alloc.rate:                                 620.703 MB/sec
                 gc.alloc.rate.norm:                            175852.236 B/op
                 gc.count:                                      2.000 counts
                 gc.time:                                       15.000 ms
                 mempool.CodeHeap 'non-nmethods'.used:          1580.000 KiB
                 mempool.CodeHeap 'non-profiled nmethods'.used: 2644.125 KiB
                 mempool.CodeHeap 'profiled nmethods'.used:     9275.000 KiB
                 mempool.Compressed Class Space.used:           3523.273 KiB
                 mempool.G1 Eden Space.used:                    621568.000 KiB
                 mempool.G1 Old Gen.used:                       8896.867 KiB
                 mempool.G1 Survivor Space.used:                6854.625 KiB
                 mempool.Metaspace.used:                        31690.281 KiB
                 mempool.total.codeheap.used:                   13499.125 KiB
                 mempool.total.used:                            686032.172 KiB

Iteration   5: 3039.185 ops/s
                 gc.alloc.rate:                                 493.985 MB/sec
                 gc.alloc.rate.norm:                            176407.839 B/op
                 gc.count:                                      2.000 counts
                 gc.time:                                       15.000 ms
                 mempool.CodeHeap 'non-nmethods'.used:          1582.750 KiB
                 mempool.CodeHeap 'non-profiled nmethods'.used: 2657.375 KiB
                 mempool.CodeHeap 'profiled nmethods'.used:     9355.250 KiB
                 mempool.Compressed Class Space.used:           3523.273 KiB
                 mempool.G1 Eden Space.used:                    621568.000 KiB
                 mempool.G1 Old Gen.used:                       10628.258 KiB
                 mempool.G1 Survivor Space.used:                6477.711 KiB
                 mempool.Metaspace.used:                        31709.977 KiB
                 mempool.total.codeheap.used:                   13595.375 KiB
                 mempool.total.used:                            687502.594 KiB



Result "io.github.lemon_ant.jharmonizer.printerlab.PrinterBenchmark.serialize":
  3552.142 ±(99.9%) 825.855 ops/s [Average]
  (min, avg, max) = (2172.568, 3552.142, 5098.742), stdev = 772.505
  CI (99.9%): [2726.287, 4377.997] (assumes normal distribution)

Secondary result "io.github.lemon_ant.jharmonizer.printerlab.PrinterBenchmark.serialize:gc.alloc.rate":
  594.402 ±(99.9%) 141.211 MB/sec [Average]
  (min, avg, max) = (362.670, 594.402, 853.161), stdev = 132.089
  CI (99.9%): [453.191, 735.613] (assumes normal distribution)

Secondary result "io.github.lemon_ant.jharmonizer.printerlab.PrinterBenchmark.serialize:gc.alloc.rate.norm":
  176248.892 ±(99.9%) 915.701 B/op [Average]
  (min, avg, max) = (175324.449, 176248.892, 177613.420), stdev = 856.547
  CI (99.9%): [175333.191, 177164.593] (assumes normal distribution)

Secondary result "io.github.lemon_ant.jharmonizer.printerlab.PrinterBenchmark.serialize:gc.count":
  29.000 ±(99.9%) 0.001 counts [Sum]
  (min, avg, max) = (1.000, 1.933, 3.000), stdev = 0.458
  CI (99.9%): [29.000, 29.000] (assumes normal distribution)

Secondary result "io.github.lemon_ant.jharmonizer.printerlab.PrinterBenchmark.serialize:gc.time":
  198.000 ±(99.9%) 0.001 ms [Sum]
  (min, avg, max) = (6.000, 13.200, 17.000), stdev = 3.189
  CI (99.9%): [198.000, 198.000] (assumes normal distribution)

Secondary result "io.github.lemon_ant.jharmonizer.printerlab.PrinterBenchmark.serialize:mempool.CodeHeap 'non-nmethods'.used":
  1585.375 ±(99.9%) 0.001 KiB [Maximum]
  (min, avg, max) = (1566.375, 1575.725, 1585.375), stdev = 7.144
  CI (99.9%): [1585.375, 1585.375] (assumes normal distribution)

Secondary result "io.github.lemon_ant.jharmonizer.printerlab.PrinterBenchmark.serialize:mempool.CodeHeap 'non-profiled nmethods'.used":
  2727.875 ±(99.9%) 0.001 KiB [Maximum]
  (min, avg, max) = (2631.000, 2666.892, 2727.875), stdev = 39.183
  CI (99.9%): [2727.875, 2727.875] (assumes normal distribution)

Secondary result "io.github.lemon_ant.jharmonizer.printerlab.PrinterBenchmark.serialize:mempool.CodeHeap 'profiled nmethods'.used":
  9355.250 ±(99.9%) 0.001 KiB [Maximum]
  (min, avg, max) = (8594.375, 8965.358, 9355.250), stdev = 264.356
  CI (99.9%): [9355.250, 9355.250] (assumes normal distribution)

Secondary result "io.github.lemon_ant.jharmonizer.printerlab.PrinterBenchmark.serialize:mempool.Compressed Class Space.used":
  3523.336 ±(99.9%) 0.001 KiB [Maximum]
  (min, avg, max) = (3519.781, 3522.272, 3523.336), stdev = 1.279
  CI (99.9%): [3523.336, 3523.336] (assumes normal distribution)

Secondary result "io.github.lemon_ant.jharmonizer.printerlab.PrinterBenchmark.serialize:mempool.G1 Eden Space.used":
  623616.000 ±(99.9%) 0.001 KiB [Maximum]
  (min, avg, max) = (621568.000, 621704.533, 623616.000), stdev = 528.791
  CI (99.9%): [623616.000, 623616.000] (assumes normal distribution)

Secondary result "io.github.lemon_ant.jharmonizer.printerlab.PrinterBenchmark.serialize:mempool.G1 Old Gen.used":
  13887.000 ±(99.9%) 0.001 KiB [Maximum]
  (min, avg, max) = (8681.766, 9240.022, 13887.000), stdev = 1373.727
  CI (99.9%): [13887.000, 13887.000] (assumes normal distribution)

Secondary result "io.github.lemon_ant.jharmonizer.printerlab.PrinterBenchmark.serialize:mempool.G1 Survivor Space.used":
  7145.711 ±(99.9%) 0.001 KiB [Maximum]
  (min, avg, max) = (6424.672, 6744.658, 7145.711), stdev = 255.658
  CI (99.9%): [7145.711, 7145.711] (assumes normal distribution)

Secondary result "io.github.lemon_ant.jharmonizer.printerlab.PrinterBenchmark.serialize:mempool.Metaspace.used":
  31709.977 ±(99.9%) 0.001 KiB [Maximum]
  (min, avg, max) = (31541.938, 31632.616, 31709.977), stdev = 51.598
  CI (99.9%): [31709.977, 31709.977] (assumes normal distribution)

Secondary result "io.github.lemon_ant.jharmonizer.printerlab.PrinterBenchmark.serialize:mempool.total.codeheap.used":
  13595.375 ±(99.9%) 0.001 KiB [Maximum]
  (min, avg, max) = (12808.625, 13207.975, 13595.375), stdev = 272.377
  CI (99.9%): [13595.375, 13595.375] (assumes normal distribution)

Secondary result "io.github.lemon_ant.jharmonizer.printerlab.PrinterBenchmark.serialize:mempool.total.used":
  692015.297 ±(99.9%) 0.001 KiB [Maximum]
  (min, avg, max) = (684604.227, 686052.077, 692015.297), stdev = 1824.340
  CI (99.9%): [692015.297, 692015.297] (assumes normal distribution)


# JMH version: 1.37
# VM version: JDK 21.0.8, OpenJDK 64-Bit Server VM, 21.0.8+9-LTS
# VM invoker: C:\Program Files\Microsoft\jdk-21.0.8.9-hotspot\bin\java.exe
# VM options: -Xms1g -Xmx1g -XX:+UseG1GC -Dfile.encoding=UTF-8 -Duser.language=en -Duser.country=US -Duser.timezone=UTC -Dprinter.lab.corpus=W:\JHarmonizer\core\printer-lab\target\measurement-0f6aa72d\candidate-run\corpus
# Blackhole mode: compiler (auto-detected, use -Djmh.blackhole.autoDetect=false to disable)
# Warmup: 5 iterations, 1 s each
# Measurement: 5 iterations, 2 s each
# Timeout: 10 min per iteration
# Threads: 1 thread, will synchronize iterations
# Benchmark mode: Throughput, ops/time
# Benchmark: io.github.lemon_ant.jharmonizer.printerlab.PrinterBenchmark.serialize
# Parameters: (workload = flat128)

# Run progress: 25.00% complete, ETA 00:03:33
# Fork: 1 of 3
Picked up JAVA_TOOL_OPTIONS: -Dfile.encoding=UTF-8
# Warmup Iteration   1: 1869.617 ops/s
# Warmup Iteration   2: 6491.001 ops/s
# Warmup Iteration   3: 8729.082 ops/s
# Warmup Iteration   4: 12058.199 ops/s
# Warmup Iteration   5: 11410.022 ops/s
Iteration   1: 11792.550 ops/s
                 gc.alloc.rate:                                 1308.211 MB/sec
                 gc.alloc.rate.norm:                            116397.538 B/op
                 gc.count:                                      4.000 counts
                 gc.time:                                       21.000 ms
                 mempool.CodeHeap 'non-nmethods'.used:          1548.875 KiB
                 mempool.CodeHeap 'non-profiled nmethods'.used: 2028.875 KiB
                 mempool.CodeHeap 'profiled nmethods'.used:     7119.750 KiB
                 mempool.Compressed Class Space.used:           3135.766 KiB
                 mempool.G1 Eden Space.used:                    622592.000 KiB
                 mempool.G1 Old Gen.used:                       8913.453 KiB
                 mempool.G1 Survivor Space.used:                6144.000 KiB
                 mempool.Metaspace.used:                        29227.156 KiB
                 mempool.total.codeheap.used:                   10697.500 KiB
                 mempool.total.used:                            680709.875 KiB

Iteration   2: 11442.228 ops/s
                 gc.alloc.rate:                                 1269.638 MB/sec
                 gc.alloc.rate.norm:                            116425.370 B/op
                 gc.count:                                      4.000 counts
                 gc.time:                                       20.000 ms
                 mempool.CodeHeap 'non-nmethods'.used:          1563.375 KiB
                 mempool.CodeHeap 'non-profiled nmethods'.used: 2031.750 KiB
                 mempool.CodeHeap 'profiled nmethods'.used:     7156.750 KiB
                 mempool.Compressed Class Space.used:           3137.086 KiB
                 mempool.G1 Eden Space.used:                    627712.000 KiB
                 mempool.G1 Old Gen.used:                       14820.719 KiB
                 mempool.G1 Survivor Space.used:                6015.234 KiB
                 mempool.Metaspace.used:                        29243.383 KiB
                 mempool.total.codeheap.used:                   10751.875 KiB
                 mempool.total.used:                            691680.297 KiB

Iteration   3: 11120.616 ops/s
                 gc.alloc.rate:                                 1233.913 MB/sec
                 gc.alloc.rate.norm:                            116424.573 B/op
                 gc.count:                                      4.000 counts
                 gc.time:                                       11.000 ms
                 mempool.CodeHeap 'non-nmethods'.used:          1565.375 KiB
                 mempool.CodeHeap 'non-profiled nmethods'.used: 2058.875 KiB
                 mempool.CodeHeap 'profiled nmethods'.used:     7172.000 KiB
                 mempool.Compressed Class Space.used:           3137.086 KiB
                 mempool.G1 Eden Space.used:                    627712.000 KiB
                 mempool.G1 Old Gen.used:                       14984.102 KiB
                 mempool.G1 Survivor Space.used:                200.961 KiB
                 mempool.Metaspace.used:                        29251.672 KiB
                 mempool.total.codeheap.used:                   10796.250 KiB
                 mempool.total.used:                            686082.070 KiB

Iteration   4: 11368.445 ops/s
                 gc.alloc.rate:                                 1261.460 MB/sec
                 gc.alloc.rate.norm:                            116417.376 B/op
                 gc.count:                                      5.000 counts
                 gc.time:                                       9.000 ms
                 mempool.CodeHeap 'non-nmethods'.used:          1548.875 KiB
                 mempool.CodeHeap 'non-profiled nmethods'.used: 2059.625 KiB
                 mempool.CodeHeap 'profiled nmethods'.used:     7185.875 KiB
                 mempool.Compressed Class Space.used:           3137.086 KiB
                 mempool.G1 Eden Space.used:                    627712.000 KiB
                 mempool.G1 Old Gen.used:                       15009.789 KiB
                 mempool.G1 Survivor Space.used:                41.844 KiB
                 mempool.Metaspace.used:                        29256.875 KiB
                 mempool.total.codeheap.used:                   10794.375 KiB
                 mempool.total.used:                            685951.969 KiB

Iteration   5: 11652.416 ops/s
                 gc.alloc.rate:                                 1287.726 MB/sec
                 gc.alloc.rate.norm:                            116480.009 B/op
                 gc.count:                                      4.000 counts
                 gc.time:                                       10.000 ms
                 mempool.CodeHeap 'non-nmethods'.used:          1563.125 KiB
                 mempool.CodeHeap 'non-profiled nmethods'.used: 2063.750 KiB
                 mempool.CodeHeap 'profiled nmethods'.used:     7221.250 KiB
                 mempool.Compressed Class Space.used:           3137.086 KiB
                 mempool.G1 Eden Space.used:                    627712.000 KiB
                 mempool.G1 Old Gen.used:                       15025.914 KiB
                 mempool.G1 Survivor Space.used:                32.906 KiB
                 mempool.Metaspace.used:                        29263.922 KiB
                 mempool.total.codeheap.used:                   10848.125 KiB
                 mempool.total.used:                            686019.953 KiB


# Run progress: 33.33% complete, ETA 00:03:09
# Fork: 2 of 3
Picked up JAVA_TOOL_OPTIONS: -Dfile.encoding=UTF-8
# Warmup Iteration   1: 1902.048 ops/s
# Warmup Iteration   2: 5935.631 ops/s
# Warmup Iteration   3: 3998.653 ops/s
# Warmup Iteration   4: 7205.159 ops/s
# Warmup Iteration   5: 777.908 ops/s
Iteration   1: 9631.488 ops/s
                 gc.alloc.rate:                                 1067.370 MB/sec
                 gc.alloc.rate.norm:                            116313.632 B/op
                 gc.count:                                      4.000 counts
                 gc.time:                                       27.000 ms
                 mempool.CodeHeap 'non-nmethods'.used:          1565.750 KiB
                 mempool.CodeHeap 'non-profiled nmethods'.used: 2005.250 KiB
                 mempool.CodeHeap 'profiled nmethods'.used:     6929.500 KiB
                 mempool.Compressed Class Space.used:           3135.773 KiB
                 mempool.G1 Eden Space.used:                    622592.000 KiB
                 mempool.G1 Old Gen.used:                       8799.969 KiB
                 mempool.G1 Survivor Space.used:                5744.234 KiB
                 mempool.Metaspace.used:                        29217.320 KiB
                 mempool.total.codeheap.used:                   10500.500 KiB
                 mempool.total.used:                            679989.797 KiB

Iteration   2: 10517.053 ops/s
                 gc.alloc.rate:                                 1165.220 MB/sec
                 gc.alloc.rate.norm:                            116314.765 B/op
                 gc.count:                                      4.000 counts
                 gc.time:                                       21.000 ms
                 mempool.CodeHeap 'non-nmethods'.used:          1569.500 KiB
                 mempool.CodeHeap 'non-profiled nmethods'.used: 2009.500 KiB
                 mempool.CodeHeap 'profiled nmethods'.used:     6974.000 KiB
                 mempool.Compressed Class Space.used:           3137.094 KiB
                 mempool.G1 Eden Space.used:                    622592.000 KiB
                 mempool.G1 Old Gen.used:                       8799.969 KiB
                 mempool.G1 Survivor Space.used:                5502.836 KiB
                 mempool.Metaspace.used:                        29231.164 KiB
                 mempool.total.codeheap.used:                   10553.000 KiB
                 mempool.total.used:                            679816.063 KiB

Iteration   3: 10670.283 ops/s
                 gc.alloc.rate:                                 1183.260 MB/sec
                 gc.alloc.rate.norm:                            116345.477 B/op
                 gc.count:                                      3.000 counts
                 gc.time:                                       19.000 ms
                 mempool.CodeHeap 'non-nmethods'.used:          1552.000 KiB
                 mempool.CodeHeap 'non-profiled nmethods'.used: 2009.500 KiB
                 mempool.CodeHeap 'profiled nmethods'.used:     6979.500 KiB
                 mempool.Compressed Class Space.used:           3137.094 KiB
                 mempool.G1 Eden Space.used:                    624640.000 KiB
                 mempool.G1 Old Gen.used:                       13645.563 KiB
                 mempool.G1 Survivor Space.used:                5383.836 KiB
                 mempool.Metaspace.used:                        29234.273 KiB
                 mempool.total.codeheap.used:                   10541.000 KiB
                 mempool.total.used:                            686581.766 KiB

Iteration   4: 10676.449 ops/s
                 gc.alloc.rate:                                 1183.848 MB/sec
                 gc.alloc.rate.norm:                            116344.205 B/op
                 gc.count:                                      4.000 counts
                 gc.time:                                       8.000 ms
                 mempool.CodeHeap 'non-nmethods'.used:          1566.875 KiB
                 mempool.CodeHeap 'non-profiled nmethods'.used: 2015.125 KiB
                 mempool.CodeHeap 'profiled nmethods'.used:     6996.875 KiB
                 mempool.Compressed Class Space.used:           3137.094 KiB
                 mempool.G1 Eden Space.used:                    627712.000 KiB
                 mempool.G1 Old Gen.used:                       14321.461 KiB
                 mempool.G1 Survivor Space.used:                718.813 KiB
                 mempool.Metaspace.used:                        29242.344 KiB
                 mempool.total.codeheap.used:                   10578.875 KiB
                 mempool.total.used:                            685710.586 KiB

Iteration   5: 9857.360 ops/s
                 gc.alloc.rate:                                 1087.513 MB/sec
                 gc.alloc.rate.norm:                            116420.712 B/op
                 gc.count:                                      4.000 counts
                 gc.time:                                       8.000 ms
                 mempool.CodeHeap 'non-nmethods'.used:          1568.500 KiB
                 mempool.CodeHeap 'non-profiled nmethods'.used: 2044.250 KiB
                 mempool.CodeHeap 'profiled nmethods'.used:     7038.250 KiB
                 mempool.Compressed Class Space.used:           3137.094 KiB
                 mempool.G1 Eden Space.used:                    627712.000 KiB
                 mempool.G1 Old Gen.used:                       14335.055 KiB
                 mempool.G1 Survivor Space.used:                40.047 KiB
                 mempool.Metaspace.used:                        29249.945 KiB
                 mempool.total.codeheap.used:                   10651.000 KiB
                 mempool.total.used:                            685125.141 KiB


# Run progress: 41.67% complete, ETA 00:02:45
# Fork: 3 of 3
Picked up JAVA_TOOL_OPTIONS: -Dfile.encoding=UTF-8
# Warmup Iteration   1: 1302.442 ops/s
# Warmup Iteration   2: 5265.690 ops/s
# Warmup Iteration   3: 5183.813 ops/s
# Warmup Iteration   4: 8000.839 ops/s
# Warmup Iteration   5: 7218.120 ops/s
Iteration   1: 7402.217 ops/s
                 gc.alloc.rate:                                 820.680 MB/sec
                 gc.alloc.rate.norm:                            116346.120 B/op
                 gc.count:                                      3.000 counts
                 gc.time:                                       17.000 ms
                 mempool.CodeHeap 'non-nmethods'.used:          1548.875 KiB
                 mempool.CodeHeap 'non-profiled nmethods'.used: 1969.750 KiB
                 mempool.CodeHeap 'profiled nmethods'.used:     7155.375 KiB
                 mempool.Compressed Class Space.used:           3135.813 KiB
                 mempool.G1 Eden Space.used:                    622592.000 KiB
                 mempool.G1 Old Gen.used:                       9453.453 KiB
                 mempool.G1 Survivor Space.used:                5641.758 KiB
                 mempool.Metaspace.used:                        29267.141 KiB
                 mempool.total.codeheap.used:                   10674.000 KiB
                 mempool.total.used:                            680764.164 KiB

Iteration   2: 7534.794 ops/s
                 gc.alloc.rate:                                 835.432 MB/sec
                 gc.alloc.rate.norm:                            116346.077 B/op
                 gc.count:                                      3.000 counts
                 gc.time:                                       17.000 ms
                 mempool.CodeHeap 'non-nmethods'.used:          1548.875 KiB
                 mempool.CodeHeap 'non-profiled nmethods'.used: 1971.250 KiB
                 mempool.CodeHeap 'profiled nmethods'.used:     7189.125 KiB
                 mempool.Compressed Class Space.used:           3137.133 KiB
                 mempool.G1 Eden Space.used:                    622592.000 KiB
                 mempool.G1 Old Gen.used:                       9453.453 KiB
                 mempool.G1 Survivor Space.used:                5753.414 KiB
                 mempool.Metaspace.used:                        29285.750 KiB
                 mempool.total.codeheap.used:                   10709.250 KiB
                 mempool.total.used:                            680931.000 KiB

Iteration   3: 7425.435 ops/s
                 gc.alloc.rate:                                 823.554 MB/sec
                 gc.alloc.rate.norm:                            116369.132 B/op
                 gc.count:                                      2.000 counts
                 gc.time:                                       11.000 ms
                 mempool.CodeHeap 'non-nmethods'.used:          1548.875 KiB
                 mempool.CodeHeap 'non-profiled nmethods'.used: 1972.750 KiB
                 mempool.CodeHeap 'profiled nmethods'.used:     7201.125 KiB
                 mempool.Compressed Class Space.used:           3137.133 KiB
                 mempool.G1 Eden Space.used:                    622592.000 KiB
                 mempool.G1 Old Gen.used:                       9453.453 KiB
                 mempool.G1 Survivor Space.used:                5481.313 KiB
                 mempool.Metaspace.used:                        29286.266 KiB
                 mempool.total.codeheap.used:                   10722.750 KiB
                 mempool.total.used:                            680672.914 KiB

Iteration   4: 7595.690 ops/s
                 gc.alloc.rate:                                 842.513 MB/sec
                 gc.alloc.rate.norm:                            116378.064 B/op
                 gc.count:                                      3.000 counts
                 gc.time:                                       12.000 ms
                 mempool.CodeHeap 'non-nmethods'.used:          1548.875 KiB
                 mempool.CodeHeap 'non-profiled nmethods'.used: 1973.500 KiB
                 mempool.CodeHeap 'profiled nmethods'.used:     7229.750 KiB
                 mempool.Compressed Class Space.used:           3137.133 KiB
                 mempool.G1 Eden Space.used:                    627712.000 KiB
                 mempool.G1 Old Gen.used:                       14867.609 KiB
                 mempool.G1 Survivor Space.used:                5362.406 KiB
                 mempool.Metaspace.used:                        29299.961 KiB
                 mempool.total.codeheap.used:                   10752.125 KiB
                 mempool.total.used:                            691131.234 KiB

Iteration   5: 7549.345 ops/s
                 gc.alloc.rate:                                 834.611 MB/sec
                 gc.alloc.rate.norm:                            116472.192 B/op
                 gc.count:                                      3.000 counts
                 gc.time:                                       6.000 ms
                 mempool.CodeHeap 'non-nmethods'.used:          1563.750 KiB
                 mempool.CodeHeap 'non-profiled nmethods'.used: 1980.375 KiB
                 mempool.CodeHeap 'profiled nmethods'.used:     7252.375 KiB
                 mempool.Compressed Class Space.used:           3137.133 KiB
                 mempool.G1 Eden Space.used:                    627712.000 KiB
                 mempool.G1 Old Gen.used:                       14941.102 KiB
                 mempool.G1 Survivor Space.used:                197.750 KiB
                 mempool.Metaspace.used:                        29305.078 KiB
                 mempool.total.codeheap.used:                   10796.500 KiB
                 mempool.total.used:                            686089.563 KiB



Result "io.github.lemon_ant.jharmonizer.printerlab.PrinterBenchmark.serialize":
  9749.091 ±(99.9%) 1868.754 ops/s [Average]
  (min, avg, max) = (7402.217, 9749.091, 11792.550), stdev = 1748.034
  CI (99.9%): [7880.337, 11617.845] (assumes normal distribution)

Secondary result "io.github.lemon_ant.jharmonizer.printerlab.PrinterBenchmark.serialize:gc.alloc.rate":
  1080.330 ±(99.9%) 207.254 MB/sec [Average]
  (min, avg, max) = (820.680, 1080.330, 1308.211), stdev = 193.866
  CI (99.9%): [873.076, 1287.584] (assumes normal distribution)

Secondary result "io.github.lemon_ant.jharmonizer.printerlab.PrinterBenchmark.serialize:gc.alloc.rate.norm":
  116386.349 ±(99.9%) 56.322 B/op [Average]
  (min, avg, max) = (116313.632, 116386.349, 116480.009), stdev = 52.683
  CI (99.9%): [116330.028, 116442.671] (assumes normal distribution)

Secondary result "io.github.lemon_ant.jharmonizer.printerlab.PrinterBenchmark.serialize:gc.count":
  54.000 ±(99.9%) 0.001 counts [Sum]
  (min, avg, max) = (2.000, 3.600, 5.000), stdev = 0.737
  CI (99.9%): [54.000, 54.000] (assumes normal distribution)

Secondary result "io.github.lemon_ant.jharmonizer.printerlab.PrinterBenchmark.serialize:gc.time":
  217.000 ±(99.9%) 0.001 ms [Sum]
  (min, avg, max) = (6.000, 14.467, 27.000), stdev = 6.221
  CI (99.9%): [217.000, 217.000] (assumes normal distribution)

Secondary result "io.github.lemon_ant.jharmonizer.printerlab.PrinterBenchmark.serialize:mempool.CodeHeap 'non-nmethods'.used":
  1569.500 ±(99.9%) 0.001 KiB [Maximum]
  (min, avg, max) = (1548.875, 1558.100, 1569.500), stdev = 8.699
  CI (99.9%): [1569.500, 1569.500] (assumes normal distribution)

Secondary result "io.github.lemon_ant.jharmonizer.printerlab.PrinterBenchmark.serialize:mempool.CodeHeap 'non-profiled nmethods'.used":
  2063.750 ±(99.9%) 0.001 KiB [Maximum]
  (min, avg, max) = (1969.750, 2012.942, 2063.750), stdev = 34.207
  CI (99.9%): [2063.750, 2063.750] (assumes normal distribution)

Secondary result "io.github.lemon_ant.jharmonizer.printerlab.PrinterBenchmark.serialize:mempool.CodeHeap 'profiled nmethods'.used":
  7252.375 ±(99.9%) 0.001 KiB [Maximum]
  (min, avg, max) = (6929.500, 7120.100, 7252.375), stdev = 106.909
  CI (99.9%): [7252.375, 7252.375] (assumes normal distribution)

Secondary result "io.github.lemon_ant.jharmonizer.printerlab.PrinterBenchmark.serialize:mempool.Compressed Class Space.used":
  3137.133 ±(99.9%) 0.001 KiB [Maximum]
  (min, avg, max) = (3135.766, 3136.840, 3137.133), stdev = 0.547
  CI (99.9%): [3137.133, 3137.133] (assumes normal distribution)

Secondary result "io.github.lemon_ant.jharmonizer.printerlab.PrinterBenchmark.serialize:mempool.G1 Eden Space.used":
  627712.000 ±(99.9%) 0.001 KiB [Maximum]
  (min, avg, max) = (622592.000, 625459.200, 627712.000), stdev = 2543.858
  CI (99.9%): [627712.000, 627712.000] (assumes normal distribution)

Secondary result "io.github.lemon_ant.jharmonizer.printerlab.PrinterBenchmark.serialize:mempool.G1 Old Gen.used":
  15025.914 ±(99.9%) 0.001 KiB [Maximum]
  (min, avg, max) = (8799.969, 12455.004, 15025.914), stdev = 2826.603
  CI (99.9%): [15025.914, 15025.914] (assumes normal distribution)

Secondary result "io.github.lemon_ant.jharmonizer.printerlab.PrinterBenchmark.serialize:mempool.G1 Survivor Space.used":
  6144.000 ±(99.9%) 0.001 KiB [Maximum]
  (min, avg, max) = (32.906, 3484.090, 6144.000), stdev = 2783.159
  CI (99.9%): [6144.000, 6144.000] (assumes normal distribution)

Secondary result "io.github.lemon_ant.jharmonizer.printerlab.PrinterBenchmark.serialize:mempool.Metaspace.used":
  29305.078 ±(99.9%) 0.001 KiB [Maximum]
  (min, avg, max) = (29217.320, 29257.483, 29305.078), stdev = 26.879
  CI (99.9%): [29305.078, 29305.078] (assumes normal distribution)

Secondary result "io.github.lemon_ant.jharmonizer.printerlab.PrinterBenchmark.serialize:mempool.total.codeheap.used":
  10848.125 ±(99.9%) 0.001 KiB [Maximum]
  (min, avg, max) = (10500.500, 10691.142, 10848.125), stdev = 106.470
  CI (99.9%): [10848.125, 10848.125] (assumes normal distribution)

Secondary result "io.github.lemon_ant.jharmonizer.printerlab.PrinterBenchmark.serialize:mempool.total.used":
  691680.297 ±(99.9%) 0.001 KiB [Maximum]
  (min, avg, max) = (679816.063, 684483.759, 691680.297), stdev = 3865.149
  CI (99.9%): [691680.297, 691680.297] (assumes normal distribution)


# JMH version: 1.37
# VM version: JDK 21.0.8, OpenJDK 64-Bit Server VM, 21.0.8+9-LTS
# VM invoker: C:\Program Files\Microsoft\jdk-21.0.8.9-hotspot\bin\java.exe
# VM options: -Xms1g -Xmx1g -XX:+UseG1GC -Dfile.encoding=UTF-8 -Duser.language=en -Duser.country=US -Duser.timezone=UTC -Dprinter.lab.corpus=W:\JHarmonizer\core\printer-lab\target\measurement-0f6aa72d\candidate-run\corpus
# Blackhole mode: compiler (auto-detected, use -Djmh.blackhole.autoDetect=false to disable)
# Warmup: 5 iterations, 1 s each
# Measurement: 5 iterations, 2 s each
# Timeout: 10 min per iteration
# Threads: 1 thread, will synchronize iterations
# Benchmark mode: Throughput, ops/time
# Benchmark: io.github.lemon_ant.jharmonizer.printerlab.PrinterBenchmark.serialize
# Parameters: (workload = flat1024)

# Run progress: 50.00% complete, ETA 00:02:20
# Fork: 1 of 3
Picked up JAVA_TOOL_OPTIONS: -Dfile.encoding=UTF-8
# Warmup Iteration   1: 727.511 ops/s
# Warmup Iteration   2: 868.962 ops/s
# Warmup Iteration   3: 675.294 ops/s
# Warmup Iteration   4: 855.502 ops/s
# Warmup Iteration   5: 1061.981 ops/s
Iteration   1: 1197.291 ops/s
                 gc.alloc.rate:                                 1050.395 MB/sec
                 gc.alloc.rate.norm:                            920439.837 B/op
                 gc.count:                                      3.000 counts
                 gc.time:                                       17.000 ms
                 mempool.CodeHeap 'non-nmethods'.used:          1592.375 KiB
                 mempool.CodeHeap 'non-profiled nmethods'.used: 2443.125 KiB
                 mempool.CodeHeap 'profiled nmethods'.used:     8436.000 KiB
                 mempool.Compressed Class Space.used:           3135.227 KiB
                 mempool.G1 Eden Space.used:                    622592.000 KiB
                 mempool.G1 Old Gen.used:                       10821.703 KiB
                 mempool.G1 Survivor Space.used:                6276.266 KiB
                 mempool.Metaspace.used:                        29767.813 KiB
                 mempool.total.codeheap.used:                   12471.500 KiB
                 mempool.total.used:                            685064.508 KiB

Iteration   2: 1154.543 ops/s
                 gc.alloc.rate:                                 1012.477 MB/sec
                 gc.alloc.rate.norm:                            920320.820 B/op
                 gc.count:                                      4.000 counts
                 gc.time:                                       15.000 ms
                 mempool.CodeHeap 'non-nmethods'.used:          1567.125 KiB
                 mempool.CodeHeap 'non-profiled nmethods'.used: 2448.375 KiB
                 mempool.CodeHeap 'profiled nmethods'.used:     8469.750 KiB
                 mempool.Compressed Class Space.used:           3136.289 KiB
                 mempool.G1 Eden Space.used:                    627712.000 KiB
                 mempool.G1 Old Gen.used:                       14859.820 KiB
                 mempool.G1 Survivor Space.used:                4367.266 KiB
                 mempool.Metaspace.used:                        29783.516 KiB
                 mempool.total.codeheap.used:                   12485.250 KiB
                 mempool.total.used:                            692344.141 KiB

Iteration   3: 1190.496 ops/s
                 gc.alloc.rate:                                 1044.469 MB/sec
                 gc.alloc.rate.norm:                            920309.192 B/op
                 gc.count:                                      3.000 counts
                 gc.time:                                       8.000 ms
                 mempool.CodeHeap 'non-nmethods'.used:          1552.625 KiB
                 mempool.CodeHeap 'non-profiled nmethods'.used: 2449.875 KiB
                 mempool.CodeHeap 'profiled nmethods'.used:     8475.500 KiB
                 mempool.Compressed Class Space.used:           3136.289 KiB
                 mempool.G1 Eden Space.used:                    627712.000 KiB
                 mempool.G1 Old Gen.used:                       15076.047 KiB
                 mempool.G1 Survivor Space.used:                400.141 KiB
                 mempool.Metaspace.used:                        29788.055 KiB
                 mempool.total.codeheap.used:                   12478.000 KiB
                 mempool.total.used:                            688590.531 KiB

Iteration   4: 1188.073 ops/s
                 gc.alloc.rate:                                 1042.357 MB/sec
                 gc.alloc.rate.norm:                            920309.258 B/op
                 gc.count:                                      3.000 counts
                 gc.time:                                       6.000 ms
                 mempool.CodeHeap 'non-nmethods'.used:          1552.625 KiB
                 mempool.CodeHeap 'non-profiled nmethods'.used: 2450.625 KiB
                 mempool.CodeHeap 'profiled nmethods'.used:     8499.875 KiB
                 mempool.Compressed Class Space.used:           3136.289 KiB
                 mempool.G1 Eden Space.used:                    627712.000 KiB
                 mempool.G1 Old Gen.used:                       15160.922 KiB
                 mempool.G1 Survivor Space.used:                163.484 KiB
                 mempool.Metaspace.used:                        29799.250 KiB
                 mempool.total.codeheap.used:                   12503.125 KiB
                 mempool.total.used:                            688475.070 KiB

Iteration   5: 1150.240 ops/s
                 gc.alloc.rate:                                 996.971 MB/sec
                 gc.alloc.rate.norm:                            925270.637 B/op
                 gc.count:                                      4.000 counts
                 gc.time:                                       9.000 ms
                 mempool.CodeHeap 'non-nmethods'.used:          1567.250 KiB
                 mempool.CodeHeap 'non-profiled nmethods'.used: 2454.500 KiB
                 mempool.CodeHeap 'profiled nmethods'.used:     8512.000 KiB
                 mempool.Compressed Class Space.used:           3136.289 KiB
                 mempool.G1 Eden Space.used:                    627712.000 KiB
                 mempool.G1 Old Gen.used:                       15180.563 KiB
                 mempool.G1 Survivor Space.used:                92.367 KiB
                 mempool.Metaspace.used:                        29802.242 KiB
                 mempool.total.codeheap.used:                   12533.750 KiB
                 mempool.total.used:                            688457.211 KiB


# Run progress: 58.33% complete, ETA 00:01:58
# Fork: 2 of 3
Picked up JAVA_TOOL_OPTIONS: -Dfile.encoding=UTF-8
# Warmup Iteration   1: 700.156 ops/s
# Warmup Iteration   2: 1029.918 ops/s
# Warmup Iteration   3: 869.730 ops/s
# Warmup Iteration   4: 884.453 ops/s
# Warmup Iteration   5: 923.792 ops/s
Iteration   1: 547.223 ops/s
                 gc.alloc.rate:                                 479.562 MB/sec
                 gc.alloc.rate.norm:                            920484.672 B/op
                 gc.count:                                      2.000 counts
                 gc.time:                                       16.000 ms
                 mempool.CodeHeap 'non-nmethods'.used:          1590.000 KiB
                 mempool.CodeHeap 'non-profiled nmethods'.used: 2444.375 KiB
                 mempool.CodeHeap 'profiled nmethods'.used:     8208.250 KiB
                 mempool.Compressed Class Space.used:           3132.734 KiB
                 mempool.G1 Eden Space.used:                    622592.000 KiB
                 mempool.G1 Old Gen.used:                       8909.875 KiB
                 mempool.G1 Survivor Space.used:                6311.930 KiB
                 mempool.Metaspace.used:                        29677.109 KiB
                 mempool.total.codeheap.used:                   12242.625 KiB
                 mempool.total.used:                            682866.273 KiB

Iteration   2: 530.021 ops/s
                 gc.alloc.rate:                                 464.456 MB/sec
                 gc.alloc.rate.norm:                            920350.146 B/op
                 gc.count:                                      1.000 counts
                 gc.time:                                       6.000 ms
                 mempool.CodeHeap 'non-nmethods'.used:          1590.875 KiB
                 mempool.CodeHeap 'non-profiled nmethods'.used: 2502.000 KiB
                 mempool.CodeHeap 'profiled nmethods'.used:     8242.000 KiB
                 mempool.Compressed Class Space.used:           3133.797 KiB
                 mempool.G1 Eden Space.used:                    622592.000 KiB
                 mempool.G1 Old Gen.used:                       10681.492 KiB
                 mempool.G1 Survivor Space.used:                6081.297 KiB
                 mempool.Metaspace.used:                        29692.813 KiB
                 mempool.total.codeheap.used:                   12334.875 KiB
                 mempool.total.used:                            684516.273 KiB

Iteration   3: 909.643 ops/s
                 gc.alloc.rate:                                 797.880 MB/sec
                 gc.alloc.rate.norm:                            920241.210 B/op
                 gc.count:                                      3.000 counts
                 gc.time:                                       13.000 ms
                 mempool.CodeHeap 'non-nmethods'.used:          1590.125 KiB
                 mempool.CodeHeap 'non-profiled nmethods'.used: 2533.625 KiB
                 mempool.CodeHeap 'profiled nmethods'.used:     8247.750 KiB
                 mempool.Compressed Class Space.used:           3133.797 KiB
                 mempool.G1 Eden Space.used:                    627712.000 KiB
                 mempool.G1 Old Gen.used:                       14896.047 KiB
                 mempool.G1 Survivor Space.used:                4505.781 KiB
                 mempool.Metaspace.used:                        29697.352 KiB
                 mempool.total.codeheap.used:                   12371.500 KiB
                 mempool.total.used:                            692316.477 KiB

Iteration   4: 691.479 ops/s
                 gc.alloc.rate:                                 606.611 MB/sec
                 gc.alloc.rate.norm:                            920246.659 B/op
                 gc.count:                                      2.000 counts
                 gc.time:                                       4.000 ms
                 mempool.CodeHeap 'non-nmethods'.used:          1565.000 KiB
                 mempool.CodeHeap 'non-profiled nmethods'.used: 2537.000 KiB
                 mempool.CodeHeap 'profiled nmethods'.used:     8270.750 KiB
                 mempool.Compressed Class Space.used:           3133.797 KiB
                 mempool.G1 Eden Space.used:                    627712.000 KiB
                 mempool.G1 Old Gen.used:                       14900.313 KiB
                 mempool.G1 Survivor Space.used:                395.555 KiB
                 mempool.Metaspace.used:                        29707.734 KiB
                 mempool.total.codeheap.used:                   12372.750 KiB
                 mempool.total.used:                            688222.148 KiB

Iteration   5: 1203.176 ops/s
                 gc.alloc.rate:                                 1042.979 MB/sec
                 gc.alloc.rate.norm:                            925000.037 B/op
                 gc.count:                                      3.000 counts
                 gc.time:                                       6.000 ms
                 mempool.CodeHeap 'non-nmethods'.used:          1567.375 KiB
                 mempool.CodeHeap 'non-profiled nmethods'.used: 2549.625 KiB
                 mempool.CodeHeap 'profiled nmethods'.used:     8303.250 KiB
                 mempool.Compressed Class Space.used:           3133.797 KiB
                 mempool.G1 Eden Space.used:                    627712.000 KiB
                 mempool.G1 Old Gen.used:                       15184.781 KiB
                 mempool.G1 Survivor Space.used:                388.641 KiB
                 mempool.Metaspace.used:                        29716.883 KiB
                 mempool.total.codeheap.used:                   12420.250 KiB
                 mempool.total.used:                            688556.352 KiB


# Run progress: 66.67% complete, ETA 00:01:34
# Fork: 3 of 3
Picked up JAVA_TOOL_OPTIONS: -Dfile.encoding=UTF-8
# Warmup Iteration   1: 798.934 ops/s
# Warmup Iteration   2: 1211.249 ops/s
# Warmup Iteration   3: 1242.477 ops/s
# Warmup Iteration   4: 1235.772 ops/s
# Warmup Iteration   5: 1032.497 ops/s
Iteration   1: 1204.598 ops/s
                 gc.alloc.rate:                                 1056.650 MB/sec
                 gc.alloc.rate.norm:                            920329.123 B/op
                 gc.count:                                      3.000 counts
                 gc.time:                                       17.000 ms
                 mempool.CodeHeap 'non-nmethods'.used:          1602.875 KiB
                 mempool.CodeHeap 'non-profiled nmethods'.used: 2459.625 KiB
                 mempool.CodeHeap 'profiled nmethods'.used:     8522.500 KiB
                 mempool.Compressed Class Space.used:           3136.883 KiB
                 mempool.G1 Eden Space.used:                    627712.000 KiB
                 mempool.G1 Old Gen.used:                       14890.469 KiB
                 mempool.G1 Survivor Space.used:                6095.648 KiB
                 mempool.Metaspace.used:                        29707.180 KiB
                 mempool.total.codeheap.used:                   12585.000 KiB
                 mempool.total.used:                            694127.180 KiB

Iteration   2: 1225.897 ops/s
                 gc.alloc.rate:                                 1075.054 MB/sec
                 gc.alloc.rate.norm:                            920308.764 B/op
                 gc.count:                                      4.000 counts
                 gc.time:                                       9.000 ms
                 mempool.CodeHeap 'non-nmethods'.used:          1564.875 KiB
                 mempool.CodeHeap 'non-profiled nmethods'.used: 2462.375 KiB
                 mempool.CodeHeap 'profiled nmethods'.used:     8556.250 KiB
                 mempool.Compressed Class Space.used:           3138.094 KiB
                 mempool.G1 Eden Space.used:                    627712.000 KiB
                 mempool.G1 Old Gen.used:                       14945.945 KiB
                 mempool.G1 Survivor Space.used:                435.953 KiB
                 mempool.Metaspace.used:                        29723.031 KiB
                 mempool.total.codeheap.used:                   12583.500 KiB
                 mempool.total.used:                            688538.523 KiB

Iteration   3: 907.730 ops/s
                 gc.alloc.rate:                                 796.219 MB/sec
                 gc.alloc.rate.norm:                            920313.268 B/op
                 gc.count:                                      2.000 counts
                 gc.time:                                       4.000 ms
                 mempool.CodeHeap 'non-nmethods'.used:          1565.000 KiB
                 mempool.CodeHeap 'non-profiled nmethods'.used: 2465.125 KiB
                 mempool.CodeHeap 'profiled nmethods'.used:     8562.000 KiB
                 mempool.Compressed Class Space.used:           3138.094 KiB
                 mempool.G1 Eden Space.used:                    627712.000 KiB
                 mempool.G1 Old Gen.used:                       15236.766 KiB
                 mempool.G1 Survivor Space.used:                375.867 KiB
                 mempool.Metaspace.used:                        29727.570 KiB
                 mempool.total.codeheap.used:                   12592.125 KiB
                 mempool.total.used:                            688782.422 KiB

Iteration   4: 876.847 ops/s
                 gc.alloc.rate:                                 769.153 MB/sec
                 gc.alloc.rate.norm:                            920313.893 B/op
                 gc.count:                                      3.000 counts
                 gc.time:                                       6.000 ms
                 mempool.CodeHeap 'non-nmethods'.used:          1551.000 KiB
                 mempool.CodeHeap 'non-profiled nmethods'.used: 2465.875 KiB
                 mempool.CodeHeap 'profiled nmethods'.used:     8587.750 KiB
                 mempool.Compressed Class Space.used:           3138.094 KiB
                 mempool.G1 Eden Space.used:                    627712.000 KiB
                 mempool.G1 Old Gen.used:                       15250.875 KiB
                 mempool.G1 Survivor Space.used:                96.398 KiB
                 mempool.Metaspace.used:                        29738.766 KiB
                 mempool.total.codeheap.used:                   12604.625 KiB
                 mempool.total.used:                            688540.758 KiB

Iteration   5: 856.193 ops/s
                 gc.alloc.rate:                                 743.165 MB/sec
                 gc.alloc.rate.norm:                            926982.888 B/op
                 gc.count:                                      2.000 counts
                 gc.time:                                       4.000 ms
                 mempool.CodeHeap 'non-nmethods'.used:          1568.000 KiB
                 mempool.CodeHeap 'non-profiled nmethods'.used: 2478.500 KiB
                 mempool.CodeHeap 'profiled nmethods'.used:     8620.250 KiB
                 mempool.Compressed Class Space.used:           3138.094 KiB
                 mempool.G1 Eden Space.used:                    627712.000 KiB
                 mempool.G1 Old Gen.used:                       15262.453 KiB
                 mempool.G1 Survivor Space.used:                90.977 KiB
                 mempool.Metaspace.used:                        29746.781 KiB
                 mempool.total.codeheap.used:                   12666.750 KiB
                 mempool.total.used:                            688617.055 KiB



Result "io.github.lemon_ant.jharmonizer.printerlab.PrinterBenchmark.serialize":
  988.897 ±(99.9%) 265.420 ops/s [Average]
  (min, avg, max) = (530.021, 988.897, 1225.897), stdev = 248.274
  CI (99.9%): [723.477, 1254.317] (assumes normal distribution)

Secondary result "io.github.lemon_ant.jharmonizer.printerlab.PrinterBenchmark.serialize:gc.alloc.rate":
  865.227 ±(99.9%) 231.901 MB/sec [Average]
  (min, avg, max) = (464.456, 865.227, 1075.054), stdev = 216.920
  CI (99.9%): [633.326, 1097.127] (assumes normal distribution)

Secondary result "io.github.lemon_ant.jharmonizer.printerlab.PrinterBenchmark.serialize:gc.alloc.rate.norm":
  921414.694 ±(99.9%) 2439.253 B/op [Average]
  (min, avg, max) = (920241.210, 921414.694, 926982.888), stdev = 2281.679
  CI (99.9%): [918975.440, 923853.947] (assumes normal distribution)

Secondary result "io.github.lemon_ant.jharmonizer.printerlab.PrinterBenchmark.serialize:gc.count":
  42.000 ±(99.9%) 0.001 counts [Sum]
  (min, avg, max) = (1.000, 2.800, 4.000), stdev = 0.862
  CI (99.9%): [42.000, 42.000] (assumes normal distribution)

Secondary result "io.github.lemon_ant.jharmonizer.printerlab.PrinterBenchmark.serialize:gc.time":
  140.000 ±(99.9%) 0.001 ms [Sum]
  (min, avg, max) = (4.000, 9.333, 17.000), stdev = 4.923
  CI (99.9%): [140.000, 140.000] (assumes normal distribution)

Secondary result "io.github.lemon_ant.jharmonizer.printerlab.PrinterBenchmark.serialize:mempool.CodeHeap 'non-nmethods'.used":
  1602.875 ±(99.9%) 0.001 KiB [Maximum]
  (min, avg, max) = (1551.000, 1572.475, 1602.875), stdev = 16.471
  CI (99.9%): [1602.875, 1602.875] (assumes normal distribution)

Secondary result "io.github.lemon_ant.jharmonizer.printerlab.PrinterBenchmark.serialize:mempool.CodeHeap 'non-profiled nmethods'.used":
  2549.625 ±(99.9%) 0.001 KiB [Maximum]
  (min, avg, max) = (2443.125, 2476.308, 2549.625), stdev = 36.303
  CI (99.9%): [2549.625, 2549.625] (assumes normal distribution)

Secondary result "io.github.lemon_ant.jharmonizer.printerlab.PrinterBenchmark.serialize:mempool.CodeHeap 'profiled nmethods'.used":
  8620.250 ±(99.9%) 0.001 KiB [Maximum]
  (min, avg, max) = (8208.250, 8434.258, 8620.250), stdev = 140.707
  CI (99.9%): [8620.250, 8620.250] (assumes normal distribution)

Secondary result "io.github.lemon_ant.jharmonizer.printerlab.PrinterBenchmark.serialize:mempool.Compressed Class Space.used":
  3138.094 ±(99.9%) 0.001 KiB [Maximum]
  (min, avg, max) = (3132.734, 3135.838, 3138.094), stdev = 1.869
  CI (99.9%): [3138.094, 3138.094] (assumes normal distribution)

Secondary result "io.github.lemon_ant.jharmonizer.printerlab.PrinterBenchmark.serialize:mempool.G1 Eden Space.used":
  627712.000 ±(99.9%) 0.001 KiB [Maximum]
  (min, avg, max) = (622592.000, 626688.000, 627712.000), stdev = 2119.881
  CI (99.9%): [627712.000, 627712.000] (assumes normal distribution)

Secondary result "io.github.lemon_ant.jharmonizer.printerlab.PrinterBenchmark.serialize:mempool.G1 Old Gen.used":
  15262.453 ±(99.9%) 0.001 KiB [Maximum]
  (min, avg, max) = (8909.875, 14083.871, 15262.453), stdev = 2086.513
  CI (99.9%): [15262.453, 15262.453] (assumes normal distribution)

Secondary result "io.github.lemon_ant.jharmonizer.printerlab.PrinterBenchmark.serialize:mempool.G1 Survivor Space.used":
  6311.930 ±(99.9%) 0.001 KiB [Maximum]
  (min, avg, max) = (90.977, 2405.171, 6311.930), stdev = 2762.312
  CI (99.9%): [6311.930, 6311.930] (assumes normal distribution)

Secondary result "io.github.lemon_ant.jharmonizer.printerlab.PrinterBenchmark.serialize:mempool.Metaspace.used":
  29802.242 ±(99.9%) 0.001 KiB [Maximum]
  (min, avg, max) = (29677.109, 29738.406, 29802.242), stdev = 40.941
  CI (99.9%): [29802.242, 29802.242] (assumes normal distribution)

Secondary result "io.github.lemon_ant.jharmonizer.printerlab.PrinterBenchmark.serialize:mempool.total.codeheap.used":
  12666.750 ±(99.9%) 0.001 KiB [Maximum]
  (min, avg, max) = (12242.625, 12483.042, 12666.750), stdev = 117.217
  CI (99.9%): [12666.750, 12666.750] (assumes normal distribution)

Secondary result "io.github.lemon_ant.jharmonizer.printerlab.PrinterBenchmark.serialize:mempool.total.used":
  694127.180 ±(99.9%) 0.001 KiB [Maximum]
  (min, avg, max) = (682866.273, 688534.328, 694127.180), stdev = 2934.884
  CI (99.9%): [694127.180, 694127.180] (assumes normal distribution)


# JMH version: 1.37
# VM version: JDK 21.0.8, OpenJDK 64-Bit Server VM, 21.0.8+9-LTS
# VM invoker: C:\Program Files\Microsoft\jdk-21.0.8.9-hotspot\bin\java.exe
# VM options: -Xms1g -Xmx1g -XX:+UseG1GC -Dfile.encoding=UTF-8 -Duser.language=en -Duser.country=US -Duser.timezone=UTC -Dprinter.lab.corpus=W:\JHarmonizer\core\printer-lab\target\measurement-0f6aa72d\candidate-run\corpus
# Blackhole mode: compiler (auto-detected, use -Djmh.blackhole.autoDetect=false to disable)
# Warmup: 5 iterations, 1 s each
# Measurement: 5 iterations, 2 s each
# Timeout: 10 min per iteration
# Threads: 1 thread, will synchronize iterations
# Benchmark mode: Throughput, ops/time
# Benchmark: io.github.lemon_ant.jharmonizer.printerlab.PrinterBenchmark.serialize
# Parameters: (workload = nested128)

# Run progress: 75.00% complete, ETA 00:01:11
# Fork: 1 of 3
Picked up JAVA_TOOL_OPTIONS: -Dfile.encoding=UTF-8
# Warmup Iteration   1: 261.309 ops/s
# Warmup Iteration   2: 446.478 ops/s
# Warmup Iteration   3: 586.582 ops/s
# Warmup Iteration   4: 603.528 ops/s
# Warmup Iteration   5: 627.780 ops/s
Iteration   1: 567.404 ops/s
                 gc.alloc.rate:                                 672.233 MB/sec
                 gc.alloc.rate.norm:                            1243276.281 B/op
                 gc.count:                                      3.000 counts
                 gc.time:                                       18.000 ms
                 mempool.CodeHeap 'non-nmethods'.used:          1573.375 KiB
                 mempool.CodeHeap 'non-profiled nmethods'.used: 2342.875 KiB
                 mempool.CodeHeap 'profiled nmethods'.used:     9090.375 KiB
                 mempool.Compressed Class Space.used:           3141.375 KiB
                 mempool.G1 Eden Space.used:                    622592.000 KiB
                 mempool.G1 Old Gen.used:                       9188.117 KiB
                 mempool.G1 Survivor Space.used:                6144.000 KiB
                 mempool.Metaspace.used:                        29884.195 KiB
                 mempool.total.codeheap.used:                   13006.625 KiB
                 mempool.total.used:                            683956.313 KiB

Iteration   2: 579.362 ops/s
                 gc.alloc.rate:                                 686.553 MB/sec
                 gc.alloc.rate.norm:                            1243275.133 B/op
                 gc.count:                                      2.000 counts
                 gc.time:                                       12.000 ms
                 mempool.CodeHeap 'non-nmethods'.used:          1564.375 KiB
                 mempool.CodeHeap 'non-profiled nmethods'.used: 2345.500 KiB
                 mempool.CodeHeap 'profiled nmethods'.used:     9121.500 KiB
                 mempool.Compressed Class Space.used:           3142.438 KiB
                 mempool.G1 Eden Space.used:                    622592.000 KiB
                 mempool.G1 Old Gen.used:                       9188.117 KiB
                 mempool.G1 Survivor Space.used:                6277.773 KiB
                 mempool.Metaspace.used:                        29898.563 KiB
                 mempool.total.codeheap.used:                   13031.375 KiB
                 mempool.total.used:                            684130.266 KiB

Iteration   3: 614.967 ops/s
                 gc.alloc.rate:                                 728.672 MB/sec
                 gc.alloc.rate.norm:                            1243260.255 B/op
                 gc.count:                                      2.000 counts
                 gc.time:                                       13.000 ms
                 mempool.CodeHeap 'non-nmethods'.used:          1571.875 KiB
                 mempool.CodeHeap 'non-profiled nmethods'.used: 2364.000 KiB
                 mempool.CodeHeap 'profiled nmethods'.used:     9123.875 KiB
                 mempool.Compressed Class Space.used:           3142.438 KiB
                 mempool.G1 Eden Space.used:                    621568.000 KiB
                 mempool.G1 Old Gen.used:                       9188.117 KiB
                 mempool.G1 Survivor Space.used:                6277.875 KiB
                 mempool.Metaspace.used:                        29898.563 KiB
                 mempool.total.codeheap.used:                   13059.750 KiB
                 mempool.total.used:                            683134.742 KiB

Iteration   4: 571.267 ops/s
                 gc.alloc.rate:                                 676.975 MB/sec
                 gc.alloc.rate.norm:                            1243197.715 B/op
                 gc.count:                                      2.000 counts
                 gc.time:                                       11.000 ms
                 mempool.CodeHeap 'non-nmethods'.used:          1595.750 KiB
                 mempool.CodeHeap 'non-profiled nmethods'.used: 2438.375 KiB
                 mempool.CodeHeap 'profiled nmethods'.used:     9149.250 KiB
                 mempool.Compressed Class Space.used:           3142.438 KiB
                 mempool.G1 Eden Space.used:                    622592.000 KiB
                 mempool.G1 Old Gen.used:                       10916.953 KiB
                 mempool.G1 Survivor Space.used:                5924.656 KiB
                 mempool.Metaspace.used:                        29911.570 KiB
                 mempool.total.codeheap.used:                   13183.375 KiB
                 mempool.total.used:                            685670.992 KiB

Iteration   5: 612.256 ops/s
                 gc.alloc.rate:                                 713.162 MB/sec
                 gc.alloc.rate.norm:                            1257976.351 B/op
                 gc.count:                                      3.000 counts
                 gc.time:                                       14.000 ms
                 mempool.CodeHeap 'non-nmethods'.used:          1576.375 KiB
                 mempool.CodeHeap 'non-profiled nmethods'.used: 2466.375 KiB
                 mempool.CodeHeap 'profiled nmethods'.used:     9178.625 KiB
                 mempool.Compressed Class Space.used:           3142.438 KiB
                 mempool.G1 Eden Space.used:                    627712.000 KiB
                 mempool.G1 Old Gen.used:                       15317.594 KiB
                 mempool.G1 Survivor Space.used:                4658.641 KiB
                 mempool.Metaspace.used:                        29919.820 KiB
                 mempool.total.codeheap.used:                   13221.375 KiB
                 mempool.total.used:                            693971.867 KiB


# Run progress: 83.33% complete, ETA 00:00:47
# Fork: 2 of 3
Picked up JAVA_TOOL_OPTIONS: -Dfile.encoding=UTF-8
# Warmup Iteration   1: 259.476 ops/s
# Warmup Iteration   2: 583.800 ops/s
# Warmup Iteration   3: 818.440 ops/s
# Warmup Iteration   4: 853.204 ops/s
# Warmup Iteration   5: 803.019 ops/s
Iteration   1: 838.118 ops/s
                 gc.alloc.rate:                                 992.207 MB/sec
                 gc.alloc.rate.norm:                            1242202.678 B/op
                 gc.count:                                      3.000 counts
                 gc.time:                                       19.000 ms
                 mempool.CodeHeap 'non-nmethods'.used:          1566.375 KiB
                 mempool.CodeHeap 'non-profiled nmethods'.used: 2199.125 KiB
                 mempool.CodeHeap 'profiled nmethods'.used:     9268.625 KiB
                 mempool.Compressed Class Space.used:           3132.648 KiB
                 mempool.G1 Eden Space.used:                    622592.000 KiB
                 mempool.G1 Old Gen.used:                       9039.828 KiB
                 mempool.G1 Survivor Space.used:                6144.000 KiB
                 mempool.Metaspace.used:                        29900.930 KiB
                 mempool.total.codeheap.used:                   13034.125 KiB
                 mempool.total.used:                            683843.531 KiB

Iteration   2: 816.471 ops/s
                 gc.alloc.rate:                                 966.763 MB/sec
                 gc.alloc.rate.norm:                            1242173.172 B/op
                 gc.count:                                      3.000 counts
                 gc.time:                                       19.000 ms
                 mempool.CodeHeap 'non-nmethods'.used:          1586.625 KiB
                 mempool.CodeHeap 'non-profiled nmethods'.used: 2257.625 KiB
                 mempool.CodeHeap 'profiled nmethods'.used:     9303.375 KiB
                 mempool.Compressed Class Space.used:           3133.711 KiB
                 mempool.G1 Eden Space.used:                    622592.000 KiB
                 mempool.G1 Old Gen.used:                       9039.828 KiB
                 mempool.G1 Survivor Space.used:                6144.000 KiB
                 mempool.Metaspace.used:                        29916.828 KiB
                 mempool.total.codeheap.used:                   13147.625 KiB
                 mempool.total.used:                            683973.992 KiB

Iteration   3: 845.060 ops/s
                 gc.alloc.rate:                                 1000.535 MB/sec
                 gc.alloc.rate.norm:                            1242048.743 B/op
                 gc.count:                                      4.000 counts
                 gc.time:                                       16.000 ms
                 mempool.CodeHeap 'non-nmethods'.used:          1586.625 KiB
                 mempool.CodeHeap 'non-profiled nmethods'.used: 2285.125 KiB
                 mempool.CodeHeap 'profiled nmethods'.used:     9315.125 KiB
                 mempool.Compressed Class Space.used:           3133.711 KiB
                 mempool.G1 Eden Space.used:                    627712.000 KiB
                 mempool.G1 Old Gen.used:                       15149.570 KiB
                 mempool.G1 Survivor Space.used:                5932.906 KiB
                 mempool.Metaspace.used:                        29925.117 KiB
                 mempool.total.codeheap.used:                   13186.875 KiB
                 mempool.total.used:                            695040.180 KiB

Iteration   4: 854.213 ops/s
                 gc.alloc.rate:                                 1011.362 MB/sec
                 gc.alloc.rate.norm:                            1242034.408 B/op
                 gc.count:                                      3.000 counts
                 gc.time:                                       6.000 ms
                 mempool.CodeHeap 'non-nmethods'.used:          1549.000 KiB
                 mempool.CodeHeap 'non-profiled nmethods'.used: 2285.875 KiB
                 mempool.CodeHeap 'profiled nmethods'.used:     9327.625 KiB
                 mempool.Compressed Class Space.used:           3133.711 KiB
                 mempool.G1 Eden Space.used:                    627712.000 KiB
                 mempool.G1 Old Gen.used:                       15174.586 KiB
                 mempool.G1 Survivor Space.used:                79.484 KiB
                 mempool.Metaspace.used:                        29930.320 KiB
                 mempool.total.codeheap.used:                   13162.500 KiB
                 mempool.total.used:                            689192.602 KiB

Iteration   5: 841.448 ops/s
                 gc.alloc.rate:                                 981.262 MB/sec
                 gc.alloc.rate.norm:                            1252868.943 B/op
                 gc.count:                                      3.000 counts
                 gc.time:                                       6.000 ms
                 mempool.CodeHeap 'non-nmethods'.used:          1574.750 KiB
                 mempool.CodeHeap 'non-profiled nmethods'.used: 2303.000 KiB
                 mempool.CodeHeap 'profiled nmethods'.used:     9438.125 KiB
                 mempool.Compressed Class Space.used:           3133.711 KiB
                 mempool.G1 Eden Space.used:                    627712.000 KiB
                 mempool.G1 Old Gen.used:                       15202.289 KiB
                 mempool.G1 Survivor Space.used:                72.219 KiB
                 mempool.Metaspace.used:                        29940.000 KiB
                 mempool.total.codeheap.used:                   13315.875 KiB
                 mempool.total.used:                            689376.094 KiB


# Run progress: 91.67% complete, ETA 00:00:23
# Fork: 3 of 3
Picked up JAVA_TOOL_OPTIONS: -Dfile.encoding=UTF-8
# Warmup Iteration   1: 308.184 ops/s
# Warmup Iteration   2: 567.320 ops/s
# Warmup Iteration   3: 886.109 ops/s
# Warmup Iteration   4: 870.619 ops/s
# Warmup Iteration   5: 889.920 ops/s
Iteration   1: 848.966 ops/s
                 gc.alloc.rate:                                 1004.865 MB/sec
                 gc.alloc.rate.norm:                            1242214.491 B/op
                 gc.count:                                      4.000 counts
                 gc.time:                                       23.000 ms
                 mempool.CodeHeap 'non-nmethods'.used:          1574.750 KiB
                 mempool.CodeHeap 'non-profiled nmethods'.used: 2208.250 KiB
                 mempool.CodeHeap 'profiled nmethods'.used:     8872.750 KiB
                 mempool.Compressed Class Space.used:           3138.703 KiB
                 mempool.G1 Eden Space.used:                    622592.000 KiB
                 mempool.G1 Old Gen.used:                       9178.414 KiB
                 mempool.G1 Survivor Space.used:                6144.000 KiB
                 mempool.Metaspace.used:                        29831.547 KiB
                 mempool.total.codeheap.used:                   12655.750 KiB
                 mempool.total.used:                            683540.414 KiB

Iteration   2: 869.382 ops/s
                 gc.alloc.rate:                                 1029.410 MB/sec
                 gc.alloc.rate.norm:                            1242118.544 B/op
                 gc.count:                                      3.000 counts
                 gc.time:                                       18.000 ms
                 mempool.CodeHeap 'non-nmethods'.used:          1590.750 KiB
                 mempool.CodeHeap 'non-profiled nmethods'.used: 2285.125 KiB
                 mempool.CodeHeap 'profiled nmethods'.used:     8906.250 KiB
                 mempool.Compressed Class Space.used:           3140.133 KiB
                 mempool.G1 Eden Space.used:                    622592.000 KiB
                 mempool.G1 Old Gen.used:                       10902.164 KiB
                 mempool.G1 Survivor Space.used:                6092.836 KiB
                 mempool.Metaspace.used:                        29847.156 KiB
                 mempool.total.codeheap.used:                   12782.125 KiB
                 mempool.total.used:                            685356.414 KiB

Iteration   3: 892.564 ops/s
                 gc.alloc.rate:                                 1056.781 MB/sec
                 gc.alloc.rate.norm:                            1242033.547 B/op
                 gc.count:                                      3.000 counts
                 gc.time:                                       10.000 ms
                 mempool.CodeHeap 'non-nmethods'.used:          1568.500 KiB
                 mempool.CodeHeap 'non-profiled nmethods'.used: 2292.750 KiB
                 mempool.CodeHeap 'profiled nmethods'.used:     8907.250 KiB
                 mempool.Compressed Class Space.used:           3140.133 KiB
                 mempool.G1 Eden Space.used:                    627712.000 KiB
                 mempool.G1 Old Gen.used:                       15379.680 KiB
                 mempool.G1 Survivor Space.used:                4366.031 KiB
                 mempool.Metaspace.used:                        29849.500 KiB
                 mempool.total.codeheap.used:                   12768.500 KiB
                 mempool.total.used:                            693215.844 KiB

Iteration   4: 864.179 ops/s
                 gc.alloc.rate:                                 1023.195 MB/sec
                 gc.alloc.rate.norm:                            1242034.080 B/op
                 gc.count:                                      4.000 counts
                 gc.time:                                       8.000 ms
                 mempool.CodeHeap 'non-nmethods'.used:          1553.125 KiB
                 mempool.CodeHeap 'non-profiled nmethods'.used: 2293.500 KiB
                 mempool.CodeHeap 'profiled nmethods'.used:     8930.250 KiB
                 mempool.Compressed Class Space.used:           3140.133 KiB
                 mempool.G1 Eden Space.used:                    627712.000 KiB
                 mempool.G1 Old Gen.used:                       15413.727 KiB
                 mempool.G1 Survivor Space.used:                98.672 KiB
                 mempool.Metaspace.used:                        29859.883 KiB
                 mempool.total.codeheap.used:                   12776.875 KiB
                 mempool.total.used:                            689001.289 KiB

Iteration   5: 873.041 ops/s
                 gc.alloc.rate:                                 1013.189 MB/sec
                 gc.alloc.rate.norm:                            1252448.620 B/op
                 gc.count:                                      3.000 counts
                 gc.time:                                       7.000 ms
                 mempool.CodeHeap 'non-nmethods'.used:          1570.125 KiB
                 mempool.CodeHeap 'non-profiled nmethods'.used: 2314.000 KiB
                 mempool.CodeHeap 'profiled nmethods'.used:     9026.500 KiB
                 mempool.Compressed Class Space.used:           3140.133 KiB
                 mempool.G1 Eden Space.used:                    627712.000 KiB
                 mempool.G1 Old Gen.used:                       15425.820 KiB
                 mempool.G1 Survivor Space.used:                66.797 KiB
                 mempool.Metaspace.used:                        29867.641 KiB
                 mempool.total.codeheap.used:                   12910.625 KiB
                 mempool.total.used:                            689123.016 KiB



Result "io.github.lemon_ant.jharmonizer.printerlab.PrinterBenchmark.serialize":
  765.913 ±(99.9%) 140.207 ops/s [Average]
  (min, avg, max) = (567.404, 765.913, 892.564), stdev = 131.149
  CI (99.9%): [625.706, 906.120] (assumes normal distribution)

Secondary result "io.github.lemon_ant.jharmonizer.printerlab.PrinterBenchmark.serialize:gc.alloc.rate":
  903.811 ±(99.9%) 165.027 MB/sec [Average]
  (min, avg, max) = (672.233, 903.811, 1056.781), stdev = 154.366
  CI (99.9%): [738.784, 1068.838] (assumes normal distribution)

Secondary result "io.github.lemon_ant.jharmonizer.printerlab.PrinterBenchmark.serialize:gc.alloc.rate.norm":
  1244877.531 ±(99.9%) 5456.873 B/op [Average]
  (min, avg, max) = (1242033.547, 1244877.531, 1257976.351), stdev = 5104.362
  CI (99.9%): [1239420.658, 1250334.404] (assumes normal distribution)

Secondary result "io.github.lemon_ant.jharmonizer.printerlab.PrinterBenchmark.serialize:gc.count":
  45.000 ±(99.9%) 0.001 counts [Sum]
  (min, avg, max) = (2.000, 3.000, 4.000), stdev = 0.655
  CI (99.9%): [45.000, 45.000] (assumes normal distribution)

Secondary result "io.github.lemon_ant.jharmonizer.printerlab.PrinterBenchmark.serialize:gc.time":
  200.000 ±(99.9%) 0.001 ms [Sum]
  (min, avg, max) = (6.000, 13.333, 23.000), stdev = 5.367
  CI (99.9%): [200.000, 200.000] (assumes normal distribution)

Secondary result "io.github.lemon_ant.jharmonizer.printerlab.PrinterBenchmark.serialize:mempool.CodeHeap 'non-nmethods'.used":
  1595.750 ±(99.9%) 0.001 KiB [Maximum]
  (min, avg, max) = (1549.000, 1573.492, 1595.750), stdev = 12.920
  CI (99.9%): [1595.750, 1595.750] (assumes normal distribution)

Secondary result "io.github.lemon_ant.jharmonizer.printerlab.PrinterBenchmark.serialize:mempool.CodeHeap 'non-profiled nmethods'.used":
  2466.375 ±(99.9%) 0.001 KiB [Maximum]
  (min, avg, max) = (2199.125, 2312.100, 2466.375), stdev = 72.687
  CI (99.9%): [2466.375, 2466.375] (assumes normal distribution)

Secondary result "io.github.lemon_ant.jharmonizer.printerlab.PrinterBenchmark.serialize:mempool.CodeHeap 'profiled nmethods'.used":
  9438.125 ±(99.9%) 0.001 KiB [Maximum]
  (min, avg, max) = (8872.750, 9130.633, 9438.125), stdev = 176.963
  CI (99.9%): [9438.125, 9438.125] (assumes normal distribution)

Secondary result "io.github.lemon_ant.jharmonizer.printerlab.PrinterBenchmark.serialize:mempool.Compressed Class Space.used":
  3142.438 ±(99.9%) 0.001 KiB [Maximum]
  (min, avg, max) = (3132.648, 3138.523, 3142.438), stdev = 3.845
  CI (99.9%): [3142.438, 3142.438] (assumes normal distribution)

Secondary result "io.github.lemon_ant.jharmonizer.printerlab.PrinterBenchmark.serialize:mempool.G1 Eden Space.used":
  627712.000 ±(99.9%) 0.001 KiB [Maximum]
  (min, avg, max) = (621568.000, 624913.067, 627712.000), stdev = 2722.120
  CI (99.9%): [627712.000, 627712.000] (assumes normal distribution)

Secondary result "io.github.lemon_ant.jharmonizer.printerlab.PrinterBenchmark.serialize:mempool.G1 Old Gen.used":
  15425.820 ±(99.9%) 0.001 KiB [Maximum]
  (min, avg, max) = (9039.828, 12246.987, 15425.820), stdev = 3008.805
  CI (99.9%): [15425.820, 15425.820] (assumes normal distribution)

Secondary result "io.github.lemon_ant.jharmonizer.printerlab.PrinterBenchmark.serialize:mempool.G1 Survivor Space.used":
  6277.875 ±(99.9%) 0.001 KiB [Maximum]
  (min, avg, max) = (66.797, 4294.926, 6277.875), stdev = 2690.403
  CI (99.9%): [6277.875, 6277.875] (assumes normal distribution)

Secondary result "io.github.lemon_ant.jharmonizer.printerlab.PrinterBenchmark.serialize:mempool.Metaspace.used":
  29940.000 ±(99.9%) 0.001 KiB [Maximum]
  (min, avg, max) = (29831.547, 29892.109, 29940.000), stdev = 33.770
  CI (99.9%): [29940.000, 29940.000] (assumes normal distribution)

Secondary result "io.github.lemon_ant.jharmonizer.printerlab.PrinterBenchmark.serialize:mempool.total.codeheap.used":
  13315.875 ±(99.9%) 0.001 KiB [Maximum]
  (min, avg, max) = (12655.750, 13016.225, 13315.875), stdev = 197.247
  CI (99.9%): [13315.875, 13315.875] (assumes normal distribution)

Secondary result "io.github.lemon_ant.jharmonizer.printerlab.PrinterBenchmark.serialize:mempool.total.used":
  695040.180 ±(99.9%) 0.001 KiB [Maximum]
  (min, avg, max) = (683134.742, 687501.837, 695040.180), stdev = 4097.667
  CI (99.9%): [695040.180, 695040.180] (assumes normal distribution)


# Run complete. Total time: 00:04:43

REMEMBER: The numbers below are just data. To gain reusable insights, you need to follow up on
why the numbers are the way they are. Use profilers (see -prof, -lprof), design factorial
experiments, perform baseline and negative tests that provide experimental control, make sure
the benchmarking environment is safe on JVM/OS/HW level, ask for reviews from the domain experts.
Do not assume the numbers tell you what you want them to tell.

NOTE: Current JVM experimentally supports Compiler Blackholes, and they are in use. Please exercise
extra caution when trusting the results, look into the generated code to check the benchmark still
works, and factor in a small probability of new VM bugs. Additionally, while comparisons between
different JVMs are already problematic, the performance difference caused by different Blackhole
modes can be very significant. Please make sure you use the consistent Blackhole mode for comparisons.

Benchmark                                                                 (workload)   Mode  Cnt        Score      Error   Units
PrinterBenchmark.serialize                                                  fixtures  thrpt   15     3552.142 ±  825.855   ops/s
PrinterBenchmark.serialize:gc.alloc.rate                                    fixtures  thrpt   15      594.402 ±  141.211  MB/sec
PrinterBenchmark.serialize:gc.alloc.rate.norm                               fixtures  thrpt   15   176248.892 ±  915.701    B/op
PrinterBenchmark.serialize:gc.count                                         fixtures  thrpt   15       29.000             counts
PrinterBenchmark.serialize:gc.time                                          fixtures  thrpt   15      198.000                 ms
PrinterBenchmark.serialize:mempool.CodeHeap 'non-nmethods'.used             fixtures  thrpt   15     1585.375                KiB
PrinterBenchmark.serialize:mempool.CodeHeap 'non-profiled nmethods'.used    fixtures  thrpt   15     2727.875                KiB
PrinterBenchmark.serialize:mempool.CodeHeap 'profiled nmethods'.used        fixtures  thrpt   15     9355.250                KiB
PrinterBenchmark.serialize:mempool.Compressed Class Space.used              fixtures  thrpt   15     3523.336                KiB
PrinterBenchmark.serialize:mempool.G1 Eden Space.used                       fixtures  thrpt   15   623616.000                KiB
PrinterBenchmark.serialize:mempool.G1 Old Gen.used                          fixtures  thrpt   15    13887.000                KiB
PrinterBenchmark.serialize:mempool.G1 Survivor Space.used                   fixtures  thrpt   15     7145.711                KiB
PrinterBenchmark.serialize:mempool.Metaspace.used                           fixtures  thrpt   15    31709.977                KiB
PrinterBenchmark.serialize:mempool.total.codeheap.used                      fixtures  thrpt   15    13595.375                KiB
PrinterBenchmark.serialize:mempool.total.used                               fixtures  thrpt   15   692015.297                KiB
PrinterBenchmark.serialize                                                   flat128  thrpt   15     9749.091 ± 1868.754   ops/s
PrinterBenchmark.serialize:gc.alloc.rate                                     flat128  thrpt   15     1080.330 ±  207.254  MB/sec
PrinterBenchmark.serialize:gc.alloc.rate.norm                                flat128  thrpt   15   116386.349 ±   56.322    B/op
PrinterBenchmark.serialize:gc.count                                          flat128  thrpt   15       54.000             counts
PrinterBenchmark.serialize:gc.time                                           flat128  thrpt   15      217.000                 ms
PrinterBenchmark.serialize:mempool.CodeHeap 'non-nmethods'.used              flat128  thrpt   15     1569.500                KiB
PrinterBenchmark.serialize:mempool.CodeHeap 'non-profiled nmethods'.used     flat128  thrpt   15     2063.750                KiB
PrinterBenchmark.serialize:mempool.CodeHeap 'profiled nmethods'.used         flat128  thrpt   15     7252.375                KiB
PrinterBenchmark.serialize:mempool.Compressed Class Space.used               flat128  thrpt   15     3137.133                KiB
PrinterBenchmark.serialize:mempool.G1 Eden Space.used                        flat128  thrpt   15   627712.000                KiB
PrinterBenchmark.serialize:mempool.G1 Old Gen.used                           flat128  thrpt   15    15025.914                KiB
PrinterBenchmark.serialize:mempool.G1 Survivor Space.used                    flat128  thrpt   15     6144.000                KiB
PrinterBenchmark.serialize:mempool.Metaspace.used                            flat128  thrpt   15    29305.078                KiB
PrinterBenchmark.serialize:mempool.total.codeheap.used                       flat128  thrpt   15    10848.125                KiB
PrinterBenchmark.serialize:mempool.total.used                                flat128  thrpt   15   691680.297                KiB
PrinterBenchmark.serialize                                                  flat1024  thrpt   15      988.897 ±  265.420   ops/s
PrinterBenchmark.serialize:gc.alloc.rate                                    flat1024  thrpt   15      865.227 ±  231.901  MB/sec
PrinterBenchmark.serialize:gc.alloc.rate.norm                               flat1024  thrpt   15   921414.694 ± 2439.253    B/op
PrinterBenchmark.serialize:gc.count                                         flat1024  thrpt   15       42.000             counts
PrinterBenchmark.serialize:gc.time                                          flat1024  thrpt   15      140.000                 ms
PrinterBenchmark.serialize:mempool.CodeHeap 'non-nmethods'.used             flat1024  thrpt   15     1602.875                KiB
PrinterBenchmark.serialize:mempool.CodeHeap 'non-profiled nmethods'.used    flat1024  thrpt   15     2549.625                KiB
PrinterBenchmark.serialize:mempool.CodeHeap 'profiled nmethods'.used        flat1024  thrpt   15     8620.250                KiB
PrinterBenchmark.serialize:mempool.Compressed Class Space.used              flat1024  thrpt   15     3138.094                KiB
PrinterBenchmark.serialize:mempool.G1 Eden Space.used                       flat1024  thrpt   15   627712.000                KiB
PrinterBenchmark.serialize:mempool.G1 Old Gen.used                          flat1024  thrpt   15    15262.453                KiB
PrinterBenchmark.serialize:mempool.G1 Survivor Space.used                   flat1024  thrpt   15     6311.930                KiB
PrinterBenchmark.serialize:mempool.Metaspace.used                           flat1024  thrpt   15    29802.242                KiB
PrinterBenchmark.serialize:mempool.total.codeheap.used                      flat1024  thrpt   15    12666.750                KiB
PrinterBenchmark.serialize:mempool.total.used                               flat1024  thrpt   15   694127.180                KiB
PrinterBenchmark.serialize                                                 nested128  thrpt   15      765.913 ±  140.207   ops/s
PrinterBenchmark.serialize:gc.alloc.rate                                   nested128  thrpt   15      903.811 ±  165.027  MB/sec
PrinterBenchmark.serialize:gc.alloc.rate.norm                              nested128  thrpt   15  1244877.531 ± 5456.873    B/op
PrinterBenchmark.serialize:gc.count                                        nested128  thrpt   15       45.000             counts
PrinterBenchmark.serialize:gc.time                                         nested128  thrpt   15      200.000                 ms
PrinterBenchmark.serialize:mempool.CodeHeap 'non-nmethods'.used            nested128  thrpt   15     1595.750                KiB
PrinterBenchmark.serialize:mempool.CodeHeap 'non-profiled nmethods'.used   nested128  thrpt   15     2466.375                KiB
PrinterBenchmark.serialize:mempool.CodeHeap 'profiled nmethods'.used       nested128  thrpt   15     9438.125                KiB
PrinterBenchmark.serialize:mempool.Compressed Class Space.used             nested128  thrpt   15     3142.438                KiB
PrinterBenchmark.serialize:mempool.G1 Eden Space.used                      nested128  thrpt   15   627712.000                KiB
PrinterBenchmark.serialize:mempool.G1 Old Gen.used                         nested128  thrpt   15    15425.820                KiB
PrinterBenchmark.serialize:mempool.G1 Survivor Space.used                  nested128  thrpt   15     6277.875                KiB
PrinterBenchmark.serialize:mempool.Metaspace.used                          nested128  thrpt   15    29940.000                KiB
PrinterBenchmark.serialize:mempool.total.codeheap.used                     nested128  thrpt   15    13315.875                KiB
PrinterBenchmark.serialize:mempool.total.used                              nested128  thrpt   15   695040.180                KiB

Benchmark result is saved to W:\JHarmonizer\core\printer-lab\target\measurement-0f6aa72d\candidate-run\throughput-t1.raw.json
