# SPDX-FileCopyrightText: 2026 Anton Lem <antonlem78@gmail.com>
# SPDX-License-Identifier: Apache-2.0
# JMH version: 1.37
# VM version: JDK 21.0.8, OpenJDK 64-Bit Server VM, 21.0.8+9-LTS
# VM invoker: C:\Program Files\Microsoft\jdk-21.0.8.9-hotspot\bin\java.exe
# VM options: -Xms1g -Xmx1g -XX:+UseG1GC -Dfile.encoding=UTF-8 -Duser.language=en -Duser.country=US -Duser.timezone=UTC -Dprinter.lab.corpus=W:\JHarmonizer\core\printer-lab\target\baseline-final-run\corpus
# Blackhole mode: compiler (auto-detected, use -Djmh.blackhole.autoDetect=false to disable)
# Warmup: 5 iterations, 1 s each
# Measurement: 5 iterations, 2 s each
# Timeout: 10 min per iteration
# Threads: 4 threads, will synchronize iterations
# Benchmark mode: Throughput, ops/time
# Benchmark: io.github.lemon_ant.jharmonizer.printerlab.PrinterBenchmark.serialize
# Parameters: (workload = fixtures)

# Run progress: 0.00% complete, ETA 00:03:00
# Fork: 1 of 3
Picked up JAVA_TOOL_OPTIONS: -Dfile.encoding=UTF-8
# Warmup Iteration   1: 279.692 ops/s
# Warmup Iteration   2: 303.227 ops/s
# Warmup Iteration   3: 518.889 ops/s
# Warmup Iteration   4: 645.880 ops/s
# Warmup Iteration   5: 947.109 ops/s
Iteration   1: 1933.307 ops/s
                 gc.alloc.rate:                                 961.847 MB/sec
                 gc.alloc.rate.norm:                            523589.289 B/op
                 gc.count:                                      3.000 counts
                 gc.time:                                       27.000 ms
                 mempool.CodeHeap 'non-nmethods'.used:          1618.250 KiB
                 mempool.CodeHeap 'non-profiled nmethods'.used: 4345.625 KiB
                 mempool.CodeHeap 'profiled nmethods'.used:     12938.125 KiB
                 mempool.Compressed Class Space.used:           4357.320 KiB
                 mempool.G1 Eden Space.used:                    618496.000 KiB
                 mempool.G1 Old Gen.used:                       8434.938 KiB
                 mempool.G1 Survivor Space.used:                10240.000 KiB
                 mempool.Metaspace.used:                        35040.711 KiB
                 mempool.total.codeheap.used:                   18902.000 KiB
                 mempool.total.used:                            695470.969 KiB

Iteration   2: 2258.616 ops/s
                 gc.alloc.rate:                                 1114.625 MB/sec
                 gc.alloc.rate.norm:                            520104.044 B/op
                 gc.count:                                      4.000 counts
                 gc.time:                                       40.000 ms
                 mempool.CodeHeap 'non-nmethods'.used:          1652.000 KiB
                 mempool.CodeHeap 'non-profiled nmethods'.used: 4906.625 KiB
                 mempool.CodeHeap 'profiled nmethods'.used:     12976.625 KiB
                 mempool.Compressed Class Space.used:           4358.383 KiB
                 mempool.G1 Eden Space.used:                    618496.000 KiB
                 mempool.G1 Old Gen.used:                       8434.938 KiB
                 mempool.G1 Survivor Space.used:                10453.914 KiB
                 mempool.Metaspace.used:                        35051.500 KiB
                 mempool.total.codeheap.used:                   19535.250 KiB
                 mempool.total.used:                            696329.984 KiB

Iteration   3: 2953.902 ops/s
                 gc.alloc.rate:                                 1462.332 MB/sec
                 gc.alloc.rate.norm:                            519894.792 B/op
                 gc.count:                                      5.000 counts
                 gc.time:                                       41.000 ms
                 mempool.CodeHeap 'non-nmethods'.used:          1629.125 KiB
                 mempool.CodeHeap 'non-profiled nmethods'.used: 5197.625 KiB
                 mempool.CodeHeap 'profiled nmethods'.used:     12986.875 KiB
                 mempool.Compressed Class Space.used:           4358.383 KiB
                 mempool.G1 Eden Space.used:                    620544.000 KiB
                 mempool.G1 Old Gen.used:                       13171.477 KiB
                 mempool.G1 Survivor Space.used:                10079.406 KiB
                 mempool.Metaspace.used:                        35057.406 KiB
                 mempool.total.codeheap.used:                   19813.625 KiB
                 mempool.total.used:                            703024.297 KiB

Iteration   4: 3659.160 ops/s
                 gc.alloc.rate:                                 1812.486 MB/sec
                 gc.alloc.rate.norm:                            519852.614 B/op
                 gc.count:                                      6.000 counts
                 gc.time:                                       16.000 ms
                 mempool.CodeHeap 'non-nmethods'.used:          1587.500 KiB
                 mempool.CodeHeap 'non-profiled nmethods'.used: 5201.375 KiB
                 mempool.CodeHeap 'profiled nmethods'.used:     13007.750 KiB
                 mempool.Compressed Class Space.used:           4358.383 KiB
                 mempool.G1 Eden Space.used:                    627712.000 KiB
                 mempool.G1 Old Gen.used:                       18302.719 KiB
                 mempool.G1 Survivor Space.used:                5120.000 KiB
                 mempool.Metaspace.used:                        35065.633 KiB
                 mempool.total.codeheap.used:                   19796.625 KiB
                 mempool.total.used:                            710355.359 KiB

Iteration   5: 3716.888 ops/s
                 gc.alloc.rate:                                 1813.879 MB/sec
                 gc.alloc.rate.norm:                            523540.061 B/op
                 gc.count:                                      6.000 counts
                 gc.time:                                       12.000 ms
                 mempool.CodeHeap 'non-nmethods'.used:          1591.000 KiB
                 mempool.CodeHeap 'non-profiled nmethods'.used: 5216.250 KiB
                 mempool.CodeHeap 'profiled nmethods'.used:     13097.000 KiB
                 mempool.Compressed Class Space.used:           4358.891 KiB
                 mempool.G1 Eden Space.used:                    627712.000 KiB
                 mempool.G1 Old Gen.used:                       18336.359 KiB
                 mempool.G1 Survivor Space.used:                39.688 KiB
                 mempool.Metaspace.used:                        35071.844 KiB
                 mempool.total.codeheap.used:                   19904.250 KiB
                 mempool.total.used:                            705423.031 KiB


# Run progress: 8.33% complete, ETA 00:04:26
# Fork: 2 of 3
Picked up JAVA_TOOL_OPTIONS: -Dfile.encoding=UTF-8
# Warmup Iteration   1: 379.326 ops/s
# Warmup Iteration   2: 620.145 ops/s
# Warmup Iteration   3: 798.253 ops/s
# Warmup Iteration   4: 835.564 ops/s
# Warmup Iteration   5: 1127.835 ops/s
Iteration   1: 1466.623 ops/s
                 gc.alloc.rate:                                 725.882 MB/sec
                 gc.alloc.rate.norm:                            521036.628 B/op
                 gc.count:                                      3.000 counts
                 gc.time:                                       26.000 ms
                 mempool.CodeHeap 'non-nmethods'.used:          1635.500 KiB
                 mempool.CodeHeap 'non-profiled nmethods'.used: 4254.125 KiB
                 mempool.CodeHeap 'profiled nmethods'.used:     12331.375 KiB
                 mempool.Compressed Class Space.used:           4306.164 KiB
                 mempool.G1 Eden Space.used:                    618496.000 KiB
                 mempool.G1 Old Gen.used:                       8376.516 KiB
                 mempool.G1 Survivor Space.used:                10089.094 KiB
                 mempool.Metaspace.used:                        34852.781 KiB
                 mempool.total.codeheap.used:                   18221.000 KiB
                 mempool.total.used:                            694341.555 KiB

Iteration   2: 1396.922 ops/s
                 gc.alloc.rate:                                 694.291 MB/sec
                 gc.alloc.rate.norm:                            520052.403 B/op
                 gc.count:                                      2.000 counts
                 gc.time:                                       25.000 ms
                 mempool.CodeHeap 'non-nmethods'.used:          1631.375 KiB
                 mempool.CodeHeap 'non-profiled nmethods'.used: 4730.875 KiB
                 mempool.CodeHeap 'profiled nmethods'.used:     12352.125 KiB
                 mempool.Compressed Class Space.used:           4307.227 KiB
                 mempool.G1 Eden Space.used:                    618496.000 KiB
                 mempool.G1 Old Gen.used:                       8302.859 KiB
                 mempool.G1 Survivor Space.used:                10089.625 KiB
                 mempool.Metaspace.used:                        34865.648 KiB
                 mempool.total.codeheap.used:                   18714.375 KiB
                 mempool.total.used:                            694775.734 KiB

Iteration   3: 2071.236 ops/s
                 gc.alloc.rate:                                 1025.781 MB/sec
                 gc.alloc.rate.norm:                            519847.825 B/op
                 gc.count:                                      3.000 counts
                 gc.time:                                       25.000 ms
                 mempool.CodeHeap 'non-nmethods'.used:          1650.750 KiB
                 mempool.CodeHeap 'non-profiled nmethods'.used: 5124.625 KiB
                 mempool.CodeHeap 'profiled nmethods'.used:     12361.500 KiB
                 mempool.Compressed Class Space.used:           4307.227 KiB
                 mempool.G1 Eden Space.used:                    618496.000 KiB
                 mempool.G1 Old Gen.used:                       8302.859 KiB
                 mempool.G1 Survivor Space.used:                10089.625 KiB
                 mempool.Metaspace.used:                        34871.555 KiB
                 mempool.total.codeheap.used:                   19136.875 KiB
                 mempool.total.used:                            695204.141 KiB

Iteration   4: 2747.148 ops/s
                 gc.alloc.rate:                                 1360.361 MB/sec
                 gc.alloc.rate.norm:                            519814.132 B/op
                 gc.count:                                      5.000 counts
                 gc.time:                                       32.000 ms
                 mempool.CodeHeap 'non-nmethods'.used:          1587.375 KiB
                 mempool.CodeHeap 'non-profiled nmethods'.used: 5131.750 KiB
                 mempool.CodeHeap 'profiled nmethods'.used:     12381.750 KiB
                 mempool.Compressed Class Space.used:           4307.227 KiB
                 mempool.G1 Eden Space.used:                    627712.000 KiB
                 mempool.G1 Old Gen.used:                       18301.922 KiB
                 mempool.G1 Survivor Space.used:                9648.109 KiB
                 mempool.Metaspace.used:                        34878.719 KiB
                 mempool.total.codeheap.used:                   19100.875 KiB
                 mempool.total.used:                            713948.852 KiB

Iteration   5: 2729.057 ops/s
                 gc.alloc.rate:                                 1341.974 MB/sec
                 gc.alloc.rate.norm:                            524824.083 B/op
                 gc.count:                                      5.000 counts
                 gc.time:                                       11.000 ms
                 mempool.CodeHeap 'non-nmethods'.used:          1587.500 KiB
                 mempool.CodeHeap 'non-profiled nmethods'.used: 5134.500 KiB
                 mempool.CodeHeap 'profiled nmethods'.used:     12434.625 KiB
                 mempool.Compressed Class Space.used:           4307.734 KiB
                 mempool.G1 Eden Space.used:                    627712.000 KiB
                 mempool.G1 Old Gen.used:                       18426.891 KiB
                 mempool.G1 Survivor Space.used:                241.555 KiB
                 mempool.Metaspace.used:                        34881.922 KiB
                 mempool.total.codeheap.used:                   19156.625 KiB
                 mempool.total.used:                            704726.727 KiB


# Run progress: 16.67% complete, ETA 00:04:04
# Fork: 3 of 3
Picked up JAVA_TOOL_OPTIONS: -Dfile.encoding=UTF-8
# Warmup Iteration   1: 341.241 ops/s
# Warmup Iteration   2: 596.324 ops/s
# Warmup Iteration   3: 804.933 ops/s
# Warmup Iteration   4: 1064.225 ops/s
# Warmup Iteration   5: 1274.845 ops/s
Iteration   1: 1640.445 ops/s
                 gc.alloc.rate:                                 814.562 MB/sec
                 gc.alloc.rate.norm:                            521526.565 B/op
                 gc.count:                                      3.000 counts
                 gc.time:                                       26.000 ms
                 mempool.CodeHeap 'non-nmethods'.used:          1663.000 KiB
                 mempool.CodeHeap 'non-profiled nmethods'.used: 4579.000 KiB
                 mempool.CodeHeap 'profiled nmethods'.used:     14005.000 KiB
                 mempool.Compressed Class Space.used:           4303.859 KiB
                 mempool.G1 Eden Space.used:                    618496.000 KiB
                 mempool.G1 Old Gen.used:                       8144.867 KiB
                 mempool.G1 Survivor Space.used:                10240.000 KiB
                 mempool.Metaspace.used:                        34976.289 KiB
                 mempool.total.codeheap.used:                   20247.000 KiB
                 mempool.total.used:                            696408.016 KiB

Iteration   2: 2063.732 ops/s
                 gc.alloc.rate:                                 1020.713 MB/sec
                 gc.alloc.rate.norm:                            520097.847 B/op
                 gc.count:                                      3.000 counts
                 gc.time:                                       27.000 ms
                 mempool.CodeHeap 'non-nmethods'.used:          1646.750 KiB
                 mempool.CodeHeap 'non-profiled nmethods'.used: 5043.625 KiB
                 mempool.CodeHeap 'profiled nmethods'.used:     14035.375 KiB
                 mempool.Compressed Class Space.used:           4304.922 KiB
                 mempool.G1 Eden Space.used:                    619520.000 KiB
                 mempool.G1 Old Gen.used:                       8144.867 KiB
                 mempool.G1 Survivor Space.used:                10080.000 KiB
                 mempool.Metaspace.used:                        34989.516 KiB
                 mempool.total.codeheap.used:                   20725.750 KiB
                 mempool.total.used:                            697765.055 KiB

Iteration   3: 2828.359 ops/s
                 gc.alloc.rate:                                 1400.549 MB/sec
                 gc.alloc.rate.norm:                            519890.124 B/op
                 gc.count:                                      5.000 counts
                 gc.time:                                       43.000 ms
                 mempool.CodeHeap 'non-nmethods'.used:          1623.875 KiB
                 mempool.CodeHeap 'non-profiled nmethods'.used: 5270.375 KiB
                 mempool.CodeHeap 'profiled nmethods'.used:     14046.375 KiB
                 mempool.Compressed Class Space.used:           4304.922 KiB
                 mempool.G1 Eden Space.used:                    623616.000 KiB
                 mempool.G1 Old Gen.used:                       15999.438 KiB
                 mempool.G1 Survivor Space.used:                10240.000 KiB
                 mempool.Metaspace.used:                        34996.367 KiB
                 mempool.total.codeheap.used:                   20940.625 KiB
                 mempool.total.used:                            710097.352 KiB

Iteration   4: 2344.122 ops/s
                 gc.alloc.rate:                                 1160.039 MB/sec
                 gc.alloc.rate.norm:                            519871.129 B/op
                 gc.count:                                      4.000 counts
                 gc.time:                                       9.000 ms
                 mempool.CodeHeap 'non-nmethods'.used:          1583.000 KiB
                 mempool.CodeHeap 'non-profiled nmethods'.used: 5277.625 KiB
                 mempool.CodeHeap 'profiled nmethods'.used:     14062.375 KiB
                 mempool.Compressed Class Space.used:           4304.922 KiB
                 mempool.G1 Eden Space.used:                    627712.000 KiB
                 mempool.G1 Old Gen.used:                       17833.141 KiB
                 mempool.G1 Survivor Space.used:                2039.320 KiB
                 mempool.Metaspace.used:                        35002.672 KiB
                 mempool.total.codeheap.used:                   20923.000 KiB
                 mempool.total.used:                            707815.055 KiB

Iteration   5: 2919.721 ops/s
                 gc.alloc.rate:                                 1428.016 MB/sec
                 gc.alloc.rate.norm:                            524551.872 B/op
                 gc.count:                                      4.000 counts
                 gc.time:                                       7.000 ms
                 mempool.CodeHeap 'non-nmethods'.used:          1585.625 KiB
                 mempool.CodeHeap 'non-profiled nmethods'.used: 5285.625 KiB
                 mempool.CodeHeap 'profiled nmethods'.used:     14150.125 KiB
                 mempool.Compressed Class Space.used:           4305.430 KiB
                 mempool.G1 Eden Space.used:                    627712.000 KiB
                 mempool.G1 Old Gen.used:                       17867.406 KiB
                 mempool.G1 Survivor Space.used:                52.930 KiB
                 mempool.Metaspace.used:                        35011.148 KiB
                 mempool.total.codeheap.used:                   21021.375 KiB
                 mempool.total.used:                            705970.289 KiB



Result "io.github.lemon_ant.jharmonizer.printerlab.PrinterBenchmark.serialize":
  2448.616 ±(99.9%) 766.119 ops/s [Average]
  (min, avg, max) = (1396.922, 2448.616, 3716.888), stdev = 716.628
  CI (99.9%): [1682.497, 3214.735] (assumes normal distribution)

Secondary result "io.github.lemon_ant.jharmonizer.printerlab.PrinterBenchmark.serialize:gc.alloc.rate":
  1209.156 ±(99.9%) 374.152 MB/sec [Average]
  (min, avg, max) = (694.291, 1209.156, 1813.879), stdev = 349.982
  CI (99.9%): [835.004, 1583.308] (assumes normal distribution)

Secondary result "io.github.lemon_ant.jharmonizer.printerlab.PrinterBenchmark.serialize:gc.alloc.rate.norm":
  521232.894 ±(99.9%) 2023.429 B/op [Average]
  (min, avg, max) = (519814.132, 521232.894, 524824.083), stdev = 1892.716
  CI (99.9%): [519209.465, 523256.323] (assumes normal distribution)

Secondary result "io.github.lemon_ant.jharmonizer.printerlab.PrinterBenchmark.serialize:gc.count":
  61.000 ±(99.9%) 0.001 counts [Sum]
  (min, avg, max) = (2.000, 4.067, 6.000), stdev = 1.223
  CI (99.9%): [61.000, 61.000] (assumes normal distribution)

Secondary result "io.github.lemon_ant.jharmonizer.printerlab.PrinterBenchmark.serialize:gc.time":
  367.000 ±(99.9%) 0.001 ms [Sum]
  (min, avg, max) = (7.000, 24.467, 43.000), stdev = 11.606
  CI (99.9%): [367.000, 367.000] (assumes normal distribution)

Secondary result "io.github.lemon_ant.jharmonizer.printerlab.PrinterBenchmark.serialize:mempool.CodeHeap 'non-nmethods'.used":
  1663.000 ±(99.9%) 0.001 KiB [Maximum]
  (min, avg, max) = (1583.000, 1618.175, 1663.000), stdev = 28.690
  CI (99.9%): [1663.000, 1663.000] (assumes normal distribution)

Secondary result "io.github.lemon_ant.jharmonizer.printerlab.PrinterBenchmark.serialize:mempool.CodeHeap 'non-profiled nmethods'.used":
  5285.625 ±(99.9%) 0.001 KiB [Maximum]
  (min, avg, max) = (4254.125, 4979.975, 5285.625), stdev = 343.087
  CI (99.9%): [5285.625, 5285.625] (assumes normal distribution)

Secondary result "io.github.lemon_ant.jharmonizer.printerlab.PrinterBenchmark.serialize:mempool.CodeHeap 'profiled nmethods'.used":
  14150.125 ±(99.9%) 0.001 KiB [Maximum]
  (min, avg, max) = (12331.375, 13144.467, 14150.125), stdev = 722.381
  CI (99.9%): [14150.125, 14150.125] (assumes normal distribution)

Secondary result "io.github.lemon_ant.jharmonizer.printerlab.PrinterBenchmark.serialize:mempool.Compressed Class Space.used":
  4358.891 ±(99.9%) 0.001 KiB [Maximum]
  (min, avg, max) = (4303.859, 4323.399, 4358.891), stdev = 25.548
  CI (99.9%): [4358.891, 4358.891] (assumes normal distribution)

Secondary result "io.github.lemon_ant.jharmonizer.printerlab.PrinterBenchmark.serialize:mempool.G1 Eden Space.used":
  627712.000 ±(99.9%) 0.001 KiB [Maximum]
  (min, avg, max) = (618496.000, 622728.533, 627712.000), stdev = 4410.621
  CI (99.9%): [627712.000, 627712.000] (assumes normal distribution)

Secondary result "io.github.lemon_ant.jharmonizer.printerlab.PrinterBenchmark.serialize:mempool.G1 Old Gen.used":
  18426.891 ±(99.9%) 0.001 KiB [Maximum]
  (min, avg, max) = (8144.867, 13092.080, 18426.891), stdev = 4813.923
  CI (99.9%): [18426.891, 18426.891] (assumes normal distribution)

Secondary result "io.github.lemon_ant.jharmonizer.printerlab.PrinterBenchmark.serialize:mempool.G1 Survivor Space.used":
  10453.914 ±(99.9%) 0.001 KiB [Maximum]
  (min, avg, max) = (39.688, 7249.551, 10453.914), stdev = 4372.241
  CI (99.9%): [10453.914, 10453.914] (assumes normal distribution)

Secondary result "io.github.lemon_ant.jharmonizer.printerlab.PrinterBenchmark.serialize:mempool.Metaspace.used":
  35071.844 ±(99.9%) 0.001 KiB [Maximum]
  (min, avg, max) = (34852.781, 34974.247, 35071.844), stdev = 81.423
  CI (99.9%): [35071.844, 35071.844] (assumes normal distribution)

Secondary result "io.github.lemon_ant.jharmonizer.printerlab.PrinterBenchmark.serialize:mempool.total.codeheap.used":
  21021.375 ±(99.9%) 0.001 KiB [Maximum]
  (min, avg, max) = (18221.000, 19742.617, 21021.375), stdev = 884.920
  CI (99.9%): [21021.375, 21021.375] (assumes normal distribution)

Secondary result "io.github.lemon_ant.jharmonizer.printerlab.PrinterBenchmark.serialize:mempool.total.used":
  713948.852 ±(99.9%) 0.001 KiB [Maximum]
  (min, avg, max) = (694341.555, 702110.428, 713948.852), stdev = 6701.591
  CI (99.9%): [713948.852, 713948.852] (assumes normal distribution)


# JMH version: 1.37
# VM version: JDK 21.0.8, OpenJDK 64-Bit Server VM, 21.0.8+9-LTS
# VM invoker: C:\Program Files\Microsoft\jdk-21.0.8.9-hotspot\bin\java.exe
# VM options: -Xms1g -Xmx1g -XX:+UseG1GC -Dfile.encoding=UTF-8 -Duser.language=en -Duser.country=US -Duser.timezone=UTC -Dprinter.lab.corpus=W:\JHarmonizer\core\printer-lab\target\baseline-final-run\corpus
# Blackhole mode: compiler (auto-detected, use -Djmh.blackhole.autoDetect=false to disable)
# Warmup: 5 iterations, 1 s each
# Measurement: 5 iterations, 2 s each
# Timeout: 10 min per iteration
# Threads: 4 threads, will synchronize iterations
# Benchmark mode: Throughput, ops/time
# Benchmark: io.github.lemon_ant.jharmonizer.printerlab.PrinterBenchmark.serialize
# Parameters: (workload = flat128)

# Run progress: 25.00% complete, ETA 00:03:43
# Fork: 1 of 3
Picked up JAVA_TOOL_OPTIONS: -Dfile.encoding=UTF-8
# Warmup Iteration   1: 886.419 ops/s
# Warmup Iteration   2: 4808.084 ops/s
# Warmup Iteration   3: 6554.637 ops/s
# Warmup Iteration   4: 4230.047 ops/s
# Warmup Iteration   5: 5989.361 ops/s
Iteration   1: 8094.773 ops/s
                 gc.alloc.rate:                                 1032.368 MB/sec
                 gc.alloc.rate.norm:                            133850.078 B/op
                 gc.count:                                      4.000 counts
                 gc.time:                                       62.000 ms
                 mempool.CodeHeap 'non-nmethods'.used:          1547.875 KiB
                 mempool.CodeHeap 'non-profiled nmethods'.used: 2874.500 KiB
                 mempool.CodeHeap 'profiled nmethods'.used:     8279.250 KiB
                 mempool.Compressed Class Space.used:           3720.109 KiB
                 mempool.G1 Eden Space.used:                    621568.000 KiB
                 mempool.G1 Old Gen.used:                       8192.000 KiB
                 mempool.G1 Survivor Space.used:                7957.336 KiB
                 mempool.Metaspace.used:                        31360.734 KiB
                 mempool.total.codeheap.used:                   12701.625 KiB
                 mempool.total.used:                            685499.805 KiB

Iteration   2: 12661.674 ops/s
                 gc.alloc.rate:                                 1614.454 MB/sec
                 gc.alloc.rate.norm:                            133849.329 B/op
                 gc.count:                                      5.000 counts
                 gc.time:                                       34.000 ms
                 mempool.CodeHeap 'non-nmethods'.used:          1561.375 KiB
                 mempool.CodeHeap 'non-profiled nmethods'.used: 2878.625 KiB
                 mempool.CodeHeap 'profiled nmethods'.used:     8316.000 KiB
                 mempool.Compressed Class Space.used:           3721.172 KiB
                 mempool.G1 Eden Space.used:                    620544.000 KiB
                 mempool.G1 Old Gen.used:                       10024.141 KiB
                 mempool.G1 Survivor Space.used:                7667.086 KiB
                 mempool.Metaspace.used:                        31374.859 KiB
                 mempool.total.codeheap.used:                   12756.000 KiB
                 mempool.total.used:                            686087.258 KiB

Iteration   3: 14346.743 ops/s
                 gc.alloc.rate:                                 1828.946 MB/sec
                 gc.alloc.rate.norm:                            133849.175 B/op
                 gc.count:                                      6.000 counts
                 gc.time:                                       24.000 ms
                 mempool.CodeHeap 'non-nmethods'.used:          1562.750 KiB
                 mempool.CodeHeap 'non-profiled nmethods'.used: 2883.500 KiB
                 mempool.CodeHeap 'profiled nmethods'.used:     8334.750 KiB
                 mempool.Compressed Class Space.used:           3721.172 KiB
                 mempool.G1 Eden Space.used:                    627712.000 KiB
                 mempool.G1 Old Gen.used:                       15500.438 KiB
                 mempool.G1 Survivor Space.used:                5435.516 KiB
                 mempool.Metaspace.used:                        31385.898 KiB
                 mempool.total.codeheap.used:                   12781.000 KiB
                 mempool.total.used:                            696536.023 KiB

Iteration   4: 15372.441 ops/s
                 gc.alloc.rate:                                 1960.858 MB/sec
                 gc.alloc.rate.norm:                            133846.366 B/op
                 gc.count:                                      7.000 counts
                 gc.time:                                       14.000 ms
                 mempool.CodeHeap 'non-nmethods'.used:          1564.125 KiB
                 mempool.CodeHeap 'non-profiled nmethods'.used: 2892.750 KiB
                 mempool.CodeHeap 'profiled nmethods'.used:     8346.500 KiB
                 mempool.Compressed Class Space.used:           3721.172 KiB
                 mempool.G1 Eden Space.used:                    627712.000 KiB
                 mempool.G1 Old Gen.used:                       15526.641 KiB
                 mempool.G1 Survivor Space.used:                68.406 KiB
                 mempool.Metaspace.used:                        31390.258 KiB
                 mempool.total.codeheap.used:                   12803.375 KiB
                 mempool.total.used:                            691221.852 KiB

Iteration   5: 15611.891 ops/s
                 gc.alloc.rate:                                 1979.834 MB/sec
                 gc.alloc.rate.norm:                            134026.589 B/op
                 gc.count:                                      6.000 counts
                 gc.time:                                       10.000 ms
                 mempool.CodeHeap 'non-nmethods'.used:          1562.500 KiB
                 mempool.CodeHeap 'non-profiled nmethods'.used: 2894.625 KiB
                 mempool.CodeHeap 'profiled nmethods'.used:     8372.375 KiB
                 mempool.Compressed Class Space.used:           3721.680 KiB
                 mempool.G1 Eden Space.used:                    627712.000 KiB
                 mempool.G1 Old Gen.used:                       15536.094 KiB
                 mempool.G1 Survivor Space.used:                68.563 KiB
                 mempool.Metaspace.used:                        31398.648 KiB
                 mempool.total.codeheap.used:                   12829.500 KiB
                 mempool.total.used:                            691266.484 KiB


# Run progress: 33.33% complete, ETA 00:03:17
# Fork: 2 of 3
Picked up JAVA_TOOL_OPTIONS: -Dfile.encoding=UTF-8
# Warmup Iteration   1: 3950.399 ops/s
# Warmup Iteration   2: 8127.921 ops/s
# Warmup Iteration   3: 9095.536 ops/s
# Warmup Iteration   4: 10634.494 ops/s
# Warmup Iteration   5: 12992.177 ops/s
Iteration   1: 13292.530 ops/s
                 gc.alloc.rate:                                 1694.718 MB/sec
                 gc.alloc.rate.norm:                            133849.269 B/op
                 gc.count:                                      6.000 counts
                 gc.time:                                       40.000 ms
                 mempool.CodeHeap 'non-nmethods'.used:          1558.125 KiB
                 mempool.CodeHeap 'non-profiled nmethods'.used: 2889.000 KiB
                 mempool.CodeHeap 'profiled nmethods'.used:     8178.000 KiB
                 mempool.Compressed Class Space.used:           3793.227 KiB
                 mempool.G1 Eden Space.used:                    625664.000 KiB
                 mempool.G1 Old Gen.used:                       15116.500 KiB
                 mempool.G1 Survivor Space.used:                7646.219 KiB
                 mempool.Metaspace.used:                        31537.313 KiB
                 mempool.total.codeheap.used:                   12625.125 KiB
                 mempool.total.used:                            696382.383 KiB

Iteration   2: 14670.388 ops/s
                 gc.alloc.rate:                                 1871.020 MB/sec
                 gc.alloc.rate.norm:                            133849.152 B/op
                 gc.count:                                      6.000 counts
                 gc.time:                                       11.000 ms
                 mempool.CodeHeap 'non-nmethods'.used:          1559.125 KiB
                 mempool.CodeHeap 'non-profiled nmethods'.used: 2895.000 KiB
                 mempool.CodeHeap 'profiled nmethods'.used:     8213.750 KiB
                 mempool.Compressed Class Space.used:           3794.289 KiB
                 mempool.G1 Eden Space.used:                    627712.000 KiB
                 mempool.G1 Old Gen.used:                       15472.242 KiB
                 mempool.G1 Survivor Space.used:                563.938 KiB
                 mempool.Metaspace.used:                        31548.000 KiB
                 mempool.total.codeheap.used:                   12667.875 KiB
                 mempool.total.used:                            691758.344 KiB

Iteration   3: 14230.290 ops/s
                 gc.alloc.rate:                                 1814.419 MB/sec
                 gc.alloc.rate.norm:                            133843.106 B/op
                 gc.count:                                      6.000 counts
                 gc.time:                                       13.000 ms
                 mempool.CodeHeap 'non-nmethods'.used:          1560.500 KiB
                 mempool.CodeHeap 'non-profiled nmethods'.used: 2903.500 KiB
                 mempool.CodeHeap 'profiled nmethods'.used:     8223.875 KiB
                 mempool.Compressed Class Space.used:           3794.289 KiB
                 mempool.G1 Eden Space.used:                    627712.000 KiB
                 mempool.G1 Old Gen.used:                       15501.961 KiB
                 mempool.G1 Survivor Space.used:                71.031 KiB
                 mempool.Metaspace.used:                        31554.328 KiB
                 mempool.total.codeheap.used:                   12687.875 KiB
                 mempool.total.used:                            691321.484 KiB

Iteration   4: 12285.976 ops/s
                 gc.alloc.rate:                                 1566.309 MB/sec
                 gc.alloc.rate.norm:                            133817.431 B/op
                 gc.count:                                      5.000 counts
                 gc.time:                                       10.000 ms
                 mempool.CodeHeap 'non-nmethods'.used:          1558.375 KiB
                 mempool.CodeHeap 'non-profiled nmethods'.used: 2907.625 KiB
                 mempool.CodeHeap 'profiled nmethods'.used:     8240.625 KiB
                 mempool.Compressed Class Space.used:           3794.289 KiB
                 mempool.G1 Eden Space.used:                    627712.000 KiB
                 mempool.G1 Old Gen.used:                       15518.086 KiB
                 mempool.G1 Survivor Space.used:                73.578 KiB
                 mempool.Metaspace.used:                        31561.563 KiB
                 mempool.total.codeheap.used:                   12706.625 KiB
                 mempool.total.used:                            691366.141 KiB

Iteration   5: 15446.679 ops/s
                 gc.alloc.rate:                                 1953.490 MB/sec
                 gc.alloc.rate.norm:                            134027.594 B/op
                 gc.count:                                      6.000 counts
                 gc.time:                                       11.000 ms
                 mempool.CodeHeap 'non-nmethods'.used:          1544.250 KiB
                 mempool.CodeHeap 'non-profiled nmethods'.used: 2909.375 KiB
                 mempool.CodeHeap 'profiled nmethods'.used:     8269.000 KiB
                 mempool.Compressed Class Space.used:           3794.797 KiB
                 mempool.G1 Eden Space.used:                    627712.000 KiB
                 mempool.G1 Old Gen.used:                       15533.586 KiB
                 mempool.G1 Survivor Space.used:                71.289 KiB
                 mempool.Metaspace.used:                        31567.977 KiB
                 mempool.total.codeheap.used:                   12722.625 KiB
                 mempool.total.used:                            691402.273 KiB


# Run progress: 41.67% complete, ETA 00:02:49
# Fork: 3 of 3
Picked up JAVA_TOOL_OPTIONS: -Dfile.encoding=UTF-8
# Warmup Iteration   1: 2790.341 ops/s
# Warmup Iteration   2: 6800.690 ops/s
# Warmup Iteration   3: 7686.805 ops/s
# Warmup Iteration   4: 9352.898 ops/s
# Warmup Iteration   5: 9404.300 ops/s
Iteration   1: 11470.305 ops/s
                 gc.alloc.rate:                                 1464.070 MB/sec
                 gc.alloc.rate.norm:                            133969.469 B/op
                 gc.count:                                      5.000 counts
                 gc.time:                                       39.000 ms
                 mempool.CodeHeap 'non-nmethods'.used:          1561.000 KiB
                 mempool.CodeHeap 'non-profiled nmethods'.used: 2789.250 KiB
                 mempool.CodeHeap 'profiled nmethods'.used:     8215.875 KiB
                 mempool.Compressed Class Space.used:           3744.703 KiB
                 mempool.G1 Eden Space.used:                    620544.000 KiB
                 mempool.G1 Old Gen.used:                       8436.000 KiB
                 mempool.G1 Survivor Space.used:                7645.586 KiB
                 mempool.Metaspace.used:                        31431.664 KiB
                 mempool.total.codeheap.used:                   12566.125 KiB
                 mempool.total.used:                            684368.078 KiB

Iteration   2: 12870.232 ops/s
                 gc.alloc.rate:                                 1642.454 MB/sec
                 gc.alloc.rate.norm:                            133969.307 B/op
                 gc.count:                                      6.000 counts
                 gc.time:                                       24.000 ms
                 mempool.CodeHeap 'non-nmethods'.used:          1560.875 KiB
                 mempool.CodeHeap 'non-profiled nmethods'.used: 2792.500 KiB
                 mempool.CodeHeap 'profiled nmethods'.used:     8263.625 KiB
                 mempool.Compressed Class Space.used:           3745.766 KiB
                 mempool.G1 Eden Space.used:                    627712.000 KiB
                 mempool.G1 Old Gen.used:                       15680.438 KiB
                 mempool.G1 Survivor Space.used:                7328.758 KiB
                 mempool.Metaspace.used:                        31445.695 KiB
                 mempool.total.codeheap.used:                   12617.000 KiB
                 mempool.total.used:                            698529.656 KiB

Iteration   3: 16437.575 ops/s
                 gc.alloc.rate:                                 2097.749 MB/sec
                 gc.alloc.rate.norm:                            133965.651 B/op
                 gc.count:                                      6.000 counts
                 gc.time:                                       13.000 ms
                 mempool.CodeHeap 'non-nmethods'.used:          1563.625 KiB
                 mempool.CodeHeap 'non-profiled nmethods'.used: 2804.625 KiB
                 mempool.CodeHeap 'profiled nmethods'.used:     8276.750 KiB
                 mempool.Compressed Class Space.used:           3745.766 KiB
                 mempool.G1 Eden Space.used:                    627712.000 KiB
                 mempool.G1 Old Gen.used:                       15718.219 KiB
                 mempool.G1 Survivor Space.used:                69.609 KiB
                 mempool.Metaspace.used:                        31452.023 KiB
                 mempool.total.codeheap.used:                   12645.000 KiB
                 mempool.total.used:                            691342.617 KiB

Iteration   4: 15951.806 ops/s
                 gc.alloc.rate:                                 2036.048 MB/sec
                 gc.alloc.rate.norm:                            133937.063 B/op
                 gc.count:                                      7.000 counts
                 gc.time:                                       13.000 ms
                 mempool.CodeHeap 'non-nmethods'.used:          1561.000 KiB
                 mempool.CodeHeap 'non-profiled nmethods'.used: 2807.250 KiB
                 mempool.CodeHeap 'profiled nmethods'.used:     8291.875 KiB
                 mempool.Compressed Class Space.used:           3745.766 KiB
                 mempool.G1 Eden Space.used:                    627712.000 KiB
                 mempool.G1 Old Gen.used:                       15734.344 KiB
                 mempool.G1 Survivor Space.used:                76.469 KiB
                 mempool.Metaspace.used:                        31457.563 KiB
                 mempool.total.codeheap.used:                   12660.125 KiB
                 mempool.total.used:                            691386.266 KiB

Iteration   5: 16511.752 ops/s
                 gc.alloc.rate:                                 2097.693 MB/sec
                 gc.alloc.rate.norm:                            134134.894 B/op
                 gc.count:                                      7.000 counts
                 gc.time:                                       15.000 ms
                 mempool.CodeHeap 'non-nmethods'.used:          1562.000 KiB
                 mempool.CodeHeap 'non-profiled nmethods'.used: 2811.500 KiB
                 mempool.CodeHeap 'profiled nmethods'.used:     8309.750 KiB
                 mempool.Compressed Class Space.used:           3746.273 KiB
                 mempool.G1 Eden Space.used:                    627712.000 KiB
                 mempool.G1 Old Gen.used:                       15745.813 KiB
                 mempool.G1 Survivor Space.used:                66.750 KiB
                 mempool.Metaspace.used:                        31463.742 KiB
                 mempool.total.codeheap.used:                   12683.250 KiB
                 mempool.total.used:                            691417.828 KiB



Result "io.github.lemon_ant.jharmonizer.printerlab.PrinterBenchmark.serialize":
  13950.337 ±(99.9%) 2407.465 ops/s [Average]
  (min, avg, max) = (8094.773, 13950.337, 16511.752), stdev = 2251.944
  CI (99.9%): [11542.872, 16357.802] (assumes normal distribution)

Secondary result "io.github.lemon_ant.jharmonizer.printerlab.PrinterBenchmark.serialize:gc.alloc.rate":
  1776.962 ±(99.9%) 305.057 MB/sec [Average]
  (min, avg, max) = (1032.368, 1776.962, 2097.749), stdev = 285.351
  CI (99.9%): [1471.905, 2082.019] (assumes normal distribution)

Secondary result "io.github.lemon_ant.jharmonizer.printerlab.PrinterBenchmark.serialize:gc.alloc.rate.norm":
  133918.965 ±(99.9%) 100.259 B/op [Average]
  (min, avg, max) = (133817.431, 133918.965, 134134.894), stdev = 93.782
  CI (99.9%): [133818.706, 134019.224] (assumes normal distribution)

Secondary result "io.github.lemon_ant.jharmonizer.printerlab.PrinterBenchmark.serialize:gc.count":
  88.000 ±(99.9%) 0.001 counts [Sum]
  (min, avg, max) = (4.000, 5.867, 7.000), stdev = 0.834
  CI (99.9%): [88.000, 88.000] (assumes normal distribution)

Secondary result "io.github.lemon_ant.jharmonizer.printerlab.PrinterBenchmark.serialize:gc.time":
  333.000 ±(99.9%) 0.001 ms [Sum]
  (min, avg, max) = (10.000, 22.200, 62.000), stdev = 15.237
  CI (99.9%): [333.000, 333.000] (assumes normal distribution)

Secondary result "io.github.lemon_ant.jharmonizer.printerlab.PrinterBenchmark.serialize:mempool.CodeHeap 'non-nmethods'.used":
  1564.125 ±(99.9%) 0.001 KiB [Maximum]
  (min, avg, max) = (1544.250, 1559.167, 1564.125), stdev = 5.634
  CI (99.9%): [1564.125, 1564.125] (assumes normal distribution)

Secondary result "io.github.lemon_ant.jharmonizer.printerlab.PrinterBenchmark.serialize:mempool.CodeHeap 'non-profiled nmethods'.used":
  2909.375 ±(99.9%) 0.001 KiB [Maximum]
  (min, avg, max) = (2789.250, 2862.242, 2909.375), stdev = 46.084
  CI (99.9%): [2909.375, 2909.375] (assumes normal distribution)

Secondary result "io.github.lemon_ant.jharmonizer.printerlab.PrinterBenchmark.serialize:mempool.CodeHeap 'profiled nmethods'.used":
  8372.375 ±(99.9%) 0.001 KiB [Maximum]
  (min, avg, max) = (8178.000, 8275.467, 8372.375), stdev = 54.754
  CI (99.9%): [8372.375, 8372.375] (assumes normal distribution)

Secondary result "io.github.lemon_ant.jharmonizer.printerlab.PrinterBenchmark.serialize:mempool.Compressed Class Space.used":
  3794.797 ±(99.9%) 0.001 KiB [Maximum]
  (min, avg, max) = (3720.109, 3753.631, 3794.797), stdev = 31.449
  CI (99.9%): [3794.797, 3794.797] (assumes normal distribution)

Secondary result "io.github.lemon_ant.jharmonizer.printerlab.PrinterBenchmark.serialize:mempool.G1 Eden Space.used":
  627712.000 ±(99.9%) 0.001 KiB [Maximum]
  (min, avg, max) = (620544.000, 626210.133, 627712.000), stdev = 2814.115
  CI (99.9%): [627712.000, 627712.000] (assumes normal distribution)

Secondary result "io.github.lemon_ant.jharmonizer.printerlab.PrinterBenchmark.serialize:mempool.G1 Old Gen.used":
  15745.813 ±(99.9%) 0.001 KiB [Maximum]
  (min, avg, max) = (8192.000, 14215.767, 15745.813), stdev = 2789.009
  CI (99.9%): [15745.813, 15745.813] (assumes normal distribution)

Secondary result "io.github.lemon_ant.jharmonizer.printerlab.PrinterBenchmark.serialize:mempool.G1 Survivor Space.used":
  7957.336 ±(99.9%) 0.001 KiB [Maximum]
  (min, avg, max) = (66.750, 2987.342, 7957.336), stdev = 3672.032
  CI (99.9%): [7957.336, 7957.336] (assumes normal distribution)

Secondary result "io.github.lemon_ant.jharmonizer.printerlab.PrinterBenchmark.serialize:mempool.Metaspace.used":
  31567.977 ±(99.9%) 0.001 KiB [Maximum]
  (min, avg, max) = (31360.734, 31462.018, 31567.977), stdev = 74.087
  CI (99.9%): [31567.977, 31567.977] (assumes normal distribution)

Secondary result "io.github.lemon_ant.jharmonizer.printerlab.PrinterBenchmark.serialize:mempool.total.codeheap.used":
  12829.500 ±(99.9%) 0.001 KiB [Maximum]
  (min, avg, max) = (12566.125, 12696.875, 12829.500), stdev = 72.731
  CI (99.9%): [12829.500, 12829.500] (assumes normal distribution)

Secondary result "io.github.lemon_ant.jharmonizer.printerlab.PrinterBenchmark.serialize:mempool.total.used":
  698529.656 ±(99.9%) 0.001 KiB [Maximum]
  (min, avg, max) = (684368.078, 691325.766, 698529.656), stdev = 3915.416
  CI (99.9%): [698529.656, 698529.656] (assumes normal distribution)


# JMH version: 1.37
# VM version: JDK 21.0.8, OpenJDK 64-Bit Server VM, 21.0.8+9-LTS
# VM invoker: C:\Program Files\Microsoft\jdk-21.0.8.9-hotspot\bin\java.exe
# VM options: -Xms1g -Xmx1g -XX:+UseG1GC -Dfile.encoding=UTF-8 -Duser.language=en -Duser.country=US -Duser.timezone=UTC -Dprinter.lab.corpus=W:\JHarmonizer\core\printer-lab\target\baseline-final-run\corpus
# Blackhole mode: compiler (auto-detected, use -Djmh.blackhole.autoDetect=false to disable)
# Warmup: 5 iterations, 1 s each
# Measurement: 5 iterations, 2 s each
# Timeout: 10 min per iteration
# Threads: 4 threads, will synchronize iterations
# Benchmark mode: Throughput, ops/time
# Benchmark: io.github.lemon_ant.jharmonizer.printerlab.PrinterBenchmark.serialize
# Parameters: (workload = flat1024)

# Run progress: 50.00% complete, ETA 00:02:23
# Fork: 1 of 3
Picked up JAVA_TOOL_OPTIONS: -Dfile.encoding=UTF-8
# Warmup Iteration   1: 1094.775 ops/s
# Warmup Iteration   2: 1523.122 ops/s
# Warmup Iteration   3: 1348.076 ops/s
# Warmup Iteration   4: 1632.583 ops/s
# Warmup Iteration   5: 1506.163 ops/s
Iteration   1: 1524.638 ops/s
                 gc.alloc.rate:                                 1503.307 MB/sec
                 gc.alloc.rate.norm:                            1035575.269 B/op
                 gc.count:                                      5.000 counts
                 gc.time:                                       19.000 ms
                 mempool.CodeHeap 'non-nmethods'.used:          1595.625 KiB
                 mempool.CodeHeap 'non-profiled nmethods'.used: 3284.500 KiB
                 mempool.CodeHeap 'profiled nmethods'.used:     9833.750 KiB
                 mempool.Compressed Class Space.used:           3770.242 KiB
                 mempool.G1 Eden Space.used:                    627712.000 KiB
                 mempool.G1 Old Gen.used:                       19815.094 KiB
                 mempool.G1 Survivor Space.used:                2447.938 KiB
                 mempool.Metaspace.used:                        31854.281 KiB
                 mempool.total.codeheap.used:                   14713.875 KiB
                 mempool.total.used:                            700313.430 KiB

Iteration   2: 1296.976 ops/s
                 gc.alloc.rate:                                 1278.934 MB/sec
                 gc.alloc.rate.norm:                            1035548.947 B/op
                 gc.count:                                      5.000 counts
                 gc.time:                                       12.000 ms
                 mempool.CodeHeap 'non-nmethods'.used:          1547.750 KiB
                 mempool.CodeHeap 'non-profiled nmethods'.used: 3286.750 KiB
                 mempool.CodeHeap 'profiled nmethods'.used:     9869.000 KiB
                 mempool.Compressed Class Space.used:           3771.305 KiB
                 mempool.G1 Eden Space.used:                    627712.000 KiB
                 mempool.G1 Old Gen.used:                       19912.078 KiB
                 mempool.G1 Survivor Space.used:                497.844 KiB
                 mempool.Metaspace.used:                        31867.445 KiB
                 mempool.total.codeheap.used:                   14703.500 KiB
                 mempool.total.used:                            698464.172 KiB

Iteration   3: 1475.555 ops/s
                 gc.alloc.rate:                                 1455.521 MB/sec
                 gc.alloc.rate.norm:                            1035547.376 B/op
                 gc.count:                                      4.000 counts
                 gc.time:                                       9.000 ms
                 mempool.CodeHeap 'non-nmethods'.used:          1547.750 KiB
                 mempool.CodeHeap 'non-profiled nmethods'.used: 3286.750 KiB
                 mempool.CodeHeap 'profiled nmethods'.used:     9875.000 KiB
                 mempool.Compressed Class Space.used:           3771.305 KiB
                 mempool.G1 Eden Space.used:                    627712.000 KiB
                 mempool.G1 Old Gen.used:                       19931.719 KiB
                 mempool.G1 Survivor Space.used:                489.766 KiB
                 mempool.Metaspace.used:                        31873.305 KiB
                 mempool.total.codeheap.used:                   14709.500 KiB
                 mempool.total.used:                            698487.594 KiB

Iteration   4: 1548.097 ops/s
                 gc.alloc.rate:                                 1527.509 MB/sec
                 gc.alloc.rate.norm:                            1035546.872 B/op
                 gc.count:                                      5.000 counts
                 gc.time:                                       11.000 ms
                 mempool.CodeHeap 'non-nmethods'.used:          1547.750 KiB
                 mempool.CodeHeap 'non-profiled nmethods'.used: 3288.500 KiB
                 mempool.CodeHeap 'profiled nmethods'.used:     9892.125 KiB
                 mempool.Compressed Class Space.used:           3771.305 KiB
                 mempool.G1 Eden Space.used:                    627712.000 KiB
                 mempool.G1 Old Gen.used:                       19939.781 KiB
                 mempool.G1 Survivor Space.used:                479.156 KiB
                 mempool.Metaspace.used:                        31879.180 KiB
                 mempool.total.codeheap.used:                   14728.375 KiB
                 mempool.total.used:                            698509.797 KiB

Iteration   5: 1564.987 ops/s
                 gc.alloc.rate:                                 1517.954 MB/sec
                 gc.alloc.rate.norm:                            1051634.952 B/op
                 gc.count:                                      6.000 counts
                 gc.time:                                       12.000 ms
                 mempool.CodeHeap 'non-nmethods'.used:          1564.000 KiB
                 mempool.CodeHeap 'non-profiled nmethods'.used: 3296.750 KiB
                 mempool.CodeHeap 'profiled nmethods'.used:     9945.125 KiB
                 mempool.Compressed Class Space.used:           3771.813 KiB
                 mempool.G1 Eden Space.used:                    627712.000 KiB
                 mempool.G1 Old Gen.used:                       19955.906 KiB
                 mempool.G1 Survivor Space.used:                388.875 KiB
                 mempool.Metaspace.used:                        31892.547 KiB
                 mempool.total.codeheap.used:                   14805.875 KiB
                 mempool.total.used:                            698527.016 KiB


# Run progress: 58.33% complete, ETA 00:02:01
# Fork: 2 of 3
Picked up JAVA_TOOL_OPTIONS: -Dfile.encoding=UTF-8
# Warmup Iteration   1: 984.800 ops/s
# Warmup Iteration   2: 1204.435 ops/s
# Warmup Iteration   3: 1173.669 ops/s
# Warmup Iteration   4: 1195.830 ops/s
# Warmup Iteration   5: 1655.176 ops/s
Iteration   1: 1779.161 ops/s
                 gc.alloc.rate:                                 1783.889 MB/sec
                 gc.alloc.rate.norm:                            1052165.242 B/op
                 gc.count:                                      6.000 counts
                 gc.time:                                       19.000 ms
                 mempool.CodeHeap 'non-nmethods'.used:          1578.000 KiB
                 mempool.CodeHeap 'non-profiled nmethods'.used: 3478.875 KiB
                 mempool.CodeHeap 'profiled nmethods'.used:     9369.375 KiB
                 mempool.Compressed Class Space.used:           3774.031 KiB
                 mempool.G1 Eden Space.used:                    626688.000 KiB
                 mempool.G1 Old Gen.used:                       19876.625 KiB
                 mempool.G1 Survivor Space.used:                2307.078 KiB
                 mempool.Metaspace.used:                        31831.680 KiB
                 mempool.total.codeheap.used:                   14426.250 KiB
                 mempool.total.used:                            698903.664 KiB

Iteration   2: 1877.072 ops/s
                 gc.alloc.rate:                                 1881.919 MB/sec
                 gc.alloc.rate.norm:                            1052120.955 B/op
                 gc.count:                                      6.000 counts
                 gc.time:                                       11.000 ms
                 mempool.CodeHeap 'non-nmethods'.used:          1548.875 KiB
                 mempool.CodeHeap 'non-profiled nmethods'.used: 3480.375 KiB
                 mempool.CodeHeap 'profiled nmethods'.used:     9404.625 KiB
                 mempool.Compressed Class Space.used:           3775.094 KiB
                 mempool.G1 Eden Space.used:                    627712.000 KiB
                 mempool.G1 Old Gen.used:                       20035.117 KiB
                 mempool.G1 Survivor Space.used:                528.453 KiB
                 mempool.Metaspace.used:                        31848.133 KiB
                 mempool.total.codeheap.used:                   14433.875 KiB
                 mempool.total.used:                            698332.672 KiB

Iteration   3: 1822.424 ops/s
                 gc.alloc.rate:                                 1826.741 MB/sec
                 gc.alloc.rate.norm:                            1052121.253 B/op
                 gc.count:                                      6.000 counts
                 gc.time:                                       12.000 ms
                 mempool.CodeHeap 'non-nmethods'.used:          1562.625 KiB
                 mempool.CodeHeap 'non-profiled nmethods'.used: 3481.250 KiB
                 mempool.CodeHeap 'profiled nmethods'.used:     9420.000 KiB
                 mempool.Compressed Class Space.used:           3775.094 KiB
                 mempool.G1 Eden Space.used:                    627712.000 KiB
                 mempool.G1 Old Gen.used:                       20054.758 KiB
                 mempool.G1 Survivor Space.used:                453.094 KiB
                 mempool.Metaspace.used:                        31859.844 KiB
                 mempool.total.codeheap.used:                   14463.875 KiB
                 mempool.total.used:                            698318.664 KiB

Iteration   4: 1904.870 ops/s
                 gc.alloc.rate:                                 1908.671 MB/sec
                 gc.alloc.rate.norm:                            1052120.850 B/op
                 gc.count:                                      7.000 counts
                 gc.time:                                       14.000 ms
                 mempool.CodeHeap 'non-nmethods'.used:          1548.875 KiB
                 mempool.CodeHeap 'non-profiled nmethods'.used: 3483.000 KiB
                 mempool.CodeHeap 'profiled nmethods'.used:     9437.125 KiB
                 mempool.Compressed Class Space.used:           3775.094 KiB
                 mempool.G1 Eden Space.used:                    627712.000 KiB
                 mempool.G1 Old Gen.used:                       20072.898 KiB
                 mempool.G1 Survivor Space.used:                509.266 KiB
                 mempool.Metaspace.used:                        31866.461 KiB
                 mempool.total.codeheap.used:                   14469.000 KiB
                 mempool.total.used:                            698404.719 KiB

Iteration   5: 1650.366 ops/s
                 gc.alloc.rate:                                 1644.142 MB/sec
                 gc.alloc.rate.norm:                            1067578.290 B/op
                 gc.count:                                      5.000 counts
                 gc.time:                                       12.000 ms
                 mempool.CodeHeap 'non-nmethods'.used:          1565.875 KiB
                 mempool.CodeHeap 'non-profiled nmethods'.used: 3487.875 KiB
                 mempool.CodeHeap 'profiled nmethods'.used:     9491.750 KiB
                 mempool.Compressed Class Space.used:           3775.602 KiB
                 mempool.G1 Eden Space.used:                    627712.000 KiB
                 mempool.G1 Old Gen.used:                       20080.336 KiB
                 mempool.G1 Survivor Space.used:                428.281 KiB
                 mempool.Metaspace.used:                        31879.914 KiB
                 mempool.total.codeheap.used:                   14545.500 KiB
                 mempool.total.used:                            698421.633 KiB


# Run progress: 66.67% complete, ETA 00:01:39
# Fork: 3 of 3
Picked up JAVA_TOOL_OPTIONS: -Dfile.encoding=UTF-8
# Warmup Iteration   1: 789.416 ops/s
# Warmup Iteration   2: 1439.693 ops/s
# Warmup Iteration   3: 1696.090 ops/s
# Warmup Iteration   4: 1659.224 ops/s
# Warmup Iteration   5: 1605.813 ops/s
Iteration   1: 1782.729 ops/s
                 gc.alloc.rate:                                 1758.236 MB/sec
                 gc.alloc.rate.norm:                            1035777.713 B/op
                 gc.count:                                      6.000 counts
                 gc.time:                                       17.000 ms
                 mempool.CodeHeap 'non-nmethods'.used:          1580.500 KiB
                 mempool.CodeHeap 'non-profiled nmethods'.used: 3434.375 KiB
                 mempool.CodeHeap 'profiled nmethods'.used:     9988.625 KiB
                 mempool.Compressed Class Space.used:           3761.492 KiB
                 mempool.G1 Eden Space.used:                    627712.000 KiB
                 mempool.G1 Old Gen.used:                       20091.672 KiB
                 mempool.G1 Survivor Space.used:                2339.648 KiB
                 mempool.Metaspace.used:                        31829.016 KiB
                 mempool.total.codeheap.used:                   15003.500 KiB
                 mempool.total.used:                            700737.328 KiB

Iteration   2: 1767.874 ops/s
                 gc.alloc.rate:                                 1740.921 MB/sec
                 gc.alloc.rate.norm:                            1035761.562 B/op
                 gc.count:                                      6.000 counts
                 gc.time:                                       14.000 ms
                 mempool.CodeHeap 'non-nmethods'.used:          1560.375 KiB
                 mempool.CodeHeap 'non-profiled nmethods'.used: 3438.625 KiB
                 mempool.CodeHeap 'profiled nmethods'.used:     10023.875 KiB
                 mempool.Compressed Class Space.used:           3762.555 KiB
                 mempool.G1 Eden Space.used:                    627712.000 KiB
                 mempool.G1 Old Gen.used:                       20111.828 KiB
                 mempool.G1 Survivor Space.used:                465.273 KiB
                 mempool.Metaspace.used:                        31842.219 KiB
                 mempool.total.codeheap.used:                   15022.875 KiB
                 mempool.total.used:                            698916.750 KiB

Iteration   3: 1782.455 ops/s
                 gc.alloc.rate:                                 1759.032 MB/sec
                 gc.alloc.rate.norm:                            1035761.478 B/op
                 gc.count:                                      5.000 counts
                 gc.time:                                       11.000 ms
                 mempool.CodeHeap 'non-nmethods'.used:          1546.625 KiB
                 mempool.CodeHeap 'non-profiled nmethods'.used: 3438.625 KiB
                 mempool.CodeHeap 'profiled nmethods'.used:     10029.875 KiB
                 mempool.Compressed Class Space.used:           3762.555 KiB
                 mempool.G1 Eden Space.used:                    627712.000 KiB
                 mempool.G1 Old Gen.used:                       20133.484 KiB
                 mempool.G1 Survivor Space.used:                397.039 KiB
                 mempool.Metaspace.used:                        31848.078 KiB
                 mempool.total.codeheap.used:                   15015.125 KiB
                 mempool.total.used:                            698868.281 KiB

Iteration   4: 1598.301 ops/s
                 gc.alloc.rate:                                 1576.950 MB/sec
                 gc.alloc.rate.norm:                            1035762.524 B/op
                 gc.count:                                      6.000 counts
                 gc.time:                                       12.000 ms
                 mempool.CodeHeap 'non-nmethods'.used:          1546.625 KiB
                 mempool.CodeHeap 'non-profiled nmethods'.used: 3440.375 KiB
                 mempool.CodeHeap 'profiled nmethods'.used:     10043.750 KiB
                 mempool.Compressed Class Space.used:           3762.555 KiB
                 mempool.G1 Eden Space.used:                    627712.000 KiB
                 mempool.G1 Old Gen.used:                       20147.594 KiB
                 mempool.G1 Survivor Space.used:                430.109 KiB
                 mempool.Metaspace.used:                        31853.188 KiB
                 mempool.total.codeheap.used:                   15030.750 KiB
                 mempool.total.used:                            698936.195 KiB

Iteration   5: 1442.852 ops/s
                 gc.alloc.rate:                                 1405.182 MB/sec
                 gc.alloc.rate.norm:                            1053210.792 B/op
                 gc.count:                                      4.000 counts
                 gc.time:                                       8.000 ms
                 mempool.CodeHeap 'non-nmethods'.used:          1563.625 KiB
                 mempool.CodeHeap 'non-profiled nmethods'.used: 3445.500 KiB
                 mempool.CodeHeap 'profiled nmethods'.used:     10091.125 KiB
                 mempool.Compressed Class Space.used:           3763.063 KiB
                 mempool.G1 Eden Space.used:                    627712.000 KiB
                 mempool.G1 Old Gen.used:                       20147.594 KiB
                 mempool.G1 Survivor Space.used:                424.297 KiB
                 mempool.Metaspace.used:                        31864.859 KiB
                 mempool.total.codeheap.used:                   15100.250 KiB
                 mempool.total.used:                            699012.063 KiB



Result "io.github.lemon_ant.jharmonizer.printerlab.PrinterBenchmark.serialize":
  1654.557 ±(99.9%) 190.736 ops/s [Average]
  (min, avg, max) = (1296.976, 1654.557, 1904.870), stdev = 178.414
  CI (99.9%): [1463.821, 1845.293] (assumes normal distribution)

Secondary result "io.github.lemon_ant.jharmonizer.printerlab.PrinterBenchmark.serialize:gc.alloc.rate":
  1637.927 ±(99.9%) 200.883 MB/sec [Average]
  (min, avg, max) = (1278.934, 1637.927, 1908.671), stdev = 187.906
  CI (99.9%): [1437.044, 1838.810] (assumes normal distribution)

Secondary result "io.github.lemon_ant.jharmonizer.printerlab.PrinterBenchmark.serialize:gc.alloc.rate.norm":
  1044415.605 ±(99.9%) 11130.214 B/op [Average]
  (min, avg, max) = (1035546.872, 1044415.605, 1067578.290), stdev = 10411.209
  CI (99.9%): [1033285.391, 1055545.819] (assumes normal distribution)

Secondary result "io.github.lemon_ant.jharmonizer.printerlab.PrinterBenchmark.serialize:gc.count":
  82.000 ±(99.9%) 0.001 counts [Sum]
  (min, avg, max) = (4.000, 5.467, 7.000), stdev = 0.834
  CI (99.9%): [82.000, 82.000] (assumes normal distribution)

Secondary result "io.github.lemon_ant.jharmonizer.printerlab.PrinterBenchmark.serialize:gc.time":
  193.000 ±(99.9%) 0.001 ms [Sum]
  (min, avg, max) = (8.000, 12.867, 19.000), stdev = 3.248
  CI (99.9%): [193.000, 193.000] (assumes normal distribution)

Secondary result "io.github.lemon_ant.jharmonizer.printerlab.PrinterBenchmark.serialize:mempool.CodeHeap 'non-nmethods'.used":
  1595.625 ±(99.9%) 0.001 KiB [Maximum]
  (min, avg, max) = (1546.625, 1560.325, 1595.625), stdev = 14.971
  CI (99.9%): [1595.625, 1595.625] (assumes normal distribution)

Secondary result "io.github.lemon_ant.jharmonizer.printerlab.PrinterBenchmark.serialize:mempool.CodeHeap 'non-profiled nmethods'.used":
  3487.875 ±(99.9%) 0.001 KiB [Maximum]
  (min, avg, max) = (3284.500, 3403.475, 3487.875), stdev = 86.049
  CI (99.9%): [3487.875, 3487.875] (assumes normal distribution)

Secondary result "io.github.lemon_ant.jharmonizer.printerlab.PrinterBenchmark.serialize:mempool.CodeHeap 'profiled nmethods'.used":
  10091.125 ±(99.9%) 0.001 KiB [Maximum]
  (min, avg, max) = (9369.375, 9781.008, 10091.125), stdev = 271.402
  CI (99.9%): [10091.125, 10091.125] (assumes normal distribution)

Secondary result "io.github.lemon_ant.jharmonizer.printerlab.PrinterBenchmark.serialize:mempool.Compressed Class Space.used":
  3775.602 ±(99.9%) 0.001 KiB [Maximum]
  (min, avg, max) = (3761.492, 3769.540, 3775.602), stdev = 5.461
  CI (99.9%): [3775.602, 3775.602] (assumes normal distribution)

Secondary result "io.github.lemon_ant.jharmonizer.printerlab.PrinterBenchmark.serialize:mempool.G1 Eden Space.used":
  627712.000 ±(99.9%) 0.001 KiB [Maximum]
  (min, avg, max) = (626688.000, 627643.733, 627712.000), stdev = 264.396
  CI (99.9%): [627712.000, 627712.000] (assumes normal distribution)

Secondary result "io.github.lemon_ant.jharmonizer.printerlab.PrinterBenchmark.serialize:mempool.G1 Old Gen.used":
  20147.594 ±(99.9%) 0.001 KiB [Maximum]
  (min, avg, max) = (19815.094, 20020.432, 20147.594), stdev = 106.706
  CI (99.9%): [20147.594, 20147.594] (assumes normal distribution)

Secondary result "io.github.lemon_ant.jharmonizer.printerlab.PrinterBenchmark.serialize:mempool.G1 Survivor Space.used":
  2447.938 ±(99.9%) 0.001 KiB [Maximum]
  (min, avg, max) = (388.875, 839.074, 2447.938), stdev = 791.169
  CI (99.9%): [2447.938, 2447.938] (assumes normal distribution)

Secondary result "io.github.lemon_ant.jharmonizer.printerlab.PrinterBenchmark.serialize:mempool.Metaspace.used":
  31892.547 ±(99.9%) 0.001 KiB [Maximum]
  (min, avg, max) = (31829.016, 31859.343, 31892.547), stdev = 18.038
  CI (99.9%): [31892.547, 31892.547] (assumes normal distribution)

Secondary result "io.github.lemon_ant.jharmonizer.printerlab.PrinterBenchmark.serialize:mempool.total.codeheap.used":
  15100.250 ±(99.9%) 0.001 KiB [Maximum]
  (min, avg, max) = (14426.250, 14744.808, 15100.250), stdev = 242.929
  CI (99.9%): [15100.250, 15100.250] (assumes normal distribution)

Secondary result "io.github.lemon_ant.jharmonizer.printerlab.PrinterBenchmark.serialize:mempool.total.used":
  700737.328 ±(99.9%) 0.001 KiB [Maximum]
  (min, avg, max) = (698318.664, 698876.932, 700737.328), stdev = 715.447
  CI (99.9%): [700737.328, 700737.328] (assumes normal distribution)


# JMH version: 1.37
# VM version: JDK 21.0.8, OpenJDK 64-Bit Server VM, 21.0.8+9-LTS
# VM invoker: C:\Program Files\Microsoft\jdk-21.0.8.9-hotspot\bin\java.exe
# VM options: -Xms1g -Xmx1g -XX:+UseG1GC -Dfile.encoding=UTF-8 -Duser.language=en -Duser.country=US -Duser.timezone=UTC -Dprinter.lab.corpus=W:\JHarmonizer\core\printer-lab\target\baseline-final-run\corpus
# Blackhole mode: compiler (auto-detected, use -Djmh.blackhole.autoDetect=false to disable)
# Warmup: 5 iterations, 1 s each
# Measurement: 5 iterations, 2 s each
# Timeout: 10 min per iteration
# Threads: 4 threads, will synchronize iterations
# Benchmark mode: Throughput, ops/time
# Benchmark: io.github.lemon_ant.jharmonizer.printerlab.PrinterBenchmark.serialize
# Parameters: (workload = nested128)

# Run progress: 75.00% complete, ETA 00:01:15
# Fork: 1 of 3
Picked up JAVA_TOOL_OPTIONS: -Dfile.encoding=UTF-8
# Warmup Iteration   1: 560.399 ops/s
# Warmup Iteration   2: 854.315 ops/s
# Warmup Iteration   3: 1128.337 ops/s
# Warmup Iteration   4: 1168.463 ops/s
# Warmup Iteration   5: 1076.967 ops/s
Iteration   1: 1250.967 ops/s
                 gc.alloc.rate:                                 1596.958 MB/sec
                 gc.alloc.rate.norm:                            1340765.416 B/op
                 gc.count:                                      6.000 counts
                 gc.time:                                       49.000 ms
                 mempool.CodeHeap 'non-nmethods'.used:          1566.125 KiB
                 mempool.CodeHeap 'non-profiled nmethods'.used: 2945.125 KiB
                 mempool.CodeHeap 'profiled nmethods'.used:     9812.625 KiB
                 mempool.Compressed Class Space.used:           3774.148 KiB
                 mempool.G1 Eden Space.used:                    626688.000 KiB
                 mempool.G1 Old Gen.used:                       17905.734 KiB
                 mempool.G1 Survivor Space.used:                10451.031 KiB
                 mempool.Metaspace.used:                        32039.195 KiB
                 mempool.total.codeheap.used:                   14323.875 KiB
                 mempool.total.used:                            705181.984 KiB

Iteration   2: 1430.857 ops/s
                 gc.alloc.rate:                                 1827.687 MB/sec
                 gc.alloc.rate.norm:                            1340659.953 B/op
                 gc.count:                                      6.000 counts
                 gc.time:                                       13.000 ms
                 mempool.CodeHeap 'non-nmethods'.used:          1595.000 KiB
                 mempool.CodeHeap 'non-profiled nmethods'.used: 3066.500 KiB
                 mempool.CodeHeap 'profiled nmethods'.used:     9846.625 KiB
                 mempool.Compressed Class Space.used:           3775.211 KiB
                 mempool.G1 Eden Space.used:                    627712.000 KiB
                 mempool.G1 Old Gen.used:                       18110.359 KiB
                 mempool.G1 Survivor Space.used:                419.922 KiB
                 mempool.Metaspace.used:                        32049.531 KiB
                 mempool.total.codeheap.used:                   14508.125 KiB
                 mempool.total.used:                            696575.148 KiB

Iteration   3: 1515.687 ops/s
                 gc.alloc.rate:                                 1936.326 MB/sec
                 gc.alloc.rate.norm:                            1340547.064 B/op
                 gc.count:                                      6.000 counts
                 gc.time:                                       12.000 ms
                 mempool.CodeHeap 'non-nmethods'.used:          1561.500 KiB
                 mempool.CodeHeap 'non-profiled nmethods'.used: 3067.500 KiB
                 mempool.CodeHeap 'profiled nmethods'.used:     9853.875 KiB
                 mempool.Compressed Class Space.used:           3775.211 KiB
                 mempool.G1 Eden Space.used:                    627712.000 KiB
                 mempool.G1 Old Gen.used:                       18132.016 KiB
                 mempool.G1 Survivor Space.used:                168.047 KiB
                 mempool.Metaspace.used:                        32053.047 KiB
                 mempool.total.codeheap.used:                   14482.875 KiB
                 mempool.total.used:                            696323.195 KiB

Iteration   4: 1511.165 ops/s
                 gc.alloc.rate:                                 1929.818 MB/sec
                 gc.alloc.rate.norm:                            1340547.126 B/op
                 gc.count:                                      6.000 counts
                 gc.time:                                       11.000 ms
                 mempool.CodeHeap 'non-nmethods'.used:          1561.625 KiB
                 mempool.CodeHeap 'non-profiled nmethods'.used: 3070.000 KiB
                 mempool.CodeHeap 'profiled nmethods'.used:     9870.750 KiB
                 mempool.Compressed Class Space.used:           3775.211 KiB
                 mempool.G1 Eden Space.used:                    627712.000 KiB
                 mempool.G1 Old Gen.used:                       18152.172 KiB
                 mempool.G1 Survivor Space.used:                188.469 KiB
                 mempool.Metaspace.used:                        32061.453 KiB
                 mempool.total.codeheap.used:                   14502.375 KiB
                 mempool.total.used:                            696391.680 KiB

Iteration   5: 1495.113 ops/s
                 gc.alloc.rate:                                 1857.983 MB/sec
                 gc.alloc.rate.norm:                            1366103.679 B/op
                 gc.count:                                      7.000 counts
                 gc.time:                                       14.000 ms
                 mempool.CodeHeap 'non-nmethods'.used:          1564.000 KiB
                 mempool.CodeHeap 'non-profiled nmethods'.used: 3088.375 KiB
                 mempool.CodeHeap 'profiled nmethods'.used:     9891.875 KiB
                 mempool.Compressed Class Space.used:           3775.719 KiB
                 mempool.G1 Eden Space.used:                    627712.000 KiB
                 mempool.G1 Old Gen.used:                       18161.625 KiB
                 mempool.G1 Survivor Space.used:                189.094 KiB
                 mempool.Metaspace.used:                        32068.711 KiB
                 mempool.total.codeheap.used:                   14544.250 KiB
                 mempool.total.used:                            696451.398 KiB


# Run progress: 83.33% complete, ETA 00:00:49
# Fork: 2 of 3
Picked up JAVA_TOOL_OPTIONS: -Dfile.encoding=UTF-8
# Warmup Iteration   1: 548.419 ops/s
# Warmup Iteration   2: 1072.617 ops/s
# Warmup Iteration   3: 1390.269 ops/s
# Warmup Iteration   4: 1424.832 ops/s
# Warmup Iteration   5: 1463.523 ops/s
Iteration   1: 1439.382 ops/s
                 gc.alloc.rate:                                 1836.015 MB/sec
                 gc.alloc.rate.norm:                            1340763.859 B/op
                 gc.count:                                      6.000 counts
                 gc.time:                                       28.000 ms
                 mempool.CodeHeap 'non-nmethods'.used:          1608.750 KiB
                 mempool.CodeHeap 'non-profiled nmethods'.used: 2938.125 KiB
                 mempool.CodeHeap 'profiled nmethods'.used:     10123.500 KiB
                 mempool.Compressed Class Space.used:           3758.891 KiB
                 mempool.G1 Eden Space.used:                    627712.000 KiB
                 mempool.G1 Old Gen.used:                       18400.133 KiB
                 mempool.G1 Survivor Space.used:                9913.258 KiB
                 mempool.Metaspace.used:                        32035.227 KiB
                 mempool.total.codeheap.used:                   14670.375 KiB
                 mempool.total.used:                            706489.883 KiB

Iteration   2: 1186.163 ops/s
                 gc.alloc.rate:                                 1513.059 MB/sec
                 gc.alloc.rate.norm:                            1340662.665 B/op
                 gc.count:                                      5.000 counts
                 gc.time:                                       11.000 ms
                 mempool.CodeHeap 'non-nmethods'.used:          1599.250 KiB
                 mempool.CodeHeap 'non-profiled nmethods'.used: 3025.250 KiB
                 mempool.CodeHeap 'profiled nmethods'.used:     10164.250 KiB
                 mempool.Compressed Class Space.used:           3759.953 KiB
                 mempool.G1 Eden Space.used:                    627712.000 KiB
                 mempool.G1 Old Gen.used:                       18416.961 KiB
                 mempool.G1 Survivor Space.used:                188.203 KiB
                 mempool.Metaspace.used:                        32052.750 KiB
                 mempool.total.codeheap.used:                   14788.750 KiB
                 mempool.total.used:                            696918.617 KiB

Iteration   3: 1181.810 ops/s
                 gc.alloc.rate:                                 1507.695 MB/sec
                 gc.alloc.rate.norm:                            1340526.194 B/op
                 gc.count:                                      5.000 counts
                 gc.time:                                       9.000 ms
                 mempool.CodeHeap 'non-nmethods'.used:          1565.625 KiB
                 mempool.CodeHeap 'non-profiled nmethods'.used: 3026.125 KiB
                 mempool.CodeHeap 'profiled nmethods'.used:     10182.000 KiB
                 mempool.Compressed Class Space.used:           3759.953 KiB
                 mempool.G1 Eden Space.used:                    627712.000 KiB
                 mempool.G1 Old Gen.used:                       18440.055 KiB
                 mempool.G1 Survivor Space.used:                193.063 KiB
                 mempool.Metaspace.used:                        32065.391 KiB
                 mempool.total.codeheap.used:                   14773.750 KiB
                 mempool.total.used:                            696944.211 KiB

Iteration   4: 901.481 ops/s
                 gc.alloc.rate:                                 1151.815 MB/sec
                 gc.alloc.rate.norm:                            1340530.623 B/op
                 gc.count:                                      4.000 counts
                 gc.time:                                       8.000 ms
                 mempool.CodeHeap 'non-nmethods'.used:          1565.500 KiB
                 mempool.CodeHeap 'non-profiled nmethods'.used: 3028.750 KiB
                 mempool.CodeHeap 'profiled nmethods'.used:     10197.250 KiB
                 mempool.Compressed Class Space.used:           3759.953 KiB
                 mempool.G1 Eden Space.used:                    627712.000 KiB
                 mempool.G1 Old Gen.used:                       18444.086 KiB
                 mempool.G1 Survivor Space.used:                203.578 KiB
                 mempool.Metaspace.used:                        32071.070 KiB
                 mempool.total.codeheap.used:                   14791.500 KiB
                 mempool.total.used:                            696982.188 KiB

Iteration   5: 1002.816 ops/s
                 gc.alloc.rate:                                 1244.318 MB/sec
                 gc.alloc.rate.norm:                            1378793.789 B/op
                 gc.count:                                      4.000 counts
                 gc.time:                                       10.000 ms
                 mempool.CodeHeap 'non-nmethods'.used:          1568.875 KiB
                 mempool.CodeHeap 'non-profiled nmethods'.used: 3053.000 KiB
                 mempool.CodeHeap 'profiled nmethods'.used:     10214.875 KiB
                 mempool.Compressed Class Space.used:           3760.461 KiB
                 mempool.G1 Eden Space.used:                    627712.000 KiB
                 mempool.G1 Old Gen.used:                       18462.227 KiB
                 mempool.G1 Survivor Space.used:                212.000 KiB
                 mempool.Metaspace.used:                        32080.094 KiB
                 mempool.total.codeheap.used:                   14836.750 KiB
                 mempool.total.used:                            697063.531 KiB


# Run progress: 91.67% complete, ETA 00:00:24
# Fork: 3 of 3
Picked up JAVA_TOOL_OPTIONS: -Dfile.encoding=UTF-8
# Warmup Iteration   1: 279.975 ops/s
# Warmup Iteration   2: 744.726 ops/s
# Warmup Iteration   3: 1034.335 ops/s
# Warmup Iteration   4: 1116.267 ops/s
# Warmup Iteration   5: 1116.936 ops/s
Iteration   1: 1167.405 ops/s
                 gc.alloc.rate:                                 1490.969 MB/sec
                 gc.alloc.rate.norm:                            1340750.802 B/op
                 gc.count:                                      5.000 counts
                 gc.time:                                       41.000 ms
                 mempool.CodeHeap 'non-nmethods'.used:          1586.500 KiB
                 mempool.CodeHeap 'non-profiled nmethods'.used: 3071.750 KiB
                 mempool.CodeHeap 'profiled nmethods'.used:     10698.500 KiB
                 mempool.Compressed Class Space.used:           3692.633 KiB
                 mempool.G1 Eden Space.used:                    620544.000 KiB
                 mempool.G1 Old Gen.used:                       13019.953 KiB
                 mempool.G1 Survivor Space.used:                10150.469 KiB
                 mempool.Metaspace.used:                        31977.023 KiB
                 mempool.total.codeheap.used:                   15356.750 KiB
                 mempool.total.used:                            694740.828 KiB

Iteration   2: 1031.718 ops/s
                 gc.alloc.rate:                                 1316.965 MB/sec
                 gc.alloc.rate.norm:                            1340688.319 B/op
                 gc.count:                                      5.000 counts
                 gc.time:                                       18.000 ms
                 mempool.CodeHeap 'non-nmethods'.used:          1589.625 KiB
                 mempool.CodeHeap 'non-profiled nmethods'.used: 3157.750 KiB
                 mempool.CodeHeap 'profiled nmethods'.used:     10730.625 KiB
                 mempool.Compressed Class Space.used:           3693.695 KiB
                 mempool.G1 Eden Space.used:                    627712.000 KiB
                 mempool.G1 Old Gen.used:                       18084.336 KiB
                 mempool.G1 Survivor Space.used:                4916.906 KiB
                 mempool.Metaspace.used:                        31987.359 KiB
                 mempool.total.codeheap.used:                   15478.000 KiB
                 mempool.total.used:                            701872.297 KiB

Iteration   3: 1389.017 ops/s
                 gc.alloc.rate:                                 1773.368 MB/sec
                 gc.alloc.rate.norm:                            1340548.058 B/op
                 gc.count:                                      6.000 counts
                 gc.time:                                       12.000 ms
                 mempool.CodeHeap 'non-nmethods'.used:          1549.125 KiB
                 mempool.CodeHeap 'non-profiled nmethods'.used: 3157.750 KiB
                 mempool.CodeHeap 'profiled nmethods'.used:     10736.625 KiB
                 mempool.Compressed Class Space.used:           3693.695 KiB
                 mempool.G1 Eden Space.used:                    627712.000 KiB
                 mempool.G1 Old Gen.used:                       18116.070 KiB
                 mempool.G1 Survivor Space.used:                199.219 KiB
                 mempool.Metaspace.used:                        31993.219 KiB
                 mempool.total.codeheap.used:                   15443.500 KiB
                 mempool.total.used:                            697157.703 KiB

Iteration   4: 1442.757 ops/s
                 gc.alloc.rate:                                 1841.982 MB/sec
                 gc.alloc.rate.norm:                            1340547.656 B/op
                 gc.count:                                      6.000 counts
                 gc.time:                                       13.000 ms
                 mempool.CodeHeap 'non-nmethods'.used:          1563.750 KiB
                 mempool.CodeHeap 'non-profiled nmethods'.used: 3160.875 KiB
                 mempool.CodeHeap 'profiled nmethods'.used:     10751.875 KiB
                 mempool.Compressed Class Space.used:           3693.695 KiB
                 mempool.G1 Eden Space.used:                    627712.000 KiB
                 mempool.G1 Old Gen.used:                       18138.242 KiB
                 mempool.G1 Survivor Space.used:                200.047 KiB
                 mempool.Metaspace.used:                        31999.164 KiB
                 mempool.total.codeheap.used:                   15476.500 KiB
                 mempool.total.used:                            697219.648 KiB

Iteration   5: 1441.658 ops/s
                 gc.alloc.rate:                                 1816.536 MB/sec
                 gc.alloc.rate.norm:                            1367193.654 B/op
                 gc.count:                                      6.000 counts
                 gc.time:                                       13.000 ms
                 mempool.CodeHeap 'non-nmethods'.used:          1564.750 KiB
                 mempool.CodeHeap 'non-profiled nmethods'.used: 3176.625 KiB
                 mempool.CodeHeap 'profiled nmethods'.used:     10763.500 KiB
                 mempool.Compressed Class Space.used:           3694.203 KiB
                 mempool.G1 Eden Space.used:                    627712.000 KiB
                 mempool.G1 Old Gen.used:                       18149.711 KiB
                 mempool.G1 Survivor Space.used:                214.016 KiB
                 mempool.Metaspace.used:                        32008.859 KiB
                 mempool.total.codeheap.used:                   15504.875 KiB
                 mempool.total.used:                            697283.664 KiB



Result "io.github.lemon_ant.jharmonizer.printerlab.PrinterBenchmark.serialize":
  1292.533 ±(99.9%) 217.463 ops/s [Average]
  (min, avg, max) = (901.481, 1292.533, 1515.687), stdev = 203.415
  CI (99.9%): [1075.070, 1509.996] (assumes normal distribution)

Secondary result "io.github.lemon_ant.jharmonizer.printerlab.PrinterBenchmark.serialize:gc.alloc.rate":
  1642.766 ±(99.9%) 276.944 MB/sec [Average]
  (min, avg, max) = (1151.815, 1642.766, 1936.326), stdev = 259.054
  CI (99.9%): [1365.822, 1919.711] (assumes normal distribution)

Secondary result "io.github.lemon_ant.jharmonizer.printerlab.PrinterBenchmark.serialize:gc.alloc.rate.norm":
  1346641.924 ±(99.9%) 13609.820 B/op [Average]
  (min, avg, max) = (1340526.194, 1346641.924, 1378793.789), stdev = 12730.634
  CI (99.9%): [1333032.104, 1360251.743] (assumes normal distribution)

Secondary result "io.github.lemon_ant.jharmonizer.printerlab.PrinterBenchmark.serialize:gc.count":
  83.000 ±(99.9%) 0.001 counts [Sum]
  (min, avg, max) = (4.000, 5.533, 7.000), stdev = 0.834
  CI (99.9%): [83.000, 83.000] (assumes normal distribution)

Secondary result "io.github.lemon_ant.jharmonizer.printerlab.PrinterBenchmark.serialize:gc.time":
  262.000 ±(99.9%) 0.001 ms [Sum]
  (min, avg, max) = (8.000, 17.467, 49.000), stdev = 12.223
  CI (99.9%): [262.000, 262.000] (assumes normal distribution)

Secondary result "io.github.lemon_ant.jharmonizer.printerlab.PrinterBenchmark.serialize:mempool.CodeHeap 'non-nmethods'.used":
  1608.750 ±(99.9%) 0.001 KiB [Maximum]
  (min, avg, max) = (1549.125, 1574.000, 1608.750), stdev = 17.188
  CI (99.9%): [1608.750, 1608.750] (assumes normal distribution)

Secondary result "io.github.lemon_ant.jharmonizer.printerlab.PrinterBenchmark.serialize:mempool.CodeHeap 'non-profiled nmethods'.used":
  3176.625 ±(99.9%) 0.001 KiB [Maximum]
  (min, avg, max) = (2938.125, 3068.900, 3176.625), stdev = 72.836
  CI (99.9%): [3176.625, 3176.625] (assumes normal distribution)

Secondary result "io.github.lemon_ant.jharmonizer.printerlab.PrinterBenchmark.serialize:mempool.CodeHeap 'profiled nmethods'.used":
  10763.500 ±(99.9%) 0.001 KiB [Maximum]
  (min, avg, max) = (9812.625, 10255.917, 10763.500), stdev = 377.870
  CI (99.9%): [10763.500, 10763.500] (assumes normal distribution)

Secondary result "io.github.lemon_ant.jharmonizer.printerlab.PrinterBenchmark.serialize:mempool.Compressed Class Space.used":
  3775.719 ±(99.9%) 0.001 KiB [Maximum]
  (min, avg, max) = (3692.633, 3742.842, 3775.719), stdev = 36.629
  CI (99.9%): [3775.719, 3775.719] (assumes normal distribution)

Secondary result "io.github.lemon_ant.jharmonizer.printerlab.PrinterBenchmark.serialize:mempool.G1 Eden Space.used":
  627712.000 ±(99.9%) 0.001 KiB [Maximum]
  (min, avg, max) = (620544.000, 627165.867, 627712.000), stdev = 1850.770
  CI (99.9%): [627712.000, 627712.000] (assumes normal distribution)

Secondary result "io.github.lemon_ant.jharmonizer.printerlab.PrinterBenchmark.serialize:mempool.G1 Old Gen.used":
  18462.227 ±(99.9%) 0.001 KiB [Maximum]
  (min, avg, max) = (13019.953, 17875.579, 18462.227), stdev = 1353.752
  CI (99.9%): [18462.227, 18462.227] (assumes normal distribution)

Secondary result "io.github.lemon_ant.jharmonizer.printerlab.PrinterBenchmark.serialize:mempool.G1 Survivor Space.used":
  10451.031 ±(99.9%) 0.001 KiB [Maximum]
  (min, avg, max) = (168.047, 2520.488, 10451.031), stdev = 4140.154
  CI (99.9%): [10451.031, 10451.031] (assumes normal distribution)

Secondary result "io.github.lemon_ant.jharmonizer.printerlab.PrinterBenchmark.serialize:mempool.Metaspace.used":
  32080.094 ±(99.9%) 0.001 KiB [Maximum]
  (min, avg, max) = (31977.023, 32036.140, 32080.094), stdev = 34.110
  CI (99.9%): [32080.094, 32080.094] (assumes normal distribution)

Secondary result "io.github.lemon_ant.jharmonizer.printerlab.PrinterBenchmark.serialize:mempool.total.codeheap.used":
  15504.875 ±(99.9%) 0.001 KiB [Maximum]
  (min, avg, max) = (14323.875, 14898.817, 15504.875), stdev = 429.057
  CI (99.9%): [15504.875, 15504.875] (assumes normal distribution)

Secondary result "io.github.lemon_ant.jharmonizer.printerlab.PrinterBenchmark.serialize:mempool.total.used":
  706489.883 ±(99.9%) 0.001 KiB [Maximum]
  (min, avg, max) = (694740.828, 698239.732, 706489.883), stdev = 3425.421
  CI (99.9%): [706489.883, 706489.883] (assumes normal distribution)


# Run complete. Total time: 00:05:00

REMEMBER: The numbers below are just data. To gain reusable insights, you need to follow up on
why the numbers are the way they are. Use profilers (see -prof, -lprof), design factorial
experiments, perform baseline and negative tests that provide experimental control, make sure
the benchmarking environment is safe on JVM/OS/HW level, ask for reviews from the domain experts.
Do not assume the numbers tell you what you want them to tell.

NOTE: Current JVM experimentally supports Compiler Blackholes, and they are in use. Please exercise
extra caution when trusting the results, look into the generated code to check the benchmark still
works, and factor in a small probability of new VM bugs. Additionally, while comparisons between
different JVMs are already problematic, the performance difference caused by different Blackhole
modes can be very significant. Please make sure you use the consistent Blackhole mode for comparisons.

Benchmark                                                                 (workload)   Mode  Cnt        Score       Error   Units
PrinterBenchmark.serialize                                                  fixtures  thrpt   15     2448.616 ±   766.119   ops/s
PrinterBenchmark.serialize:gc.alloc.rate                                    fixtures  thrpt   15     1209.156 ±   374.152  MB/sec
PrinterBenchmark.serialize:gc.alloc.rate.norm                               fixtures  thrpt   15   521232.894 ±  2023.429    B/op
PrinterBenchmark.serialize:gc.count                                         fixtures  thrpt   15       61.000              counts
PrinterBenchmark.serialize:gc.time                                          fixtures  thrpt   15      367.000                  ms
PrinterBenchmark.serialize:mempool.CodeHeap 'non-nmethods'.used             fixtures  thrpt   15     1663.000                 KiB
PrinterBenchmark.serialize:mempool.CodeHeap 'non-profiled nmethods'.used    fixtures  thrpt   15     5285.625                 KiB
PrinterBenchmark.serialize:mempool.CodeHeap 'profiled nmethods'.used        fixtures  thrpt   15    14150.125                 KiB
PrinterBenchmark.serialize:mempool.Compressed Class Space.used              fixtures  thrpt   15     4358.891                 KiB
PrinterBenchmark.serialize:mempool.G1 Eden Space.used                       fixtures  thrpt   15   627712.000                 KiB
PrinterBenchmark.serialize:mempool.G1 Old Gen.used                          fixtures  thrpt   15    18426.891                 KiB
PrinterBenchmark.serialize:mempool.G1 Survivor Space.used                   fixtures  thrpt   15    10453.914                 KiB
PrinterBenchmark.serialize:mempool.Metaspace.used                           fixtures  thrpt   15    35071.844                 KiB
PrinterBenchmark.serialize:mempool.total.codeheap.used                      fixtures  thrpt   15    21021.375                 KiB
PrinterBenchmark.serialize:mempool.total.used                               fixtures  thrpt   15   713948.852                 KiB
PrinterBenchmark.serialize                                                   flat128  thrpt   15    13950.337 ±  2407.465   ops/s
PrinterBenchmark.serialize:gc.alloc.rate                                     flat128  thrpt   15     1776.962 ±   305.057  MB/sec
PrinterBenchmark.serialize:gc.alloc.rate.norm                                flat128  thrpt   15   133918.965 ±   100.259    B/op
PrinterBenchmark.serialize:gc.count                                          flat128  thrpt   15       88.000              counts
PrinterBenchmark.serialize:gc.time                                           flat128  thrpt   15      333.000                  ms
PrinterBenchmark.serialize:mempool.CodeHeap 'non-nmethods'.used              flat128  thrpt   15     1564.125                 KiB
PrinterBenchmark.serialize:mempool.CodeHeap 'non-profiled nmethods'.used     flat128  thrpt   15     2909.375                 KiB
PrinterBenchmark.serialize:mempool.CodeHeap 'profiled nmethods'.used         flat128  thrpt   15     8372.375                 KiB
PrinterBenchmark.serialize:mempool.Compressed Class Space.used               flat128  thrpt   15     3794.797                 KiB
PrinterBenchmark.serialize:mempool.G1 Eden Space.used                        flat128  thrpt   15   627712.000                 KiB
PrinterBenchmark.serialize:mempool.G1 Old Gen.used                           flat128  thrpt   15    15745.813                 KiB
PrinterBenchmark.serialize:mempool.G1 Survivor Space.used                    flat128  thrpt   15     7957.336                 KiB
PrinterBenchmark.serialize:mempool.Metaspace.used                            flat128  thrpt   15    31567.977                 KiB
PrinterBenchmark.serialize:mempool.total.codeheap.used                       flat128  thrpt   15    12829.500                 KiB
PrinterBenchmark.serialize:mempool.total.used                                flat128  thrpt   15   698529.656                 KiB
PrinterBenchmark.serialize                                                  flat1024  thrpt   15     1654.557 ±   190.736   ops/s
PrinterBenchmark.serialize:gc.alloc.rate                                    flat1024  thrpt   15     1637.927 ±   200.883  MB/sec
PrinterBenchmark.serialize:gc.alloc.rate.norm                               flat1024  thrpt   15  1044415.605 ± 11130.214    B/op
PrinterBenchmark.serialize:gc.count                                         flat1024  thrpt   15       82.000              counts
PrinterBenchmark.serialize:gc.time                                          flat1024  thrpt   15      193.000                  ms
PrinterBenchmark.serialize:mempool.CodeHeap 'non-nmethods'.used             flat1024  thrpt   15     1595.625                 KiB
PrinterBenchmark.serialize:mempool.CodeHeap 'non-profiled nmethods'.used    flat1024  thrpt   15     3487.875                 KiB
PrinterBenchmark.serialize:mempool.CodeHeap 'profiled nmethods'.used        flat1024  thrpt   15    10091.125                 KiB
PrinterBenchmark.serialize:mempool.Compressed Class Space.used              flat1024  thrpt   15     3775.602                 KiB
PrinterBenchmark.serialize:mempool.G1 Eden Space.used                       flat1024  thrpt   15   627712.000                 KiB
PrinterBenchmark.serialize:mempool.G1 Old Gen.used                          flat1024  thrpt   15    20147.594                 KiB
PrinterBenchmark.serialize:mempool.G1 Survivor Space.used                   flat1024  thrpt   15     2447.938                 KiB
PrinterBenchmark.serialize:mempool.Metaspace.used                           flat1024  thrpt   15    31892.547                 KiB
PrinterBenchmark.serialize:mempool.total.codeheap.used                      flat1024  thrpt   15    15100.250                 KiB
PrinterBenchmark.serialize:mempool.total.used                               flat1024  thrpt   15   700737.328                 KiB
PrinterBenchmark.serialize                                                 nested128  thrpt   15     1292.533 ±   217.463   ops/s
PrinterBenchmark.serialize:gc.alloc.rate                                   nested128  thrpt   15     1642.766 ±   276.944  MB/sec
PrinterBenchmark.serialize:gc.alloc.rate.norm                              nested128  thrpt   15  1346641.924 ± 13609.820    B/op
PrinterBenchmark.serialize:gc.count                                        nested128  thrpt   15       83.000              counts
PrinterBenchmark.serialize:gc.time                                         nested128  thrpt   15      262.000                  ms
PrinterBenchmark.serialize:mempool.CodeHeap 'non-nmethods'.used            nested128  thrpt   15     1608.750                 KiB
PrinterBenchmark.serialize:mempool.CodeHeap 'non-profiled nmethods'.used   nested128  thrpt   15     3176.625                 KiB
PrinterBenchmark.serialize:mempool.CodeHeap 'profiled nmethods'.used       nested128  thrpt   15    10763.500                 KiB
PrinterBenchmark.serialize:mempool.Compressed Class Space.used             nested128  thrpt   15     3775.719                 KiB
PrinterBenchmark.serialize:mempool.G1 Eden Space.used                      nested128  thrpt   15   627712.000                 KiB
PrinterBenchmark.serialize:mempool.G1 Old Gen.used                         nested128  thrpt   15    18462.227                 KiB
PrinterBenchmark.serialize:mempool.G1 Survivor Space.used                  nested128  thrpt   15    10451.031                 KiB
PrinterBenchmark.serialize:mempool.Metaspace.used                          nested128  thrpt   15    32080.094                 KiB
PrinterBenchmark.serialize:mempool.total.codeheap.used                     nested128  thrpt   15    15504.875                 KiB
PrinterBenchmark.serialize:mempool.total.used                              nested128  thrpt   15   706489.883                 KiB

Benchmark result is saved to W:\JHarmonizer\core\printer-lab\target\baseline-final-run\throughput-t4.raw.json
